date,MSFT,AAPL,SLB
2010-01-04,24.4436,26.6813,52.942
2010-01-05,24.4515,26.7275,53.0918
2010-01-06,24.3015,26.3023,54.2752
2010-01-07,24.0487,26.2537,54.8353
2010-01-08,24.2146,26.4282,55.7346
2010-01-11,23.9066,26.1951,55.7346
2010-01-12,23.7486,25.8971,54.8984
2010-01-13,23.9698,26.2624,55.8924
2010-01-14,24.4515,26.1103,56.2395
2010-01-15,24.3725,25.674,55.8766
2010-01-19,24.5621,26.8097,55.9555
2010-01-20,24.1593,26.3971,54.5039
2010-01-21,23.7012,25.9408,53.8886
2010-01-22,22.872,24.6541,51.4667
2010-01-25,23.1563,25.3174,51.9164
2010-01-26,23.2984,25.6752,51.8691
2010-01-27,23.4327,25.9171,51.8296
2010-01-28,23.0299,24.8461,50.9855
2010-01-29,22.2559,23.9448,50.0625
2010-02-01,22.4376,24.2776,51.1117
2010-02-02,22.4771,24.4185,52.161
2010-02-03,22.6113,24.8387,52.0584
2010-02-04,21.9874,23.9435,49.3052
2010-02-05,22.1296,24.3686,48.9581
2010-02-08,21.8926,24.2016,49.0054
2010-02-09,22.1217,24.4597,50.2992
2010-02-10,22.1059,24.3263,50.2124
2010-02-11,22.2086,24.7688,51.0881
2010-02-12,22.0585,24.982,50.8902
2010-02-16,22.4949,25.3586,51.9587
2010-02-17,22.6853,25.2526,51.7846
2010-02-18,22.9868,25.3,52.0853
2010-02-19,22.8282,25.1429,50.5736
2010-02-22,22.7964,24.987,48.7296
2010-02-23,22.479,24.5681,48.1834
2010-02-24,22.7171,25.0169,48.2072
2010-02-25,22.6933,25.184,48.1281
2010-02-26,22.7488,25.5107,48.3576
2010-03-01,23.0265,26.0555,48.6108
2010-03-02,22.5822,26.038,49.711
2010-03-03,22.5822,26.0979,50.0434
2010-03-04,22.7171,26.2699,49.7664
2010-03-05,22.6853,27.2972,50.5024
2010-03-08,22.7171,27.3134,51.0327
2010-03-09,22.852,27.8046,50.7319
2010-03-10,22.9868,28.0315,50.8111
2010-03-11,23.1535,28.1138,50.5736
2010-03-12,23.2249,28.251,51.0802
2010-03-15,23.2408,27.9069,50.8981
2010-03-16,23.3042,27.9829,51.8558
2010-03-17,23.5105,27.9418,52.7105
2010-03-18,23.4947,28.0079,51.6421
2010-03-19,23.4788,27.7086,50.906
2010-03-22,23.4867,28.0203,50.2491
2010-03-23,23.7089,28.4704,49.8851
2010-03-24,23.5264,28.5963,49.2361
2010-03-25,23.8121,28.2572,48.0885
2010-03-26,23.5343,28.7871,48.8087
2010-03-29,23.4788,28.9728,49.9167
2010-03-30,23.6216,29.4042,49.9009
2010-03-31,23.2408,29.2982,50.2254
2010-04-01,23.1376,29.4192,51.1039
2010-04-05,23.2249,29.7333,52.0536
2010-04-06,23.2646,29.8643,52.8609
2010-04-07,23.2884,29.9964,52.2673
2010-04-08,23.7406,29.9154,52.7264
2010-04-09,24.0739,30.1448,52.6551
2010-04-12,24.058,30.2071,52.481
2010-04-13,24.1612,30.2246,51.8479
2010-04-14,24.4548,30.631,53.1063
2010-04-15,24.4944,31.0337,53.1933
2010-04-16,24.3358,30.8442,52.0774
2010-04-19,24.6293,30.803,51.6342
2010-04-20,24.8832,30.4938,53.6999
2010-04-21,24.8594,32.3178,53.8344
2010-04-22,24.907,33.2217,53.961
2010-04-23,24.5659,33.7653,57.5226
2010-04-26,24.6849,33.5995,57.5305
2010-04-27,24.4786,32.6694,55.6468
2010-04-28,24.5262,32.6145,56.2008
2010-04-29,24.5976,33.4922,57.8945
2010-04-30,24.2326,32.551,56.5253
2010-05-03,24.4865,33.2067,56.4383
2010-05-04,23.9073,32.2505,54.5705
2010-05-05,23.6851,31.9151,53.2646
2010-05-06,22.9948,30.7008,51.7212
2010-05-07,22.3838,29.4055,49.7505
2010-05-10,22.963,31.6658,52.8926
2010-05-11,22.9154,31.9812,52.9005
2010-05-12,23.3598,32.6756,52.7501
2010-05-13,23.2011,32.2106,52.9796
2010-05-14,22.9551,31.6446,51.3492
2010-05-17,22.963,31.6945,50.7715
2010-05-18,22.7957,31.4626,50.447
2010-05-19,22.5087,30.9614,49.5368
2010-05-20,21.6081,29.6423,46.8696
2010-05-21,21.3929,30.2108,47.8827
2010-05-24,20.9385,30.7644,45.5875
2010-05-25,20.7791,30.5724,46.2681
2010-05-26,19.9342,30.434,46.4977
2010-05-27,20.7233,31.586,47.5028
2010-05-28,20.5639,32.0261,44.5959
2010-06-01,20.6357,32.5185,41.1013
2010-06-02,21.09,32.9075,44.723
2010-06-03,21.4088,32.804,44.9772
2010-06-04,20.556,31.9114,44.2703
2010-06-07,20.1574,31.2855,43.071
2010-06-08,20.014,31.0848,44.1273
2010-06-09,19.7589,30.3206,44.0559
2010-06-10,19.9263,31.2319,46.9945
2010-06-11,20.4523,31.6059,47.2407
2010-06-14,20.3248,31.7019,46.5894
2010-06-15,21.1856,32.3764,48.3447
2010-06-16,20.9784,33.3189,48.297
2010-06-17,21.0182,33.8949,48.7339
2010-06-18,21.074,34.1692,48.0747
2010-06-21,20.6835,33.683,47.9158
2010-06-22,20.54,34.1418,46.2718
2010-06-23,20.1734,33.7827,46.3274
2010-06-24,19.9263,33.5371,45.3822
2010-06-25,19.5517,33.2504,46.24
2010-06-28,19.3763,33.4499,45.5411
2010-06-29,18.5793,31.9376,43.7461
2010-06-30,18.3401,31.3591,43.9526
2010-07-01,18.4597,30.9788,43.8891
2010-07-02,18.5474,30.7868,43.6508
2010-07-06,18.9858,30.9975,44.1115
2010-07-07,19.3683,32.2493,45.6999
2010-07-08,19.456,32.1769,46.4941
2010-07-09,19.3444,32.3677,46.51
2010-07-12,19.7908,32.0772,46.2638
2010-07-13,20.0299,31.3927,46.5577
2010-07-14,20.277,31.5087,46.7721
2010-07-15,20.3328,31.3491,46.5974
2010-07-16,19.8386,31.1559,45.0169
2010-07-19,20.1096,30.6173,46.9786
2010-07-20,20.3089,31.404,48.4797
2010-07-21,20.0219,31.6969,47.3281
2010-07-22,20.5958,32.2929,48.6862
2010-07-23,20.5719,32.4076,47.1375
2010-07-26,20.803,32.3253,46.7403
2010-07-27,20.8509,32.9237,46.8039
2010-07-28,20.6835,32.5347,47.4393
2010-07-29,20.7472,32.1794,47.5028
2010-07-30,20.5719,32.0722,47.3837
2010-08-02,20.9864,32.6457,49.8299
2010-08-03,20.8509,32.6557,49.9252
2010-08-04,20.5081,32.7866,49.9728
2010-08-05,20.2212,32.627,50.2429
2010-08-06,20.3647,32.4263,49.5122
2010-08-09,20.4125,32.6332,49.8378
2010-08-10,19.9821,32.3415,49.3613
2010-08-11,19.8147,31.192,47.7014
2010-08-12,19.5198,31.3915,47.0978
2010-08-13,19.4481,31.0561,46.6689
2010-08-16,19.5278,30.8741,47.1534
2010-08-17,19.8002,31.4139,47.8999
2010-08-18,19.8883,31.5511,47.0024
2010-08-19,19.5838,31.1534,45.9223
2010-08-20,19.4156,31.1234,44.8421
2010-08-23,19.4556,30.6447,44.3338
2010-08-24,19.2633,29.9129,43.4999
2010-08-25,19.3114,30.2819,43.4363
2010-08-26,19.087,29.9565,42.4595
2010-08-27,19.1752,30.1236,44.2862
2010-08-30,18.9428,30.2333,43.186
2010-08-31,18.8066,30.3081,42.5163
2010-09-01,19.1511,31.2095,43.9912
2010-09-02,19.1832,31.4389,44.9798
2010-09-03,19.4637,32.2617,45.7371
2010-09-07,19.1992,32.142,45.5458
2010-09-08,19.1752,32.7791,46.5105
2010-09-09,19.2393,32.7978,46.6619
2010-09-10,19.1111,32.8402,47.2838
2010-09-13,20.1207,33.2928,47.9534
2010-09-14,20.0566,33.4199,46.917
2010-09-15,20.1287,33.6892,46.3909
2010-09-16,20.297,34.4809,46.3829
2010-09-17,20.2089,34.3313,46.3191
2010-09-20,20.3771,35.3112,46.9091
2010-09-21,20.1528,35.3786,47.2678
2010-09-22,19.7201,35.8747,47.0207
2010-09-23,19.5758,36.0206,46.3271
2010-09-24,19.8563,36.4445,48.3441
2010-09-27,19.8162,36.2999,47.7223
2010-09-28,19.7762,35.7638,48.0651
2010-09-29,19.6319,35.8274,49.0457
2010-09-30,19.6239,35.376,49.1174
2010-10-01,19.5358,35.2227,49.7711
2010-10-04,19.1592,34.739,48.7905
2010-10-05,19.5117,36.0231,50.1937
2010-10-06,19.5758,36.0543,50.3292
2010-10-07,19.656,36.058,50.2176
2010-10-08,19.688,36.6627,50.672
2010-10-11,19.704,36.8235,50.6242
2010-10-12,19.8964,37.22,49.9545
2010-10-13,20.305,37.4194,51.5171
2010-10-14,20.2169,37.69,51.2301
2010-10-15,20.4653,39.2397,51.4214
2010-10-18,20.6896,39.6461,51.4294
2010-10-19,20.1127,38.5851,50.3372
2010-10-20,20.281,38.7148,51.254
2010-10-21,20.3691,38.5889,51.2699
2010-10-22,20.3371,38.3333,54.0283
2010-10-25,20.1848,38.5041,54.6342
2010-10-26,20.7537,38.4056,55.0966
2010-10-27,20.8739,38.3782,55.2003
2010-10-28,21.0582,38.0553,55.6308
2010-10-29,21.3708,37.5242,55.7185
2010-11-01,21.5951,37.9231,55.9417
2010-11-02,21.9477,38.5689,56.9781
2010-11-03,21.6592,38.9978,57.5681
2010-11-04,21.7474,39.6798,60.4301
2010-11-05,21.515,39.5377,60.3185
2010-11-08,21.4829,39.7234,59.6648
2010-11-09,21.5951,39.4067,58.9313
2010-11-10,21.5871,39.6498,59.5133
2010-11-11,21.3788,39.4778,59.8083
2010-11-12,21.0502,38.4031,59.0828
2010-11-15,20.9941,38.2797,59.2343
2010-11-16,20.8087,37.6002,58.3414
2010-11-17,20.6152,37.4643,59.314
2010-11-18,20.8329,38.453,60.1909
2010-11-19,20.712,38.241,60.9324
2010-11-22,20.7442,39.0676,60.9085
2010-11-23,20.2524,38.4904,60.1431
2010-11-24,20.454,39.2472,61.5064
2010-11-26,20.3572,39.2721,60.5736
2010-11-29,20.4056,39.5052,61.5569
2010-11-30,20.3653,38.7921,61.8287
2010-12-01,20.9941,39.4466,64.6347
2010-12-02,21.6794,39.6648,64.5468
2010-12-03,21.7842,39.5763,66.1457
2010-12-06,21.6391,39.9142,66.2416
2010-12-07,21.6633,39.6723,64.7547
2010-12-08,21.9536,40.0214,64.6748
2010-12-09,21.8326,39.8655,64.9465
2010-12-10,22.0422,39.9653,65.1864
2010-12-13,21.9697,40.1037,65.8979
2010-12-14,22.268,39.9316,65.0185
2010-12-15,22.4534,39.9403,64.5308
2010-12-16,22.5663,40.0513,64.8586
2010-12-17,22.4937,39.9715,65.0265
2010-12-20,22.4212,40.171,65.698
2010-12-21,22.6308,40.4191,65.9059
2010-12-22,22.7275,40.5388,66.2017
2010-12-23,22.8162,40.3443,65.9698
2010-12-27,22.6308,40.4789,65.8899
2010-12-28,22.5824,40.5774,65.722
2010-12-29,22.5502,40.555,66.8572
2010-12-30,22.4534,40.3518,66.6413
2010-12-31,22.5018,40.2146,66.7533
2011-01-03,22.5582,41.0886,66.8732
2011-01-04,22.6469,41.303,65.2583
2011-01-05,22.5743,41.6409,66.0258
2011-01-06,23.2354,41.6072,64.379
2011-01-07,23.0581,41.9052,65.2024
2011-01-10,22.7517,42.6944,64.4988
2011-01-11,22.663,42.5934,65.762
2011-01-12,23.0178,42.94,67.5128
2011-01-13,22.7275,43.0971,67.6327
2011-01-14,22.8162,43.4462,69.4794
2011-01-18,23.1064,42.47,69.3595
2011-01-19,22.9533,42.2443,68.9597
2011-01-20,22.8565,41.4763,68.1763
2011-01-21,22.5905,40.7332,66.7373
2011-01-24,22.8807,42.071,67.3529
2011-01-25,22.9371,42.5635,66.5534
2011-01-26,23.2032,42.8689,69.9111
2011-01-27,23.2758,42.7891,68.7359
2011-01-28,22.3728,41.9027,69.2875
2011-01-31,22.3567,42.3042,71.1422
2011-02-01,22.5663,43.0161,71.6619
2011-02-02,22.526,42.9275,71.2142
2011-02-03,22.2922,42.8178,71.494
2011-02-04,22.3889,43.1993,71.414
2011-02-07,22.7356,43.87,71.8137
2011-02-08,22.8001,44.284,71.1982
2011-02-09,22.5502,44.653,70.7425
2011-02-10,22.1712,44.2017,72.4533
2011-02-11,21.9697,44.4897,72.2454
2011-02-14,21.9536,44.7802,73.945
2011-02-15,21.8643,44.8699,74.0251
2011-02-16,21.913,45.2726,75.3639
2011-02-17,22.0671,44.6704,75.6525
2011-02-18,21.9454,43.7055,76.1896
2011-02-22,21.5643,42.2156,74.4821
2011-02-23,21.5643,42.7156,74.4741
2011-02-24,21.7103,42.748,71.8686
2011-02-25,21.5318,43.4063,74.434
2011-02-28,21.5562,44.0359,74.8909
2011-03-01,21.2156,43.5496,73.3517
2011-03-02,21.1507,43.9,72.9429
2011-03-03,21.248,44.8275,74.434
2011-03-04,21.0452,44.8824,73.2716
2011-03-07,20.8587,44.3039,72.3497
2011-03-08,21.0128,44.3538,72.029
2011-03-09,20.9966,43.9436,70.9868
2011-03-10,20.6073,43.2205,67.8283
2011-03-11,20.8263,43.8838,69.135
2011-03-14,20.8344,44.0795,68.4296
2011-03-15,20.5911,43.0659,67.9806
2011-03-16,20.1045,41.1434,66.6178
2011-03-17,20.0964,41.7207,69.7843
2011-03-18,20.1126,41.2257,68.8865
2011-03-21,20.5424,42.3017,71.9328
2011-03-22,20.5181,42.5385,71.1632
2011-03-23,20.7127,42.2879,70.9468
2011-03-24,20.9317,43.0085,70.6261
2011-03-25,20.7776,43.8277,69.6561
2011-03-28,20.6073,43.6905,72.494
2011-03-29,20.6722,43.7553,75.6445
2011-03-30,20.7695,43.4649,75.0753
2011-03-31,20.5911,43.4499,74.7627
2011-04-01,20.6641,42.9574,75.1154
2011-04-04,20.7208,42.5373,74.3698
2011-04-05,20.9074,42.2505,74.45
2011-04-06,21.2074,42.1446,73.7045
2011-04-07,21.248,42.1496,73.4479
2011-04-08,21.1426,41.773,72.8306
2011-04-11,21.0696,41.2419,71.1873
2011-04-12,20.7938,41.4414,69.135
2011-04-13,20.7857,41.9064,68.7743
2011-04-14,20.6154,41.4439,68.9586
2011-04-15,20.5749,40.8255,69.4717
2011-04-18,20.3397,41.3728,67.9405
2011-04-19,20.3964,42.1221,69.0468
2011-04-20,20.8912,42.6894,70.4577
2011-04-21,20.6965,43.7229,71.9729
2011-04-25,20.7695,44.0109,70.586
2011-04-26,21.2399,43.688,71.7244
2011-04-27,21.394,43.6544,71.6522
2011-04-28,21.6616,43.2305,71.4358
2011-04-29,21.0209,43.6519,71.9488
2011-05-02,20.8101,43.1719,70.3776
2011-05-03,20.9317,43.4112,68.8224
2011-05-04,21.1344,43.5821,67.9726
2011-05-05,20.9155,43.2305,66.4093
2011-05-06,20.9804,43.2193,66.2651
2011-05-09,20.9479,43.3364,67.0106
2011-05-10,20.8182,43.5671,67.7321
2011-05-11,20.5668,43.2903,65.9364
2011-05-12,20.5343,43.208,66.9545
2011-05-13,20.2991,42.4513,66.3052
2011-05-16,19.9261,41.5536,65.8883
2011-05-17,20.0159,41.9077,65.7841
2011-05-18,20.1546,42.3727,67.1389
2011-05-19,20.1791,42.455,67.0026
2011-05-20,19.9914,41.793,66.9385
2011-05-23,19.7302,41.6908,65.8001
2011-05-24,19.7138,41.4152,66.7621
2011-05-25,19.7465,41.9875,67.4114
2011-05-26,20.1383,41.7656,68.2933
2011-05-27,20.2118,42.066,68.1084
2011-05-31,20.4159,43.3651,68.9204
2011-06-01,19.9424,43.0759,66.8862
2011-06-02,19.771,43.1494,67.7707
2011-06-03,19.5179,42.8178,68.3737
2011-06-06,19.5995,42.1446,66.7817
2011-06-07,19.6404,41.3965,66.637
2011-06-08,19.5424,41.4215,67.3204
2011-06-09,19.5587,41.328,69.0169
2011-06-10,19.3546,40.631,67.2641
2011-06-13,19.624,40.7183,66.4923
2011-06-14,19.771,41.4464,67.9395
2011-06-15,19.3791,40.737,66.4601
2011-06-16,19.5914,40.5388,66.1305
2011-06-17,19.8036,39.9279,65.7606
2011-06-20,19.9751,39.312,66.034
2011-06-21,20.2118,40.5562,67.1355
2011-06-22,20.122,40.2209,67.1998
2011-06-23,20.1057,41.2955,66.7897
2011-06-24,19.8363,40.6871,65.0611
2011-06-27,20.571,41.3965,64.836
2011-06-28,21.0607,41.798,67.8189
2011-06-29,20.9138,41.6459,68.5104
2011-06-30,21.224,41.8491,69.4671
2011-07-01,21.2403,42.7954,70.4319
2011-07-05,21.2485,43.5646,71.035
2011-07-06,21.4934,43.8551,71.646
2011-07-07,21.8526,44.5333,72.6832
2011-07-08,21.975,44.8462,72.3294
2011-07-11,21.7383,44.1343,70.8098
2011-07-12,21.6648,44.1032,69.8209
2011-07-13,21.7383,44.6355,69.9495
2011-07-14,21.6077,44.6044,69.0812
2011-07-15,21.8607,45.4958,70.7455
2011-07-18,21.7056,46.6029,70.1184
2011-07-19,22.4811,46.9831,71.3164
2011-07-20,22.0893,48.2361,71.0832
2011-07-21,22.1219,48.2847,73.1335
2011-07-22,22.4729,49.034,75.4249
2011-07-25,22.7831,49.6823,76.1405
2011-07-26,22.9219,50.2945,75.5214
2011-07-27,22.3097,48.9455,73.7123
2011-07-28,22.6281,48.8495,73.4872
2011-07-29,22.3668,48.6824,72.6591
2011-08-01,22.2607,49.4641,72.5304
2011-08-02,21.877,48.4867,70.448
2011-08-03,21.975,48.943,70.1023
2011-08-04,21.175,47.048,64.9566
2011-08-05,20.9628,46.5804,65.0289
2011-08-08,19.9832,44.0359,59.232
2011-08-09,20.8811,46.6291,62.4159
2011-08-10,19.7546,45.3424,59.3445
2011-08-11,20.5628,46.5904,62.3355
2011-08-12,20.4893,47.0006,62.7053
2011-08-15,20.824,47.801,64.3777
2011-08-16,20.824,47.4357,63.2199
2011-08-17,20.7419,47.4307,63.9355
2011-08-18,20.2654,45.6367,59.827
2011-08-19,19.7561,44.3874,58.7898
2011-08-22,19.6986,44.4385,58.2833
2011-08-23,20.3065,46.5779,61.2099
2011-08-24,20.4544,46.8996,61.2903
2011-08-25,20.1833,46.5929,58.7817
2011-08-26,20.7419,47.8222,60.1727
2011-08-29,21.2265,48.6189,62.1104
2011-08-30,21.5469,48.6213,62.3765
2011-08-31,21.8508,47.978,63.0138
2011-09-01,21.5305,47.5043,61.7071
2011-09-02,21.1937,46.6341,60.0293
2011-09-06,20.9554,47.3434,59.9486
2011-09-07,21.358,47.8658,61.941
2011-09-08,21.5387,47.892,60.8762
2011-09-09,21.1444,47.0617,57.9159
2011-09-12,21.2676,47.3684,58.3837
2011-09-13,21.3908,47.9519,58.1821
2011-09-14,21.7687,48.5353,58.8274
2011-09-15,22.1712,48.9916,59.8679
2011-09-16,22.278,49.9317,58.7548
2011-09-19,22.3519,51.3193,57.077
2011-09-20,22.163,51.5462,55.8913
2011-09-21,21.3497,51.3829,52.5518
2011-09-22,20.5858,50.0962,49.3818
2011-09-23,20.5858,50.4054,49.3656
2011-09-26,20.8979,50.2645,51.0354
2011-09-27,21.0869,49.7771,51.1564
2011-09-28,21.0129,49.4966,48.6639
2011-09-29,20.9062,48.6937,49.4705
2011-09-30,20.4461,47.5404,48.1799
2011-10-03,20.1504,46.7026,46.5586
2011-10-04,20.8158,46.4408,47.6798
2011-10-05,21.2676,47.1577,49.6722
2011-10-06,21.6373,47.048,51.5355
2011-10-07,21.5633,46.1042,50.5272
2011-10-10,22.1301,48.4742,53.0681
2011-10-11,22.1794,49.9055,53.8989
2011-10-12,22.1466,50.1424,54.2941
2011-10-13,22.3273,50.9203,54.2054
2011-10-14,22.4012,52.6121,57.2222
2011-10-17,22.163,52.3615,54.4635
2011-10-18,22.4341,52.6421,56.3914
2011-10-19,22.2862,49.6973,54.77
2011-10-20,22.2123,49.2846,54.8426
2011-10-21,22.3109,48.9804,54.3506
2011-10-24,22.3355,50.5887,56.3672
2011-10-25,22.0233,49.5913,54.8749
2011-10-26,21.8426,49.9441,56.3349
2011-10-27,22.3848,50.454,61.1182
2011-10-28,22.163,50.4865,61.2715
2011-10-31,21.8755,50.4653,59.263
2011-11-01,21.3497,49.4342,57.3755
2011-11-02,21.3662,49.5464,58.6741
2011-11-03,21.7933,50.2521,61.2473
2011-11-04,21.5633,49.8993,60.4729
2011-11-07,22.0151,49.8357,60.7633
2011-11-08,22.3109,50.646,61.9732
2011-11-09,21.5222,49.2809,58.9565
2011-11-10,21.588,48.0266,59.7308
2011-11-11,22.1055,47.9519,61.7393
2011-11-14,21.9823,47.2836,60.9972
2011-11-15,22.1312,48.4767,61.2795
2011-11-16,21.5767,47.9705,60.3116
2011-11-17,21.1381,47.053,57.8433
2011-11-18,20.9394,46.745,57.5287
2011-11-21,20.6911,46.0057,56.6092
2011-11-22,20.5173,46.9408,55.617
2011-11-23,20.2525,45.7539,53.6408
2011-11-25,20.1118,45.3275,53.5359
2011-11-28,20.5835,46.8921,55.8348
2011-11-29,20.5587,46.5281,57.0168
2011-11-30,21.1712,47.6501,60.9836
2011-12-01,20.9229,48.3645,60.6112
2011-12-02,20.8732,48.5852,60.7245
2011-12-05,21.2705,48.9979,62.4569
2011-12-06,21.2374,48.741,62.0522
2011-12-07,21.1877,48.5091,60.7893
2011-12-08,21.0222,48.7049,58.2473
2011-12-09,21.2705,49.0739,60.0283
2011-12-12,21.1132,48.852,58.223
2011-12-13,21.3202,48.4742,57.0006
2011-12-14,21.1795,47.3995,54.24
2011-12-15,21.1546,47.2437,53.6976
2011-12-16,21.5188,47.503,54.1671
2011-12-19,21.1298,47.6514,52.6775
2011-12-20,21.5436,49.3644,55.1872
2011-12-21,21.3202,49.4267,54.8148
2011-12-22,21.3615,49.6886,54.9929
2011-12-23,21.5436,50.2845,55.9724
2011-12-27,21.5519,50.6834,55.5353
2011-12-28,21.3698,50.1985,54.2724
2011-12-29,21.5353,50.5077,54.5719
2011-12-30,21.4857,50.4927,55.3005
2012-01-03,22.1561,51.2694,56.7415
2012-01-04,22.6775,51.5449,56.3124
2012-01-05,22.9092,52.1172,55.1062
2012-01-06,23.2651,52.662,54.8714
2012-01-09,22.9589,52.5785,55.7134
2012-01-10,23.0417,52.7667,57.2758
2012-01-11,22.9423,52.6807,56.7982
2012-01-12,23.1741,52.5361,56.4258
2012-01-13,23.381,52.3391,55.0415
2012-01-17,23.3893,52.9487,54.7581
2012-01-18,23.3644,53.4986,57.1787
2012-01-19,23.2734,53.329,58.984
2012-01-20,24.5893,52.4002,59.7449
2012-01-23,24.6059,53.2866,60.0364
2012-01-24,24.2831,52.4139,60.3845
2012-01-25,24.4652,55.6866,61.6798
2012-01-26,24.4155,55.4335,61.5098
2012-01-27,24.1921,55.7639,62.0603
2012-01-30,24.5066,56.4783,61.7445
2012-01-31,24.4404,56.9109,60.854
2012-02-01,24.7383,56.8747,61.6231
2012-02-02,24.788,56.7413,62.5865
2012-02-03,25.028,57.3098,63.6794
2012-02-06,24.9949,57.8447,64.4727
2012-02-07,25.119,58.4506,64.3594
2012-02-08,25.3756,59.4293,63.477
2012-02-09,25.4667,61.4852,63.6632
2012-02-10,25.2432,61.5163,62.4731
2012-02-13,25.3094,62.6608,63.1693
2012-02-14,25.2011,63.5161,62.9832
2012-02-15,25.0345,62.0462,62.6269
2012-02-16,26.0675,62.6122,63.1936
2012-02-17,26.0342,62.601,63.1571
2012-02-21,26.1925,64.1881,63.8395
2012-02-22,26.0509,63.9624,64.9931
2012-02-23,26.1342,64.38,64.66
2012-02-24,26.2258,65.1306,64.8713
2012-02-27,26.1175,65.5482,64.2701
2012-02-28,26.5507,66.7513,64.002
2012-02-29,26.4424,67.6278,63.0515
2012-03-01,26.9006,67.8809,63.6689
2012-03-02,26.7257,67.9694,62.7103
2012-03-05,26.4924,66.4708,61.4916
2012-03-06,26.2925,66.1093,59.948
2012-03-07,26.5257,66.1629,60.6873
2012-03-08,26.6673,67.5717,61.5972
2012-03-09,26.6507,67.9681,61.6135
2012-03-12,26.6923,68.8197,60.1349
2012-03-13,27.2172,70.8269,60.7442
2012-03-14,27.3005,73.5049,60.1349
2012-03-15,27.3671,73.0037,60.8661
2012-03-16,27.1589,73.005,62.3609
2012-03-19,26.8256,74.9411,62.6371
2012-03-20,26.6507,75.5471,61.5079
2012-03-21,26.584,75.1157,60.1268
2012-03-22,26.659,74.7217,58.4776
2012-03-23,26.6673,74.3115,59.4524
2012-03-26,27.1505,75.6742,58.8188
2012-03-27,27.0922,76.6093,56.8365
2012-03-28,26.8173,77.0007,56.6903
2012-03-29,26.759,76.0333,56.1703
2012-03-30,26.8756,74.7479,56.8121
2012-04-02,26.9006,77.1267,56.739
2012-04-03,26.609,78.4594,56.6496
2012-04-04,26.0009,77.8348,55.8047
2012-04-05,26.2591,79.003,55.5854
2012-04-09,25.9092,79.3209,54.9111
2012-04-10,25.3844,78.3497,54.643
2012-04-11,25.2844,78.0704,55.3417
2012-04-12,25.8093,77.6428,57.1452
2012-04-13,25.6676,75.456,55.5529
2012-04-16,25.8926,72.3267,54.7892
2012-04-17,26.1925,76.0133,56.3409
2012-04-18,25.9426,75.8438,56.8121
2012-04-19,25.8342,73.2381,56.7065
2012-04-20,27.0089,71.4353,58.2501
2012-04-23,26.759,71.2757,57.8358
2012-04-24,26.5924,69.852,59.0706
2012-04-25,26.8256,76.0507,60.4923
2012-04-26,26.7507,75.764,60.3218
2012-04-27,26.6424,75.178,60.078
2012-04-30,26.6757,72.8067,60.2324
2012-05-01,26.6673,72.5761,61.0367
2012-05-02,26.4924,73.0561,60.2567
2012-05-03,26.4591,72.5374,58.9894
2012-05-04,25.8093,70.4716,56.8365
2012-05-07,25.5343,70.999,57.3564
2012-05-08,25.4094,70.8369,57.1858
2012-05-09,25.626,70.9616,56.5765
2012-05-10,25.6093,71.1286,56.414
2012-05-11,25.9592,70.6536,55.8941
2012-05-14,25.5593,69.5951,54.6349
2012-05-15,25.3329,68.9656,53.2294
2012-05-16,25.073,68.0816,52.6525
2012-05-17,24.922,66.0918,52.6038
2012-05-18,24.5447,66.1242,52.0432
2012-05-21,24.9472,69.9766,54.2368
2012-05-22,24.9556,69.4393,53.9443
2012-05-23,24.4105,71.1336,54.578
2012-05-24,24.377,70.4803,53.4975
2012-05-25,24.3686,70.1026,53.14
2012-05-29,24.7879,71.3468,54.6267
2012-05-30,24.6034,72.207,52.3549
2012-05-31,24.4776,72.0275,51.5962
2012-06-01,23.8571,69.9405,50.6336
2012-06-04,23.9409,70.3519,50.7478
2012-06-05,23.9074,70.1699,50.7723
2012-06-06,24.6118,71.2458,52.6893
2012-06-07,24.5111,71.2782,52.5588
2012-06-08,24.8633,72.3504,52.6485
2012-06-11,24.2344,71.2096,52.2651
2012-06-12,24.5614,71.8318,52.9667
2012-06-13,24.4273,71.3331,52.1672
2012-06-14,24.6034,71.2545,53.3338
2012-06-15,25.1736,71.5787,54.2148
2012-06-18,25.0227,73.0311,54.28
2012-06-19,25.7438,73.2344,54.7776
2012-06-20,25.9367,73.0261,53.4643
2012-06-21,25.2742,72.0201,51.0333
2012-06-22,25.7438,72.5723,50.2176
2012-06-25,25.0478,71.1598,48.994
2012-06-26,25.1736,71.3169,48.6758
2012-06-27,25.2994,71.6248,50.1442
2012-06-28,25.0814,70.9453,51.1639
2012-06-29,25.6516,72.8092,52.9504
2012-07-02,25.6264,73.8714,52.9748
2012-07-03,25.7941,74.7304,54.9326
2012-07-05,25.7438,76.0432,53.9211
2012-07-06,25.3161,75.5371,53.1624
2012-07-09,25.1568,76.5357,53.6927
2012-07-10,24.9388,75.8276,52.9993
2012-07-11,24.5698,75.3563,53.5622
2012-07-12,24.008,74.6668,53.3419
2012-07-13,24.6453,75.4236,54.4269
2012-07-16,24.6872,75.6655,54.0842
2012-07-17,24.8717,75.6692,55.2997
2012-07-18,25.5342,75.5844,56.091
2012-07-19,25.7187,76.5893,55.9931
2012-07-20,25.2574,75.3401,56.556
2012-07-23,24.5531,75.2815,56.7354
2012-07-24,24.444,74.9187,55.4221
2012-07-25,24.1757,71.6834,55.6749
2012-07-26,24.4524,71.6722,58.1712
2012-07-27,24.9556,72.9538,59.5172
2012-07-30,24.8549,74.1844,59.1745
2012-07-31,24.7124,76.1455,58.1304
2012-08-01,24.6621,75.653,58.473
2012-08-02,24.4776,75.7752,57.7796
2012-08-03,24.9472,76.7614,59.0522
2012-08-06,25.1149,77.6154,59.0603
2012-08-07,25.3749,77.4109,60.0474
2012-08-08,25.4335,77.28,60.0882
2012-08-09,25.5761,77.7207,60.6347
2012-08-10,25.509,77.8422,61.4668
2012-08-13,25.4839,78.8814,61.3444
2012-08-14,25.4332,79.093,60.7489
2012-08-15,25.4923,78.9853,60.2595
2012-08-16,25.9819,79.6753,61.1649
2012-08-17,26.0832,81.1489,61.0018
2012-08-20,25.9481,83.2825,60.6429
2012-08-21,25.9988,82.1443,60.651
2012-08-22,25.7793,83.7483,61.0345
2012-08-23,25.543,82.967,60.5205
2012-08-24,25.7962,83.0409,60.8468
2012-08-27,25.9059,84.6009,61.0589
2012-08-28,25.8553,84.4908,60.6755
2012-08-29,25.8721,84.3242,59.738
2012-08-30,25.5936,83.1222,58.8463
2012-08-31,26.0157,83.2938,59.4873
2012-09-04,25.6527,84.5121,58.6983
2012-09-05,25.6527,83.9186,58.5586
2012-09-06,26.463,84.6748,59.5531
2012-09-07,26.1254,85.1969,60.1366
2012-09-10,25.9312,82.9807,59.7421
2012-09-11,25.9903,82.7115,60.5393
2012-09-12,25.9819,83.8635,61.0818
2012-09-13,26.1169,85.515,62.1913
2012-09-14,26.3449,86.5542,63.7776
2012-09-17,26.3449,87.6185,63.3994
2012-09-18,26.3195,87.8852,62.6515
2012-09-19,26.2098,87.909,61.4023
2012-09-20,26.5474,87.4832,61.8297
2012-09-21,26.328,87.6573,61.6571
2012-09-24,25.9819,86.4929,61.0325
2012-09-25,25.6527,84.333,59.7421
2012-09-26,25.467,83.2863,59.2161
2012-09-27,25.4585,85.3071,60.1942
2012-09-28,25.1209,83.5267,59.4462
2012-10-01,24.893,82.5613,59.6517
2012-10-02,25.0365,82.8017,59.3887
2012-10-03,25.2053,84.0713,58.5093
2012-10-04,25.3488,83.4891,58.9038
2012-10-05,25.1969,81.7099,58.7559
2012-10-08,25.1378,79.9044,58.8545
2012-10-09,24.7157,79.6139,58.9531
2012-10-10,24.4625,80.2475,58.4189
2012-10-11,24.4372,78.6435,59.5202
2012-10-12,24.6482,78.8451,59.3312
2012-10-15,24.9099,79.4774,59.7997
2012-10-16,24.893,81.3593,60.4243
2012-10-17,24.9774,80.7107,61.2708
2012-10-18,24.9014,79.2119,61.4763
2012-10-19,24.1755,76.3572,60.8188
2012-10-22,23.6352,79.386,60.1284
2012-10-23,23.6775,76.798,58.5669
2012-10-24,23.5508,77.2324,57.6052
2012-10-25,23.534,76.3196,58.1395
2012-10-26,23.8125,75.626,57.6135
2012-10-31,24.0911,74.5392,57.145
2012-11-01,24.9183,74.692,57.6546
2012-11-02,24.9014,72.2203,56.5204
2012-11-05,25.0112,73.1994,57.4902
2012-11-06,25.2053,72.9778,58.4764
2012-11-07,24.5469,70.1855,57.6381
2012-11-08,24.319,67.6384,55.6985
2012-11-09,24.3359,68.8095,56.1916
2012-11-12,23.8209,68.2774,56.282
2012-11-13,23.055,68.2862,56.7669
2012-11-14,22.8422,67.529,55.7478
2012-11-15,22.6891,66.1127,56.8409
2012-11-16,22.5699,66.3718,56.0683
2012-11-19,22.7486,71.1578,58.0984
2012-11-20,22.7316,70.5515,57.5477
2012-11-21,22.9359,70.6509,57.7039
2012-11-23,23.5741,71.8835,58.5011
2012-11-26,23.3103,74.1514,57.8847
2012-11-27,23.0465,73.5539,57.4244
2012-11-28,23.2848,73.3225,58.1312
2012-11-29,22.9359,74.13,58.2509
2012-11-30,22.655,73.6168,59.0925
2012-12-03,22.4933,73.7313,58.5974
2012-12-04,22.4422,72.4307,58.7624
2012-12-05,22.6976,67.7693,58.8449
2012-12-06,22.7486,68.8321,58.9935
2012-12-07,22.5188,67.0724,59.2657
2012-12-10,22.9273,66.641,59.406
2012-12-11,23.2507,68.0963,59.901
2012-12-12,23.1827,67.7957,60.0578
2012-12-13,23.072,66.6247,59.868
2012-12-14,22.8167,64.1216,56.8565
2012-12-17,23.0635,65.2587,57.4918
2012-12-18,23.455,67.1542,58.8697
2012-12-19,23.2422,66.1995,58.3004
2012-12-20,23.5571,65.6234,58.6634
2012-12-21,23.3614,65.3216,57.5001
2012-12-24,23.0295,65.4272,57.1618
2012-12-26,22.8593,64.5254,57.0133
2012-12-27,22.9444,64.7845,57.071
2012-12-28,22.5954,64.0965,56.0727
2012-12-31,22.7316,66.9366,57.1783
2013-01-02,23.5061,69.0573,58.911
2013-01-03,23.1912,68.1856,58.5149
2013-01-04,22.7571,66.2863,59.4142
2013-01-07,22.7146,65.8964,59.5792
2013-01-08,22.5954,66.0737,59.8268
2013-01-09,22.7231,65.0411,59.571
2013-01-10,22.5188,65.8473,60.4374
2013-01-11,22.8337,65.4436,60.8499
2013-01-14,22.8848,63.1103,60.0413
2013-01-15,23.1571,61.1192,59.8928
2013-01-16,23.0124,63.6562,60.4126
2013-01-17,23.1912,63.2273,60.5364
2013-01-18,23.1912,62.8902,63.1189
2013-01-22,23.1061,63.4902,64.3565
2013-01-23,23.4976,64.6524,64.4968
2013-01-24,23.5146,56.6641,64.373
2013-01-25,23.7273,55.3283,65.6024
2013-01-28,23.7529,56.5798,65.4126
2013-01-29,23.838,57.6414,65.9654
2013-01-30,23.7018,57.4603,64.8515
2013-01-31,23.3614,57.2917,64.3977
2013-02-01,23.7699,57.0565,65.7591
2013-02-04,23.3529,55.6352,65.5529
2013-02-05,23.4039,57.5873,66.1387
2013-02-06,23.2678,57.5257,64.9588
2013-02-07,23.2167,59.2362,64.3565
2013-02-08,23.4465,60.0914,65.2393
2013-02-11,23.7103,60.7176,64.2987
2013-02-12,23.7273,59.1957,64.7938
2013-02-13,23.855,59.0831,64.8763
2013-02-14,23.8635,59.0299,67.2938
2013-02-15,23.838,58.2165,66.2854
2013-02-19,24.0697,58.195,66.2523
2013-02-20,23.9152,56.7856,65.043
2013-02-21,23.5891,56.4326,64.1319
2013-02-22,23.8208,57.0336,64.4301
2013-02-25,23.4862,56.0202,62.8067
2013-02-26,23.4862,56.8008,63.2208
2013-02-27,23.8637,56.2441,64.5212
2013-02-28,23.8551,55.8431,64.4798
2013-03-01,23.9839,54.4603,64.3059
2013-03-04,24.1555,53.142,63.3616
2013-03-05,24.3271,54.5451,63.7344
2013-03-06,24.104,53.8517,63.9083
2013-03-07,24.1469,54.4742,64.4549
2013-03-08,24.0268,54.6184,64.5709
2013-03-11,23.9152,55.3965,64.4218
2013-03-12,23.9495,54.2022,64.1402
2013-03-13,23.9581,54.1921,64.0988
2013-03-14,24.1469,54.7171,65.2252
2013-03-15,24.0611,56.129,65.7636
2013-03-18,24.1126,57.6548,63.2291
2013-03-19,24.1812,57.4991,61.2744
2013-03-20,24.3013,57.1942,61.1171
2013-03-21,24.1211,57.2765,60.8272
2013-03-22,24.2413,58.4379,61.5975
2013-03-25,24.164,58.6491,61.175
2013-03-26,24.164,58.3404,61.6389
2013-03-27,24.3442,57.1942,62.2021
2013-03-28,24.5502,56.0025,62.0281
2013-04-01,24.5502,54.2629,61.3076
2013-04-02,24.7132,54.3742,61.9619
2013-04-03,24.5073,54.6526,61.2993
2013-04-04,24.5416,54.1124,61.2413
2013-04-05,24.6274,53.5405,61.5809
2013-04-08,24.533,53.9213,62.0861
2013-04-09,25.4083,54.0187,62.4754
2013-04-10,25.9832,55.1207,63.7675
2013-04-11,24.8334,54.9486,63.8917
2013-04-12,24.7047,54.3755,62.6659
2013-04-15,24.6188,53.1167,59.5434
2013-04-16,24.8591,53.9251,60.7029
2013-04-17,24.739,50.9597,58.7814
2013-04-18,24.7047,49.5996,58.8062
2013-04-19,25.5456,49.4073,57.9366
2013-04-22,26.4552,50.4371,58.9967
2013-04-23,26.2578,51.3809,59.5848
2013-04-24,27.2532,51.2962,60.6035
2013-04-25,27.4077,51.6656,60.8272
2013-04-26,27.2789,52.7814,60.7444
2013-04-29,27.9826,54.416,61.3158
2013-04-30,28.4031,56.0176,61.6471
2013-05-01,28.077,55.5761,61.1171
2013-05-02,28.4545,56.3643,61.4981
2013-05-03,28.7377,56.9286,62.7156
2013-05-06,28.9608,58.2861,63.08
2013-05-07,28.5833,58.0267,63.6847
2013-05-08,28.3087,58.682,64.2644
2013-05-09,28.0255,58.1701,63.9828
2013-05-10,28.0512,57.6861,63.6267
2013-05-13,28.343,57.9116,63.8089
2013-05-14,28.9738,56.526,63.6598
2013-05-15,29.2503,54.6144,62.6825
2013-05-16,29.4491,55.3442,62.3429
2013-05-17,30.1317,55.1761,62.7322
2013-05-20,30.3132,56.4075,64.1236
2013-05-21,30.1144,55.9911,63.842
2013-05-22,29.907,56.2063,62.5996
2013-05-23,29.5095,56.3069,62.434
2013-05-24,29.6132,56.6903,61.8377
2013-05-28,30.2613,56.2178,62.4505
2013-05-29,30.1403,56.6648,62.1027
2013-05-30,30.27,57.5091,61.9619
2013-05-31,30.1576,57.2735,60.4876
2013-06-03,30.7539,57.3996,60.9305
2013-06-04,30.2354,57.22,60.5978
2013-06-05,30.0539,56.6852,60.0405
2013-06-06,30.2095,55.8383,60.9721
2013-06-07,30.823,56.2649,61.4962
2013-06-10,30.6502,55.8931,60.9721
2013-06-11,30.1058,55.7288,59.4249
2013-06-12,30.244,55.0398,59.0173
2013-06-13,30.0021,55.5199,60.2734
2013-06-14,29.7256,54.7673,59.5581
2013-06-17,30.244,55.0156,60.8057
2013-06-18,30.2268,54.9863,61.6875
2013-06-19,29.8897,53.8694,61.0553
2013-06-20,28.9392,53.0849,60.0072
2013-06-21,28.7491,52.6596,60.5812
2013-06-24,29.138,51.2638,59.2586
2013-06-25,29.0948,51.2753,59.9656
2013-06-26,29.6824,50.6946,59.7327
2013-06-27,29.9157,50.1482,59.8325
2013-06-28,29.8465,50.4985,59.6079
2013-07-01,29.691,52.1145,60.5396
2013-07-02,29.3281,53.2951,60.3982
2013-07-03,29.3886,53.5893,60.7309
2013-07-05,29.5614,53.1588,61.6293
2013-07-08,29.6651,52.857,62.2115
2013-07-09,29.6824,53.7867,63.6672
2013-07-10,29.9848,53.5804,63.3678
2013-07-11,30.8403,54.4158,63.7421
2013-07-12,30.823,54.3164,63.9167
2013-07-15,31.2551,54.4349,64.0665
2013-07-16,31.3415,54.7864,63.6506
2013-07-17,30.8835,54.8004,64.5573
2013-07-18,30.6243,54.985,65.2809
2013-07-19,27.1332,54.1178,68.8245
2013-07-22,27.6603,54.291,69.7145
2013-07-23,27.4962,53.3588,69.5149
2013-07-24,27.6171,56.0994,68.916
2013-07-25,27.1246,55.8434,68.6831
2013-07-26,27.3233,56.1605,68.1341
2013-07-29,27.2542,57.0265,67.5019
2013-07-30,27.5221,57.7307,67.7348
2013-07-31,27.5134,57.6301,67.6516
2013-08-01,27.3665,58.1586,69.4983
2013-08-02,27.5566,58.9049,68.9492
2013-08-05,27.3925,59.7849,68.9492
2013-08-06,27.2888,59.25,68.3919
2013-08-07,27.7035,59.2156,67.4187
2013-08-08,28.4208,59.0977,67.5684
2013-08-09,28.2566,58.2567,66.9529
2013-08-12,28.4035,59.9117,66.7532
2013-08-13,28.0467,62.7588,68.3919
2013-08-14,28.1511,63.9036,68.342
2013-08-15,27.6638,63.828,68.2006
2013-08-16,27.6725,64.3946,68.1424
2013-08-19,27.3157,65.0881,66.8863
2013-08-20,27.5159,64.233,67.0611
2013-08-21,27.5072,64.3984,66.5869
2013-08-22,28.1859,64.4753,68.3836
2013-08-23,30.2396,64.2266,67.9344
2013-08-26,29.7175,64.4766,68.1257
2013-08-27,28.943,62.6332,67.5185
2013-08-28,28.7342,62.9293,68.7746
2013-08-29,29.1954,63.0319,67.8762
2013-08-30,29.0648,62.4576,67.586
2013-09-03,27.7421,62.6319,68.8219
2013-09-04,27.1504,63.9279,69.1893
2013-09-05,27.1765,63.4895,70.3249
2013-09-06,27.1069,63.8677,71.0931
2013-09-09,27.5507,64.8868,72.187
2013-09-10,28.1859,63.4088,72.5627
2013-09-11,28.4905,59.9566,72.688
2013-09-12,28.447,60.595,72.2955
2013-09-13,28.7429,59.5963,72.4124
2013-09-16,28.5427,57.7017,72.6462
2013-09-17,28.6558,58.3683,73.2641
2013-09-18,28.9952,59.5682,74.2745
2013-09-19,29.2737,60.545,74.1409
2013-09-20,28.534,59.9181,73.0136
2013-09-23,28.4905,62.896,72.6796
2013-09-24,28.2381,62.6986,73.4061
2013-09-25,28.2904,61.7282,73.9572
2013-09-26,28.5166,62.3294,74.1743
2013-09-27,28.9517,61.8846,74.1659
2013-09-30,28.9604,61.1154,73.7818
2013-10-01,29.2215,62.5525,74.358
2013-10-02,29.5173,62.7575,75.026
2013-10-03,29.4651,61.9692,74.6837
2013-10-04,29.4825,61.9205,75.1596
2013-10-07,28.9778,62.5255,74.5584
2013-10-08,28.7255,61.6526,73.4395
2013-10-09,28.7777,62.3768,72.6796
2013-10-10,29.3781,62.7678,74.667
2013-10-11,29.7001,63.1742,75.168
2013-10-14,29.9785,63.5882,76.1282
2013-10-15,30.0134,63.9267,75.6022
2013-10-16,30.1439,64.2382,76.9716
2013-10-17,30.3875,64.6727,76.3453
2013-10-18,30.4224,65.2355,78.483
2013-10-21,30.4485,66.8341,78.0571
2013-10-22,30.0917,66.6431,78.8754
2013-10-23,29.3781,67.2955,77.5227
2013-10-24,29.3433,68.1865,77.5311
2013-10-25,31.0924,67.4237,77.5728
2013-10-28,30.9532,67.9262,77.5311
2013-10-29,30.9097,66.2341,78.4913
2013-10-30,30.9271,67.2879,78.3911
2013-10-31,30.8139,67.0058,78.2575
2013-11-01,30.9184,66.6636,77.6563
2013-11-04,31.2752,67.525,78.0822
2013-11-05,31.8843,67.3584,77.147
2013-11-06,33.2244,67.1675,77.8484
2013-11-07,32.6327,66.0806,76.863
2013-11-08,32.8763,67.1211,78.316
2013-11-11,32.711,66.9264,78.3828
2013-11-12,32.5108,67.0502,76.8129
2013-11-13,33.207,67.1301,77.7231
2013-11-14,33.0852,68.1011,77.9151
2013-11-15,32.9285,67.6923,77.6396
2013-11-18,32.3716,66.8723,76.838
2013-11-19,32.2138,66.9909,76.2201
2013-11-20,32.5119,66.4042,75.527
2013-11-21,32.7925,67.1959,75.9946
2013-11-22,32.9415,67.0231,77.4309
2013-11-25,33.0029,67.5312,74.9926
2013-11-26,32.7486,68.7767,74.7004
2013-11-27,32.9678,70.3962,73.4395
2013-11-29,33.4325,71.6998,73.8319
2013-12-02,33.7131,71.0757,73.4067
2013-12-03,33.5904,73.0214,73.4402
2013-12-04,34.1427,72.8512,73.1385
2013-12-05,33.3186,73.2252,72.7949
2013-12-06,33.6342,72.2091,73.8675
2013-12-09,33.9411,73.0356,73.767
2013-12-10,33.415,72.9221,72.9123
2013-12-11,32.9766,72.3819,72.1832
2013-12-12,32.6347,72.2762,72.8704
2013-12-13,32.1699,71.4883,72.376
2013-12-16,32.3453,71.8842,72.9039
2013-12-17,32.0209,71.5605,71.6804
2013-12-18,32.0735,71.0164,73.1217
2013-12-19,31.7841,70.2028,72.4597
2013-12-20,32.2664,70.7907,73.1301
2013-12-23,32.1086,73.5075,73.172
2013-12-24,32.5119,73.1955,74.0016
2013-12-26,32.8275,72.7094,74.9066
2013-12-27,32.696,72.2181,75.334
2013-12-30,32.696,71.4999,74.7223
2013-12-31,32.8013,72.338,75.51
2014-01-02,32.5821,71.3207,74.429
2014-01-03,32.3628,69.7541,74.0351
2014-01-06,31.6789,70.1344,73.7586
2014-01-07,31.9244,69.6329,73.3312
2014-01-08,31.3545,70.0739,72.8871
2014-01-09,31.1529,69.179,72.4681
2014-01-10,31.6,68.7174,73.8843
2014-01-13,30.6706,69.0771,73.2893
2014-01-14,31.3721,70.4517,74.4709
2014-01-15,32.2313,71.8661,74.4876
2014-01-16,32.3453,71.4651,74.253
2014-01-17,31.8981,69.7141,75.5938
2014-01-21,31.714,70.7972,76.3312
2014-01-22,31.5036,71.1118,76.4318
2014-01-23,31.6176,71.714,75.6357
2014-01-24,32.2752,70.4104,73.8675
2014-01-27,31.5913,70.9816,73.6664
2014-01-28,31.8017,65.3082,73.5407
2014-01-29,32.1436,64.5668,73.1553
2014-01-30,32.319,64.4417,74.4206
2014-01-31,33.1783,64.5475,73.3815
2014-02-03,31.9858,64.6674,72.2587
2014-02-04,31.8718,65.6035,73.0631
2014-02-05,31.4071,66.0935,72.2
2014-02-06,31.7228,66.4787,74.1692
2014-02-07,32.056,67.4087,74.9988
2014-02-10,32.2664,68.6164,74.6134
2014-02-11,32.5908,69.5204,75.7279
2014-02-12,32.8539,69.5153,75.4429
2014-02-13,32.9766,70.6191,75.6357
2014-02-14,32.9854,70.562,76.1323
2014-02-18,33.056,70.8215,76.2838
2014-02-19,33.1355,69.7033,76.1575
2014-02-20,33.3476,68.8965,76.6205
2014-02-21,33.5507,68.1312,75.8124
2014-02-24,33.2945,68.4296,78.043
2014-02-25,33.162,67.7174,77.9083
2014-02-26,33.1002,67.1065,77.7315
2014-02-27,33.4447,68.4451,77.9167
2014-02-28,33.8422,68.2596,78.2786
2014-03-03,33.3741,68.4568,76.8141
2014-03-04,33.9306,68.9082,77.8494
2014-03-05,33.6656,69.0535,77.4453
2014-03-06,33.7009,68.8446,78.0682
2014-03-07,33.4801,68.8044,78.2618
2014-03-10,33.4094,68.8667,78.1692
2014-03-11,33.5861,69.5373,77.3948
2014-03-12,33.8069,69.6047,76.7383
2014-03-13,33.4712,68.8317,75.9808
2014-03-14,33.3034,68.0586,74.9875
2014-03-17,33.6126,68.3245,75.5684
2014-03-18,34.9376,68.929,76.1744
2014-03-19,34.6903,68.9108,76.0565
2014-03-20,35.6267,68.5787,76.6878
2014-03-21,35.4765,69.1196,78.0009
2014-03-24,35.7769,69.9394,78.4722
2014-03-25,35.6355,70.6917,80.4334
2014-03-26,35.1497,70.016,80.324
2014-03-27,34.7698,69.715,81.2162
2014-03-28,35.6002,69.6372,82.1252
2014-03-31,36.2097,69.6216,82.0663
2014-04-01,36.5896,70.2585,82.4535
2014-04-02,36.5277,70.3753,82.2262
2014-04-03,36.2274,69.8875,82.5461
2014-04-04,35.2203,68.9834,82.5124
2014-04-07,35.1585,67.9003,82.1505
2014-04-08,35.1762,67.8964,82.8575
2014-04-09,35.7504,68.7889,83.3457
2014-04-10,34.7698,67.9017,81.9148
2014-04-11,34.6373,67.3996,81.7296
2014-04-14,34.6108,67.6681,82.8912
2014-04-15,35.1143,67.1856,84.2632
2014-04-16,35.6885,67.3218,84.9618
2014-04-17,35.344,68.091,84.0948
2014-04-21,35.2822,68.8991,85.6856
2014-04-22,35.3263,68.9679,85.8792
2014-04-23,35.0613,68.0664,86.0307
2014-04-24,35.2115,73.6466,85.6856
2014-04-25,35.2557,74.1875,85.6436
2014-04-28,36.1037,77.0606,85.2564
2014-04-29,35.7857,76.8323,85.3405
2014-04-30,35.6885,76.5418,85.4752
2014-05-01,35.3352,76.7221,84.8439
2014-05-02,35.0613,76.8647,85.0376
2014-05-05,34.8316,77.9517,85.0964
2014-05-06,34.5048,77.1021,85.0123
2014-05-07,34.8228,76.8323,85.753
2014-05-08,35.0171,76.6954,84.4063
2014-05-09,34.9288,76.3758,84.3558
2014-05-12,35.3087,77.3267,84.4147
2014-05-13,35.9581,77.448,84.381
2014-05-14,35.798,77.4623,84.7934
2014-05-15,35.2286,76.8036,83.7497
2014-05-16,35.4332,77.9371,83.8255
2014-05-19,35.362,78.8606,84.4147
2014-05-20,35.2998,78.8762,84.4989
2014-05-21,35.8958,79.085,85.5005
2014-05-22,35.6734,79.2102,85.5173
2014-05-23,35.6912,80.105,85.3405
2014-05-27,35.7535,81.605,85.9887
2014-05-28,35.5933,81.3937,85.7446
2014-05-29,35.8869,82.8767,87.4196
2014-05-30,36.4207,82.5663,87.5711
2014-06-02,36.2872,81.9989,87.7992
2014-06-03,35.8424,83.1584,87.7485
2014-06-04,35.8691,84.108,87.6387
2014-06-05,36.6609,84.4381,87.7992
2014-06-06,36.9011,84.2059,89.5567
2014-06-09,36.7142,85.5533,90.1735
2014-06-10,36.5719,86.0555,90.013
2014-06-11,36.3495,85.6994,90.0214
2014-06-12,36.1004,84.2659,89.844
2014-06-13,36.6787,83.3437,91.4663
2014-06-16,36.9189,84.1837,90.4524
2014-06-17,37.079,84.0741,89.6497
2014-06-18,37.0523,84.1654,90.4777
2014-06-19,36.9278,83.8733,90.9171
2014-06-20,37.079,83.0059,91.9564
2014-06-23,37.3548,82.9328,92.0155
2014-06-24,37.1413,82.4306,90.3932
2014-06-25,37.3904,82.5037,96.198
2014-06-26,37.1146,82.9967,98.1161
2014-06-27,37.5861,83.9828,99.5356
2014-06-30,37.0968,84.8502,99.6624
2014-07-01,37.248,85.3889,99.5779
2014-07-02,37.2747,85.3524,99.4765
2014-07-03,37.1857,85.8546,99.2821
2014-07-07,37.3548,87.6259,99.223
2014-07-08,37.1679,87.0598,98.6484
2014-07-09,37.0701,87.0963,98.8259
2014-07-10,37.0879,86.7768,97.5077
2014-07-11,37.4437,86.9411,96.9163
2014-07-14,37.4882,88.0642,97.964
2014-07-15,37.764,87.0324,96.7135
2014-07-16,39.2141,86.5394,97.9133
2014-07-17,39.6144,84.9963,96.8656
2014-07-18,39.7567,86.2198,94.9391
2014-07-21,39.8901,85.7724,95.5137
2014-07-22,39.8813,86.4846,95.8263
2014-07-23,39.9168,88.7399,94.7278
2014-07-24,39.4987,88.5938,95.5643
2014-07-25,39.5877,89.1781,94.449
2014-07-28,39.1162,90.4107,94.5419
2014-07-29,39.045,89.8264,93.8913
2014-07-30,38.7692,89.6164,93.1731
2014-07-31,38.3956,87.2881,91.5846
2014-08-01,38.1287,87.772,91.2128
2014-08-04,38.5824,87.279,92.6661
2014-08-05,38.3244,86.8498,90.4777
2014-08-06,38.022,86.7037,90.8917
2014-08-07,38.4579,86.6946,90.4185
2014-08-08,38.4312,86.9331,91.5761
2014-08-11,38.4312,88.0801,92.2774
2014-08-12,38.7159,88.0618,91.1452
2014-08-13,39.2141,89.2271,90.934
2014-08-14,39.3831,89.4657,89.4891
2014-08-15,39.8457,89.9062,90.013
2014-08-18,40.1304,90.9889,91.3734
2014-08-19,40.5779,92.246,92.4549
2014-08-20,40.2378,92.2827,92.8182
2014-08-21,40.4795,92.2919,92.4718
2014-08-22,40.4168,92.9709,92.1254
2014-08-25,40.4347,93.1728,93.1309
2014-08-26,40.2915,92.5764,93.8068
2014-08-27,40.1662,93.7142,93.8237
2014-08-28,40.1751,93.8243,93.0802
2014-08-29,40.6675,94.0537,92.9784
2014-09-02,40.3631,94.7878,91.6385
2014-09-03,40.2467,90.787,91.7318
2014-09-04,40.5153,90.0346,89.5863
2014-09-05,41.0971,90.8146,90.536
2014-09-08,41.5984,90.2548,88.611
2014-09-09,41.858,89.9153,88.1701
2014-09-10,41.9296,92.6773,88.4245
2014-09-11,42.0729,93.0719,88.5771
2014-09-12,41.8043,93.2829,86.686
2014-09-15,41.3925,93.2554,87.3899
2014-09-16,41.858,92.5488,89.0096
2014-09-17,41.6432,93.2095,87.6103
2014-09-18,41.7864,93.4022,88.5941
2014-09-19,42.5383,92.6406,87.5256
2014-09-22,42.1266,92.7323,86.262
2014-09-23,41.679,94.1822,86.5758
2014-09-24,42.1445,93.3655,86.5588
2014-09-25,41.2135,89.8052,85.6599
2014-09-26,41.5447,92.4479,87.7376
2014-09-29,41.5716,91.8606,87.5849
2014-09-30,41.5,92.4479,86.2365
2014-10-01,41.0882,91.0073,83.8281
2014-10-02,40.9629,91.6679,82.9207
2014-10-03,41.2583,91.411,83.0225
2014-10-06,41.2583,91.411,83.5822
2014-10-07,40.757,90.6127,83.3024
2014-10-08,41.8759,92.4938,83.4804
2014-10-09,41.0434,92.6957,80.4953
2014-10-10,39.4142,92.4296,78.9265
2014-10-13,39.0741,91.5854,77.1117
2014-10-14,39.1457,90.6127,75.4411
2014-10-15,38.6891,89.5024,75.6531
2014-10-16,38.2595,88.3279,76.8658
2014-10-17,39.0562,89.6217,79.6897
2014-10-20,39.459,91.5395,80.224
2014-10-21,40.1751,94.0262,82.8953
2014-10-22,39.7275,94.5033,81.4027
2014-10-23,40.3004,96.1917,83.3278
2014-10-24,41.2941,96.5495,82.4628
2014-10-27,41.0971,96.4486,79.3081
2014-10-28,41.6163,97.9443,81.8437
2014-10-29,41.7327,98.4949,82.607
2014-10-30,41.2225,98.1645,82.785
2014-10-31,42.0281,99.1005,83.667
2014-11-03,42.4667,100.3851,81.8522
2014-11-04,42.5831,99.651,79.8508
2014-11-05,42.8427,99.8896,81.954
2014-11-06,43.5946,100.1753,82.2423
2014-11-07,43.5768,100.461,83.7264
2014-11-10,43.7647,100.2951,83.3532
2014-11-11,43.7468,101.0969,83.4126
2014-11-12,43.6663,102.5253,82.6239
2014-11-13,44.4093,103.9722,80.436
2014-11-14,44.3824,105.2255,80.8346
2014-11-17,44.275,105.0504,81.0975
2014-11-18,43.9056,106.4144,80.8007
2014-11-19,43.4372,105.6771,80.5632
2014-11-20,43.8696,107.1885,81.53
2014-11-21,43.221,107.3359,82.997
2014-11-24,42.8697,109.3265,83.4889
2014-11-25,42.7616,108.3773,80.7328
2014-11-26,43.0138,109.6675,78.706
2014-11-28,43.0679,109.603,72.8885
2014-12-01,43.7975,106.0457,72.2836
2014-12-02,43.6534,105.6402,72.6073
2014-12-03,43.3111,106.8383,73.9194
2014-12-04,43.9957,106.4328,74.4903
2014-12-05,43.6174,105.9812,74.2602
2014-12-08,42.9688,103.5851,71.7468
2014-12-09,42.8697,105.1702,72.8203
2014-12-10,42.2481,103.1704,70.8607
2014-12-11,42.4914,102.8663,70.7244
2014-12-12,42.2932,101.1245,68.1599
2014-12-15,42.041,99.7422,68.0747
2014-12-16,40.6807,98.3782,68.3218
2014-12-17,41.2032,100.8296,70.6136
2014-12-18,42.8066,103.8155,71.7639
2014-12-19,42.9328,103.0138,74.5669
2014-12-22,43.221,104.0828,73.9109
2014-12-23,43.6444,103.7141,74.3965
2014-12-24,43.3652,103.2257,74.175
2014-12-26,43.1309,105.0504,74.2346
2014-12-29,42.7436,104.9767,74.4221
2014-12-30,42.3562,103.6957,73.6468
2014-12-31,41.8428,101.7235,72.7692
2015-01-02,42.122,100.7559,72.9907
2015-01-05,41.7347,97.9174,71.0141
2015-01-06,41.1221,97.9267,69.6253
2015-01-07,41.6446,99.2998,69.6168
2015-01-08,42.8697,103.1151,70.4603
2015-01-09,42.5094,103.2257,69.1993
2015-01-12,41.9779,100.6822,66.4985
2015-01-13,41.7617,101.5761,66.2685
2015-01-14,41.4014,101.189,66.7882
2015-01-15,40.969,98.4427,65.2887
2015-01-16,41.6536,97.6778,69.2931
2015-01-20,41.7887,100.1937,68.5688
2015-01-21,41.3653,100.9586,70.0428
2015-01-22,42.4553,103.5851,69.9832
2015-01-23,42.5004,104.1196,69.8639
2015-01-26,42.3472,104.2302,71.2953
2015-01-27,38.4287,100.5808,72.0365
2015-01-28,37.1045,106.2669,68.7989
2015-01-29,37.8432,109.5754,69.7787
2015-01-30,36.3929,107.9718,70.1962
2015-02-02,37.1856,109.3265,72.1132
2015-02-03,37.4738,109.345,74.192
2015-02-04,37.69,110.1836,72.0365
2015-02-05,38.2395,110.97,73.2037
2015-02-06,38.2035,110.0356,73.4082
2015-02-09,38.1584,110.7665,73.5453
2015-02-10,38.3746,112.8945,73.0312
2015-02-11,38.1765,115.5406,72.6112
2015-02-12,38.816,117.0024,73.6653
2015-02-13,39.5187,117.5761,75.7392
2015-02-17,39.5368,118.27,76.1762
2015-02-18,39.4915,119.0934,75.1907
2015-02-19,39.4642,118.8436,74.5394
2015-02-20,39.7909,119.8151,73.5967
2015-02-23,40.0539,123.0533,73.3054
2015-02-24,39.9995,122.2854,73.1083
2015-02-25,39.9088,119.1582,73.0226
2015-02-26,39.9723,120.6663,71.8914
2015-02-27,39.7818,118.8529,72.1227
2015-03-02,39.809,119.4357,72.517
2015-03-03,39.2647,119.6855,72.7655
2015-03-04,39.0651,118.9269,72.9626
2015-03-05,39.1104,116.9562,72.6883
2015-03-06,38.43,117.132,71.2229
2015-03-09,38.8746,117.6316,70.5802
2015-03-10,38.1306,115.1983,69.6804
2015-03-11,38.0853,113.098,69.6461
2015-03-12,37.2143,115.1428,69.3633
2015-03-13,37.5409,114.3471,68.9177
2015-03-16,37.7042,115.6054,69.6375
2015-03-17,37.8312,117.539,68.9605
2015-03-18,38.557,118.8621,70.3145
2015-03-19,38.3665,117.9647,69.4233
2015-03-20,38.9018,116.4843,70.5888
2015-03-23,38.8836,117.6963,70.2717
2015-03-24,38.9199,117.2153,70.1432
2015-03-25,37.6135,114.1528,71.3772
2015-03-26,37.3867,114.9485,71.2658
2015-03-27,37.169,114.0325,71.3943
2015-03-30,37.1599,116.9192,72.397
2015-03-31,36.8877,115.1243,71.5057
2015-04-01,36.9422,114.9577,72.2256
2015-04-02,36.5521,115.9477,72.3198
2015-04-06,37.6952,117.8259,73.6225
2015-04-07,37.677,116.5861,73.931
2015-04-08,37.5772,116.2067,73.8024
2015-04-09,37.6317,117.095,75.7992
2015-04-10,37.8494,117.5946,76.3648
2015-04-13,37.8857,117.3633,75.4307
2015-04-14,37.7859,116.8544,76.0991
2015-04-15,38.3393,117.2985,78.8414
2015-04-16,38.2486,116.7341,78.7472
2015-04-17,37.7587,115.4203,79.5784
2015-04-20,38.929,118.0572,79.2442
2015-04-21,38.684,117.4188,78.233
2015-04-22,39.0016,119.0009,78.9785
2015-04-23,39.3191,119.9724,79.7412
2015-04-24,43.4288,120.5368,78.5072
2015-04-27,43.574,122.7295,79.1242
2015-04-28,44.5991,120.7958,79.407
2015-04-29,44.5084,119.0194,80.7953
2015-04-30,44.1274,115.7904,81.0781
2015-05-01,44.1455,119.3062,79.6984
2015-05-04,43.7645,119.0749,79.6813
2015-05-05,43.1839,116.3918,78.8757
2015-05-06,41.9863,115.6609,79.0728
2015-05-07,42.3674,116.3763,77.3246
2015-05-08,43.32,118.5689,79.2099
2015-05-11,42.9752,117.3611,78.6443
2015-05-12,42.9571,116.943,79.2442
2015-05-13,43.2111,117.0731,79.2785
2015-05-14,44.2,119.8046,78.9871
2015-05-15,43.8189,119.6373,78.9614
2015-05-18,43.5558,120.9566,79.4841
2015-05-19,43.4463,120.8452,77.6074
2015-05-20,43.4463,120.8358,77.7702
2015-05-21,43.3001,122.0715,78.8671
2015-05-22,42.8253,123.14,78.8586
2015-05-26,42.5423,120.427,77.7616
2015-05-27,43.4736,122.6754,77.9844
2015-05-28,43.3275,122.4338,77.6845
2015-05-29,42.7888,121.0403,77.7873
2015-06-01,43.1267,121.2818,78.1148
2015-06-02,42.8436,120.7429,78.8473
2015-06-03,42.7797,120.8916,78.7266
2015-06-04,42.3322,120.1855,77.615
2015-06-05,42.1314,119.5258,77.7012
2015-06-08,41.757,118.7361,77.0118
2015-06-09,41.6839,118.3831,77.434
2015-06-10,42.5605,119.7395,78.9593
2015-06-11,42.4053,119.4701,78.132
2015-06-12,41.9761,118.1508,77.6839
2015-06-15,41.5287,117.9185,77.0635
2015-06-16,41.8483,118.5503,77.2875
2015-06-17,41.9761,118.2716,77.2703
2015-06-18,42.661,118.8104,76.3741
2015-06-19,42.0948,117.6212,74.6421
2015-06-22,42.2135,118.5596,74.9437
2015-06-23,41.9213,118.0207,75.8312
2015-06-24,41.6748,119.0241,75.409
2015-06-25,41.6839,118.4574,74.6852
2015-06-26,41.3278,117.7606,74.6852
2015-06-29,40.5151,115.698,73.8148
2015-06-30,40.3143,116.5342,74.2715
2015-07-01,40.5882,117.6212,72.6429
2015-07-02,40.5425,117.4726,72.393
2015-07-06,40.5334,117.0638,71.9449
2015-07-07,40.4512,116.7758,72.5567
2015-07-08,40.3964,113.8771,71.4537
2015-07-09,40.6521,111.5544,71.9966
2015-07-10,40.7343,114.5367,72.3499
2015-07-13,41.5835,116.7479,72.6343
2015-07-14,41.6565,116.7014,73.496
2015-07-15,41.7844,117.8256,72.0655
2015-07-16,42.6062,119.3958,72.2896
2015-07-17,42.5696,120.427,72.1344
2015-07-20,42.8436,122.7033,71.9707
2015-07-21,43.1723,121.4769,72.6429
2015-07-22,41.5835,116.3391,73.4701
2015-07-23,42.104,116.2834,74.125
2015-07-24,41.9487,115.6702,71.4364
2015-07-27,41.41,114.0629,70.4541
2015-07-28,41.4009,114.6296,71.0918
2015-07-29,42.2683,114.2673,72.2896
2015-07-30,42.8071,113.6912,71.9707
2015-07-31,42.6427,112.6971,71.3675
2015-08-03,42.7432,110.04,70.7299
2015-08-04,43.4097,106.5095,70.8936
2015-08-05,43.4463,107.2156,71.0918
2015-08-06,42.5696,107.4489,72.0311
2015-08-07,42.6792,107.8129,70.8764
2015-08-10,43.218,111.7327,72.7635
2015-08-11,42.3779,105.9183,72.6946
2015-08-12,42.6792,107.5516,73.0996
2015-08-13,42.6701,107.4676,72.4619
2015-08-14,42.9166,108.2235,72.2637
2015-08-17,43.2088,109.3434,71.9535
2015-08-18,43.4478,108.7275,71.6519
2015-08-19,42.8412,107.3369,69.5148
2015-08-20,41.968,105.1343,68.4549
2015-08-21,39.5874,98.704,66.7832
2015-08-24,38.3098,96.2402,63.6551
2015-08-25,37.1977,96.8188,62.4918
2015-08-26,39.2565,102.3718,60.3978
2015-08-27,40.3503,105.3863,63.6379
2015-08-28,40.3779,105.7316,65.5423
2015-08-31,40.001,105.237,67.1124
2015-09-01,38.4385,100.5332,65.8464
2015-09-02,39.854,104.845,65.8377
2015-09-03,39.9827,103.0064,66.5798
2015-09-04,39.1646,101.9798,65.4797
2015-09-08,40.3411,104.817,65.9512
2015-09-09,39.5874,102.8011,64.9559
2015-09-10,39.7896,105.0597,64.6678
2015-09-11,39.9643,106.5903,64.3447
2015-09-14,39.5599,107.6169,63.5939
2015-09-15,40.4238,108.5221,64.2487
2015-09-16,40.718,108.6435,66.4925
2015-09-17,40.672,106.3196,65.7416
2015-09-18,39.9643,105.881,63.332
2015-09-21,40.5433,107.5235,63.6201
2015-09-22,40.3503,105.8343,63.3582
2015-09-23,40.3227,106.6929,62.8081
2015-09-24,40.3595,107.3276,63.4629
2015-09-25,40.3871,107.0569,63.6463
2015-09-28,39.7896,104.9383,60.5644
2015-09-29,39.9275,101.7838,60.3286
2015-09-30,40.6812,102.9411,60.2151
2015-10-01,41.0029,102.2692,59.0627
2015-10-02,41.8853,103.0158,61.3938
2015-10-05,42.8596,103.3891,62.9391
2015-10-06,42.9699,103.8837,64.5543
2015-10-07,43.0158,103.3891,65.7853
2015-10-08,43.6133,102.1945,66.9115
2015-10-09,43.3008,104.6397,66.6671
2015-10-12,43.1996,104.1544,65.4273
2015-10-13,43.0986,104.3317,65.1654
2015-10-14,42.9055,102.8571,65.4885
2015-10-15,43.2088,104.397,66.4925
2015-10-16,43.6684,103.6318,65.0519
2015-10-19,43.7695,104.2757,64.7289
2015-10-20,43.9074,106.1796,65.9599
2015-10-21,43.3835,106.1703,66.0297
2015-10-22,44.1464,107.7942,68.3259
2015-10-23,48.595,111.1354,68.4045
2015-10-26,49.8634,107.5889,67.3568
2015-10-27,49.3487,106.9076,67.1822
2015-10-28,49.6152,111.3127,69.0855
2015-10-29,49.0454,112.4886,68.7013
2015-10-30,48.3836,111.5273,68.2386
2015-11-02,48.9351,113.0952,69.3474
2015-11-03,49.7715,114.3925,71.1721
2015-11-04,50.0013,113.8605,70.1157
2015-11-05,49.9829,113.3357,68.7974
2015-11-06,50.4792,113.4669,69.0244
2015-11-09,49.7807,113.0076,68.0203
2015-11-10,49.1833,109.446,68.7712
2015-11-11,49.3119,108.8273,67.7759
2015-11-12,49.0086,108.4618,66.8766
2015-11-13,48.5674,105.2938,66.475
2015-11-16,49.4222,107.0184,68.387
2015-11-17,49.0151,106.5591,66.9988
2015-11-18,49.8294,109.9333,68.5791
2015-11-19,49.9127,111.3299,68.029
2015-11-20,50.144,111.8173,67.3568
2015-11-23,50.144,110.3645,67.4179
2015-11-24,50.1995,111.4236,68.2561
2015-11-25,49.6813,110.6269,67.6886
2015-11-27,49.9034,110.4207,67.5139
2015-11-30,50.292,110.88,67.7951
2015-12-01,51.0971,109.9802,68.6915
2015-12-02,51.0878,108.9867,66.6176
2015-12-03,50.1533,107.9744,65.7389
2015-12-04,51.7356,111.5642,65.651
2015-12-07,51.643,110.8612,63.9726
2015-12-08,51.6245,110.8144,62.8302
2015-12-09,50.875,108.3681,63.3751
2015-12-10,51.1434,108.8836,62.8127
2015-12-11,50.0237,106.0811,61.354
2015-12-14,51.0231,105.425,61.5297
2015-12-15,51.0786,103.5598,63.129
2015-12-16,51.9391,104.3565,62.5842
2015-12-17,51.5413,102.1446,60.8091
2015-12-18,50.0885,99.3796,59.1747
2015-12-21,50.7362,100.598,59.7107
2015-12-22,51.2174,100.5043,61.064
2015-12-23,51.6523,101.7978,62.3997
2015-12-24,51.5135,101.2541,61.9779
2015-12-28,51.7726,100.12,61.8812
2015-12-29,52.3278,101.9196,61.9603
2015-12-30,52.1057,100.5887,61.1958
2015-12-31,51.3377,98.6579,61.2924
2016-01-04,50.7085,98.7422,60.7916
2016-01-05,50.9398,96.2678,61.0728
2016-01-06,50.0145,94.3839,59.491
2016-01-07,48.2748,90.4005,58.1641
2016-01-08,48.4229,90.8785,57.1887
2016-01-11,48.3951,92.35,56.969
2016-01-12,48.8393,93.6903,56.8899
2016-01-13,47.7844,91.2815,56.1957
2016-01-14,49.1446,93.2779,56.8372
2016-01-15,47.1829,91.0378,55.3697
2016-01-19,46.785,90.5973,55.2027
2016-01-20,46.9979,90.7191,53.6562
2016-01-21,46.711,90.2599,53.9989
2016-01-22,48.3859,95.0587,57.2941
2016-01-25,47.9232,93.2029,55.6245
2016-01-26,48.2748,93.7184,57.4084
2016-01-27,47.3958,87.5605,57.6017
2016-01-28,48.173,88.1885,61.0815
2016-01-29,50.9768,91.2346,63.5069
2016-02-01,50.6252,90.3817,62.7951
2016-02-02,49.0429,88.554,60.4928
2016-02-03,48.2656,90.3067,62.2415
2016-02-04,48.1175,91.0324,61.9866
2016-02-05,46.4149,88.6011,60.4664
2016-02-08,45.7209,89.534,61.3188
2016-02-09,45.6006,89.5151,59.5789
2016-02-10,45.9985,88.8367,59.5174
2016-02-11,45.98,88.2995,60.484
2016-02-12,46.7295,88.5728,62.2366
2016-02-16,47.6149,91.07,63.5113
2016-02-17,48.8544,92.4648,64.5558
2016-02-18,48.6401,90.712,64.3345
2016-02-19,48.2952,90.5046,64.5027
2016-02-22,49.0688,91.2962,65.8304
2016-02-23,47.6988,89.2324,63.8034
2016-02-24,47.8665,90.5612,63.9185
2016-02-25,48.5562,91.1831,64.0424
2016-02-26,47.8106,91.3245,64.1486
2016-02-29,47.4192,91.1172,63.4847
2016-03-01,49.0035,94.7358,65.5118
2016-03-02,49.3484,94.9432,65.8659
2016-03-03,48.7892,95.6499,66.2553
2016-03-04,48.491,97.0729,66.2376
2016-03-07,47.559,95.9986,67.4149
2016-03-08,48.1368,95.207,64.3522
2016-03-09,49.2459,95.2919,64.3965
2016-03-10,48.5096,95.3389,64.7771
2016-03-11,49.4602,96.3661,66.3881
2016-03-14,49.5534,96.6111,65.0072
2016-03-15,49.9448,98.5524,64.8213
2016-03-16,50.6531,99.8623,64.9276
2016-03-17,50.9421,99.7021,65.9809
2016-03-18,49.8516,99.8152,65.078
2016-03-21,50.1965,99.8058,66.2907
2016-03-22,50.3922,100.5691,65.1577
2016-03-23,50.299,100.0131,64.5824
2016-03-24,50.5227,99.5796,64.246
2016-03-28,49.8983,99.1273,64.4407
2016-03-29,50.9887,101.4737,64.6178
2016-03-30,51.3055,103.2454,65.8659
2016-03-31,51.4733,102.7082,65.2816
2016-04-01,51.7902,103.6506,63.8388
2016-04-04,51.6597,104.7155,64.2991
2016-04-05,50.8489,103.481,64.3168
2016-04-06,51.3708,104.5647,64.7594
2016-04-07,50.7557,102.2842,63.7414
2016-04-08,50.7184,102.3973,65.3702
2016-04-11,50.6159,102.7365,65.3967
2016-04-12,50.9327,104.0747,67.1848
2016-04-13,51.5851,105.5825,68.486
2016-04-14,51.5944,105.639,68.3001
2016-04-15,51.8647,103.5187,67.5034
2016-04-18,52.6196,101.2853,68.5568
2016-04-19,52.5544,100.7481,70.4953
2016-04-20,51.8088,100.9555,71.7877
2016-04-21,51.9859,99.8623,71.053
2016-04-22,48.258,99.589,70.752
2016-04-25,48.5655,99.0236,69.7252
2016-04-26,47.9411,98.3357,70.1058
2016-04-27,47.4751,92.182,71.3451
2016-04-28,46.5058,89.3644,70.6192
2016-04-29,46.4779,88.3372,71.115
2016-05-02,47.1675,88.243,70.2829
2016-05-03,46.394,89.6942,68.3621
2016-05-04,46.4779,88.7613,67.0343
2016-05-05,46.5431,88.401,66.7422
2016-05-06,46.9625,87.908,66.4943
2016-05-09,46.6643,87.9743,64.4142
2016-05-10,47.5497,88.5716,65.7331
2016-05-11,47.5776,87.7089,65.3348
2016-05-12,48.0063,85.6515,65.5826
2016-05-13,47.6056,85.8221,64.1132
2016-05-16,48.3046,89.0078,65.5029
2016-05-17,47.4036,88.638,66.2819
2016-05-18,47.6852,89.6525,64.7682
2016-05-19,47.2253,89.3112,65.68
2016-05-20,47.5068,90.2782,66.3527
2016-05-23,46.9531,91.4254,66.397
2016-05-24,48.4172,92.8191,66.9369
2016-05-25,48.9146,94.4499,68.964
2016-05-26,48.6987,95.1989,68.9374
2016-05-27,49.1023,95.142,68.7503
2016-05-31,49.7405,94.6774,67.9752
2016-06-01,49.5997,93.3501,67.5832
2016-06-02,49.2524,92.6485,67.218
2016-06-03,48.6049,92.8381,67.3783
2016-06-06,48.924,93.5112,70.4608
2016-06-07,48.8958,93.8905,71.3606
2016-06-08,48.8395,93.8052,71.9932
2016-06-09,48.4453,94.4783,71.2359
2016-06-10,48.3139,93.7009,69.9619
2016-06-13,47.0564,92.2882,69.169
2016-06-14,46.7654,92.402,69.0087
2016-06-15,46.634,92.0986,68.4652
2016-06-16,47.291,92.4873,68.0109
2016-06-17,47.047,90.3825,69.0443
2016-06-20,46.9907,90.1644,69.1245
2016-06-21,48.0418,90.9324,69.953
2016-06-22,47.8541,90.5911,69.7303
2016-06-23,48.7175,91.1125,70.9063
2016-06-24,46.7654,88.5527,68.296
2016-06-27,45.4515,87.2633,66.8794
2016-06-28,46.3994,88.7328,68.2692
2016-06-29,47.4318,89.5008,69.3383
2016-06-30,48.023,90.6385,70.4519
2016-07-01,48.0136,90.9134,70.8439
2016-07-05,48.023,90.0602,69.1601
2016-07-06,48.2201,90.5721,69.5432
2016-07-07,48.2201,90.9609,69.2225
2016-07-08,49.0835,91.6624,70.149
2016-07-11,49.3557,91.9469,69.5076
2016-07-12,49.9375,92.364,70.9597
2016-07-13,50.2191,91.8426,70.2737
2016-07-14,50.4349,93.6629,70.4698
2016-07-15,50.3974,93.6535,70.6925
2016-07-18,50.6414,94.649,71.0043
2016-07-19,49.8249,94.6869,71.1023
2016-07-20,52.4715,94.7722,71.8061
2016-07-21,52.3683,94.2697,71.2894
2016-07-22,53.0909,93.5397,72.7059
2016-07-25,53.2411,92.2882,71.9041
2016-07-26,53.2692,91.653,71.8061
2016-07-27,52.7343,97.607,71.1646
2016-07-28,52.753,98.9249,70.4252
2016-07-29,53.1941,98.8017,71.7348
2016-08-01,53.1003,100.5462,69.8996
2016-08-02,53.1003,99.0576,70.2827
2016-08-03,53.4663,100.2996,70.933
2016-08-04,53.8605,100.9193,71.619
2016-08-05,54.3954,102.454,72.3406
2016-08-08,54.4893,103.3024,73.4988
2016-08-09,54.6207,103.7218,72.9019
2016-08-10,54.4517,102.9496,72.0288
2016-08-11,54.7145,102.8829,72.6079
2016-08-12,54.3767,103.1212,72.3406
2016-08-15,54.5456,104.3604,73.089
2016-08-16,54.2434,104.2651,72.9821
2016-08-17,54.3567,104.1126,73.2404
2016-08-18,54.3945,103.9791,74.7104
2016-08-19,54.4134,104.2461,74.2204
2016-08-22,54.4606,103.4358,73.0979
2016-08-23,54.6683,103.7599,72.8306
2016-08-24,54.725,102.9782,72.4565
2016-08-25,54.9328,102.5398,72.4654
2016-08-26,54.8006,101.9392,72.0733
2016-08-29,54.8667,101.8248,72.2872
2016-08-30,54.6683,101.0432,71.8417
2016-08-31,54.2623,101.1385,70.3807
2016-09-01,54.385,101.739,70.345
2016-09-02,54.4606,102.6923,70.4257
2016-09-06,54.4039,102.6637,70.6319
2016-09-07,54.4511,103.2928,70.4795
2016-09-08,54.2339,100.5856,71.1699
2016-09-09,53.0818,98.3074,69.5381
2016-09-12,53.8751,100.5094,70.6499
2016-09-13,53.384,102.902,69.1077
2016-09-14,53.1291,106.5434,68.4712
2016-09-15,54.0073,110.1656,68.8567
2016-09-16,54.064,109.5461,68.4353
2016-09-19,53.7618,108.2687,68.1036
2016-09-20,53.6484,108.2592,67.5746
2016-09-21,54.5456,108.2401,68.6415
2016-09-22,54.6022,109.2601,69.045
2016-09-23,54.2339,107.4394,68.0677
2016-09-26,53.7334,107.6014,67.7629
2016-09-27,54.725,107.8016,67.5388
2016-09-28,54.8006,108.6214,69.9416
2016-09-29,54.2056,106.9342,69.3678
2016-09-30,54.3945,107.7635,70.5064
2016-10-03,54.2245,107.2583,70.7395
2016-10-04,54.0545,107.7158,70.4167
2016-10-05,54.4323,107.7635,71.8602
2016-10-06,54.5267,108.5642,72.9989
2016-10-07,54.5833,108.7263,72.9003
2016-10-10,54.81,110.6232,73.8148
2016-10-11,54.0073,110.8615,73.241
2016-10-12,53.9317,111.8529,73.0168
2016-10-13,53.7523,111.5097,73.0975
2016-10-14,54.2245,112.1293,72.9092
2016-10-17,54.0356,112.0531,72.6044
2016-10-18,54.4511,111.9768,72.972
2016-10-19,54.3284,111.6432,74.81
2016-10-20,54.064,111.586,74.4065
2016-10-21,56.3398,111.1475,72.1471
2016-10-24,57.6053,112.1484,72.0037
2016-10-25,57.5958,112.7203,71.923
2016-10-26,57.2559,110.1847,71.7437
2016-10-27,56.7554,109.1266,71.3671
2016-10-28,56.5382,108.4022,71.0085
2016-10-31,56.5854,108.2306,70.1388
2016-11-01,56.472,106.2764,70.5602
2016-11-02,56.1226,106.3718,69.7174
2016-11-03,55.9149,105.2316,70.345
2016-11-04,55.4427,104.2831,69.7891
2016-11-07,57.0575,105.7873,71.5016
2016-11-08,57.1048,106.4101,71.5823
2016-11-09,56.8215,106.2376,71.672
2016-11-10,55.4333,103.277,71.6182
2016-11-11,55.7355,103.8902,70.5243
2016-11-14,54.8855,101.2841,70.5692
2016-11-15,55.9694,102.6255,72.7658
2016-11-16,56.7109,105.3849,72.6582
2016-11-17,57.6522,105.3466,71.8154
2016-11-18,57.3764,105.452,71.7257
2016-11-21,57.8613,107.0521,73.2589
2016-11-22,58.1085,107.1191,73.0706
2016-11-23,57.424,106.573,72.9809
2016-11-25,57.5476,107.1095,72.8823
2016-11-28,57.6236,106.8988,72.6761
2016-11-29,58.08,106.7934,71.654
2016-11-30,57.2909,105.8927,75.3569
2016-12-01,56.2831,104.9058,75.8589
2016-12-02,56.3306,105.2987,76.2176
2016-12-05,57.2529,104.5417,76.1454
2016-12-06,56.9962,105.3466,75.7215
2016-12-07,58.3462,106.3814,76.0733
2016-12-08,58.0039,107.4257,76.1815
2016-12-09,58.9166,109.1791,76.4611
2016-12-12,59.1068,108.5563,76.6685
2016-12-13,59.8769,110.3672,77.6786
2016-12-14,59.5916,110.3672,76.8038
2016-12-15,59.4966,110.9708,76.912
2016-12-16,59.2304,111.1145,77.1104
2016-12-19,60.4853,111.7565,76.7677
2016-12-20,60.4093,112.0535,76.912
2016-12-21,60.4093,112.1589,77.7057
2016-12-22,60.4188,111.4211,77.9041
2016-12-23,60.1241,111.6415,77.1194
2016-12-27,60.1621,112.3505,77.0563
2016-12-28,59.8864,111.8715,76.3258
2016-12-29,59.8008,111.8427,75.938
2016-12-30,59.0783,110.9708,75.7125
2017-01-03,59.4966,111.287,76.4791
2017-01-04,59.2304,111.1624,77.0473
2017-01-05,59.2304,111.7277,76.9301
2017-01-06,59.7438,112.9733,77.9943
2017-01-09,59.5536,114.0081,77.3539
2017-01-10,59.5346,114.123,76.2987
2017-01-11,60.0765,114.7363,77.2547
2017-01-12,59.5251,114.2572,76.9571
2017-01-13,59.6107,114.056,76.4971
2017-01-17,59.449,114.9758,77.9492
2017-01-18,59.4205,114.9662,78.8961
2017-01-19,59.2304,114.765,78.6436
2017-01-20,59.6487,114.9758,78.0033
2017-01-23,59.8578,115.0524,76.0011
2017-01-24,60.3903,114.9471,76.2807
2017-01-25,60.5424,116.7771,77.1194
2017-01-26,61.1033,116.8346,76.5513
2017-01-27,62.5389,116.8442,76.2086
2017-01-30,61.9209,116.5376,75.4059
2017-01-31,61.4646,116.2693,75.4961
2017-02-01,60.4473,123.3594,75.0091
2017-02-02,60.0575,123.1487,74.3507
2017-02-03,60.5424,123.6756,74.4048
2017-02-06,60.5043,124.835,73.6743
2017-02-07,60.3047,126.023,73.1151
2017-02-08,60.2191,126.5117,73.1602
2017-02-09,60.9037,127.4259,73.2414
2017-02-10,60.8466,127.1372,74.0982
2017-02-13,61.5311,128.2631,74.2434
2017-02-14,61.7607,129.9278,74.8241
2017-02-15,61.7224,130.3993,74.1798
2017-02-16,61.7129,130.2454,73.6172
2017-02-17,61.8085,130.6014,73.1817
2017-02-21,61.6842,131.5445,73.2089
2017-02-22,61.5598,131.939,72.3197
2017-02-23,61.8085,131.3809,73.0184
2017-02-24,61.8085,131.506,72.728
2017-02-27,61.4355,131.7658,73.5537
2017-02-28,61.1964,131.8235,72.9185
2017-03-01,62.1146,134.5179,74.6517
2017-03-02,61.2251,133.7192,73.4539
2017-03-03,61.4546,134.5083,73.2271
2017-03-06,61.4737,134.0849,73.2452
2017-03-07,61.5981,134.2581,72.5465
2017-03-08,62.1624,133.7577,70.8678
2017-03-09,61.9137,133.4498,71.4123
2017-03-10,62.105,133.8924,71.4032
2017-03-13,61.8946,133.9502,71.3125
2017-03-14,61.6077,133.7481,71.1219
2017-03-15,61.9329,135.1627,72.8187
2017-03-16,61.8276,135.384,72.2743
2017-03-17,62.0476,134.7104,72.1836
2017-03-20,62.105,136.125,71.6119
2017-03-21,61.4164,134.566,71.4032
2017-03-22,62.2007,136.0864,71.1219
2017-03-23,62.0476,135.6053,70.4776
2017-03-24,62.1529,135.3359,69.8334
2017-03-27,62.2676,135.5668,69.8878
2017-03-28,62.4494,138.3767,71.0584
2017-03-29,62.6215,138.6846,71.385
2017-03-30,62.8511,138.5018,70.6319
2017-03-31,62.9946,138.242,70.8678
2017-04-03,62.698,138.2805,70.5049
2017-04-04,62.8702,139.3101,70.9677
2017-04-05,62.7076,138.5884,71.0493
2017-04-06,62.8702,138.242,71.3397
2017-04-07,62.8224,137.934,71.0765
2017-04-10,62.6789,137.7704,71.4213
2017-04-11,62.6311,136.2885,72.2743
2017-04-12,62.392,136.4521,72.2017
2017-04-13,62.1241,135.7304,70.9132
2017-04-17,62.6311,136.481,70.9949
2017-04-18,62.545,135.8747,70.7136
2017-04-19,62.2102,135.3743,69.3979
2017-04-20,62.6502,137.068,69.4251
2017-04-21,63.5111,136.9044,67.9097
2017-04-24,64.5919,138.2227,67.2382
2017-04-25,64.9649,139.0791,67.2292
2017-04-26,64.8789,138.2612,67.2473
2017-04-27,65.2997,138.3671,66.0949
2017-04-28,65.4814,138.2323,65.8681
2017-05-01,66.3901,141.0518,65.6049
2017-05-02,66.2849,141.9468,64.8336
2017-05-03,66.0745,141.5137,64.9062
2017-05-04,65.8162,141.0037,64.3709
2017-05-05,65.9979,143.3421,65.3055
2017-05-08,65.9406,147.2393,65.5323
2017-05-09,66.0362,148.1824,65.5868
2017-05-10,66.2945,147.4799,65.9407
2017-05-11,65.4814,148.7553,65.1331
2017-05-12,65.4049,150.8328,64.4434
2017-05-15,65.4527,150.4463,65.3327
2017-05-16,66.7707,150.2241,64.761
2017-05-17,64.914,145.1802,64.4162
2017-05-18,65.1353,147.3929,64.8155
2017-05-19,65.1161,147.8954,65.1058
2017-05-22,65.8471,148.794,65.2329
2017-05-23,66.0684,148.6104,65.4144
2017-05-24,66.155,148.1659,64.7519
2017-05-25,66.9727,148.678,62.9644
2017-05-26,67.2997,148.4268,63.5996
2017-05-30,67.7326,148.4848,62.8227
2017-05-31,67.1843,147.6055,63.5996
2017-06-01,67.4344,148.0113,63.7732
2017-06-02,69.0313,150.2047,63.0238
2017-06-05,69.5315,148.736,63.3071
2017-06-06,69.7624,149.2385,63.9469
2017-06-07,69.6373,150.1274,62.7588
2017-06-08,69.2141,149.7603,62.4297
2017-06-09,67.646,143.953,63.6818
2017-06-12,67.1266,140.5132,63.3437
2017-06-13,67.9635,141.6437,63.3802
2017-06-14,67.5979,140.2619,62.3109
2017-06-15,67.242,139.4213,61.5341
2017-06-16,67.3382,137.4695,62.6765
2017-06-19,68.1751,141.4021,62.2378
2017-06-20,67.2516,140.117,61.004
2017-06-21,67.5979,140.948,59.8342
2017-06-22,67.5883,140.7161,59.7428
2017-06-23,68.5022,141.3442,60.2546
2017-06-26,67.8481,140.8997,60.2181
2017-06-27,66.5783,138.8802,59.7337
2017-06-28,67.1458,140.9093,59.6331
2017-06-29,65.8857,138.8319,59.752
2017-06-30,66.3089,139.1604,60.1724
2017-07-03,65.5778,138.658,61.2051
2017-07-05,66.4532,139.2281,60.081
2017-07-06,65.9626,137.914,59.5235
2017-07-07,66.8188,139.315,59.4778
2017-07-10,67.319,140.1653,59.7245
2017-07-11,67.3286,140.6195,60.1267
2017-07-12,68.4445,140.8224,59.9347
2017-07-13,69.0409,142.7839,60.7664
2017-07-14,70.0125,144.011,61.0954
2017-07-17,70.5608,144.5135,61.0771
2017-07-18,70.5127,145.016,60.4831
2017-07-19,71.0514,145.9242,61.6346
2017-07-20,71.3978,145.2672,61.2508
2017-07-21,70.9841,145.1995,60.803
2017-07-24,70.8013,146.9581,60.7024
2017-07-25,71.3689,147.5862,61.2417
2017-07-26,71.2342,148.2819,61.2234
2017-07-27,70.3781,145.4798,61.9454
2017-07-28,70.2626,144.4555,62.5668
2017-07-31,69.9356,143.7115,62.6948
2017-08-01,69.8201,144.987,63.0695
2017-08-02,69.5123,151.8377,63.1792
2017-08-03,69.4065,150.3207,62.3475
2017-08-04,69.9163,151.113,61.726
2017-08-07,69.647,153.4514,60.8213
2017-08-08,70.0221,154.6785,59.8525
2017-08-09,69.7143,155.6254,59.8525
2017-08-10,68.6946,150.6685,58.8563
2017-08-11,69.7431,152.7638,58.3354
2017-08-14,70.7917,155.0628,58.4451
2017-08-15,70.8111,156.7604,57.979
2017-08-16,71.2269,156.1299,58.2257
2017-08-17,70.018,153.1324,57.6043
2017-08-18,70.1051,152.7832,57.8693
2017-08-21,69.7762,152.5019,57.5768
2017-08-22,70.753,154.9949,57.8967
2017-08-23,70.3275,155.1889,57.7505
2017-08-24,70.2985,154.5002,57.4672
2017-08-25,70.4242,155.0725,58.3811
2017-08-28,70.4339,156.6343,57.9881
2017-08-29,70.6466,158.0312,58.0338
2017-08-30,71.5751,158.458,57.9333
2017-08-31,72.3101,159.0886,58.0429
2017-09-01,71.5074,159.137,58.3561
2017-09-05,71.1882,157.226,59.9682
2017-09-06,70.9851,157.0611,60.5393
2017-09-07,71.8942,156.4306,60.6775
2017-09-08,71.546,153.8793,59.7471
2017-09-11,72.3004,156.6634,60.5854
2017-09-12,72.223,156.0426,61.1933
2017-09-13,72.7356,154.8688,61.6447
2017-09-14,72.3101,153.5398,62.3632
2017-09-15,72.8323,155.0919,61.9395
2017-09-18,72.6872,153.9181,62.5198
2017-09-19,72.958,153.9764,62.5383
2017-09-20,72.4745,151.396,62.2895
2017-09-21,71.7685,148.7963,62.7225
2017-09-22,71.9619,147.3412,63.3765
2017-09-25,70.8497,146.0413,64.1595
2017-09-26,70.8497,148.5538,63.3949
2017-09-27,71.4203,149.6111,63.6344
2017-09-28,71.4397,148.6896,63.7081
2017-09-29,72.0393,149.5044,64.2608
2017-10-02,72.1553,149.2037,63.8555
2017-10-03,71.8168,149.8536,63.616
2017-10-04,72.2327,148.8836,63.3949
2017-10-05,73.4706,150.7364,63.441
2017-10-06,73.4996,150.6491,62.9528
2017-10-09,73.7801,151.1729,62.9436
2017-10-10,73.7801,151.2311,62.9436
2017-10-11,73.9058,151.8616,62.4001
2017-10-12,74.5827,151.3281,61.9855
2017-10-13,74.9406,152.2885,61.875
2017-10-16,75.0953,155.0919,61.5342
2017-10-17,75.0373,155.6643,61.2578
2017-10-18,75.0566,154.9755,60.7143
2017-10-19,75.3467,151.3087,59.4155
2017-10-20,76.2171,151.5706,58.1719
2017-10-23,76.2365,151.493,57.0297
2017-10-24,76.2655,152.3952,57.5179
2017-10-25,76.0431,151.7258,58.439
2017-10-26,76.1688,152.6959,58.3746
2017-10-27,81.0526,158.167,58.5404
2017-10-30,81.13,161.7271,59.0562
2017-10-31,80.4434,163.9776,58.9549
2017-11-01,80.4434,161.892,59.2128
2017-11-02,81.2847,163.0755,58.264
2017-11-03,81.3718,167.334,58.568
2017-11-06,81.6909,169.0316,61.7921
2017-11-07,81.4975,169.5748,61.1933
2017-11-08,81.778,170.962,61.7737
2017-11-09,81.3234,170.6128,61.6171
2017-11-10,81.1107,170.0481,60.5577
2017-11-13,81.1687,169.3666,59.9129
2017-11-14,81.2847,166.8062,57.8311
2017-11-15,80.653,164.606,56.698
2017-11-16,80.8668,166.5726,56.4769
2017-11-17,80.0892,165.6477,57.0757
2017-11-20,80.2156,165.4822,56.8546
2017-11-21,81.3722,168.5586,57.002
2017-11-22,80.7793,170.3304,57.2415
2017-11-24,80.9251,170.3402,57.0481
2017-11-27,81.518,169.4834,56.523
2017-11-28,82.4997,168.4905,57.3797
2017-11-29,81.0029,164.9955,57.2507
2017-11-30,81.8096,167.3027,57.8955
2017-12-01,81.8971,166.5239,59.6274
2017-12-04,78.8063,165.307,59.5076
2017-12-05,79.3019,165.1512,58.9042
2017-12-06,80.4586,164.5379,57.623
2017-12-07,80.1767,164.8397,57.623
2017-12-08,81.7999,164.8884,58.9877
2017-12-11,82.8399,168.101,59.9346
2017-12-12,83.1801,167.1567,59.5819
2017-12-13,82.9565,167.7116,58.7649
2017-12-14,82.315,167.6629,57.9015
2017-12-15,84.4144,169.3666,57.6416
2017-12-18,83.9576,171.7518,59.0434
2017-12-19,83.423,169.9215,59.7768
2017-12-20,83.1217,169.7366,60.6031
2017-12-21,83.1023,170.3791,62.9982
2017-12-22,83.112,170.3791,62.6083
2017-12-26,83.0051,166.0566,62.7661
2017-12-27,83.3064,166.0858,63.0539
2017-12-28,83.3161,166.5531,62.6269
2017-12-29,83.1412,164.7521,62.5619
2018-01-02,83.5397,167.7019,64.5393
2018-01-03,83.9285,167.6727,66.2196
2018-01-04,84.6671,168.4515,67.8628
2018-01-05,85.7169,170.3694,68.327
2018-01-08,85.8043,169.7366,69.441
2018-01-09,85.746,169.7171,69.5339
2018-01-10,85.3572,169.6782,70.1837
2018-01-11,85.6099,170.642,71.5298
2018-01-12,87.0873,172.4041,72.3839
2018-01-16,85.8724,171.5279,71.6412
2018-01-17,87.6122,174.3609,71.6783
2018-01-18,87.5733,174.5166,70.8985
2018-01-19,87.4761,173.7378,70.9449
2018-01-22,89.041,172.3165,74.0735
2018-01-23,89.3228,172.3554,73.5351
2018-01-24,89.2451,169.61,72.5788
2018-01-25,89.7408,166.5823,71.7897
2018-01-26,91.4223,166.9717,72.0497
2018-01-29,91.2862,163.5157,70.9078
2018-01-30,90.1393,162.5519,69.1996
2018-01-31,92.3456,162.9997,68.3084
2018-02-01,91.6166,163.3404,70.1001
2018-02-02,89.2062,156.2531,68.4105
2018-02-05,85.5322,152.3492,66.2382
2018-02-06,88.7688,158.7161,66.4158
2018-02-07,87.097,155.3184,65.2098
2018-02-08,82.626,151.0446,63.0127
2018-02-09,85.7072,152.8921,60.9466
2018-02-12,86.6305,159.0504,62.4892
2018-02-13,87.3109,160.6438,61.6291
2018-02-14,88.678,163.6056,61.5823
2018-02-15,90.4846,169.0992,61.9002
2018-02-16,89.8401,168.5518,61.9656
2018-02-20,90.5432,167.9848,61.3393
2018-02-21,89.342,167.2224,60.208
2018-02-22,89.5764,168.6202,60.7316
2018-02-23,91.8517,171.5527,62.1713
2018-02-26,93.1798,174.9447,62.3864
2018-02-27,91.9884,174.3777,62.5546
2018-02-28,91.5685,174.1138,61.3673
2018-03-01,90.6701,171.064,60.9747
2018-03-02,90.8654,172.2468,61.2084
2018-03-05,91.4416,172.8431,61.8535
2018-03-06,91.1291,172.6964,62.2929
2018-03-07,91.6564,171.0933,61.9189
2018-03-08,92.213,172.9604,62.3957
2018-03-09,94.2735,175.932,64.3029
2018-03-12,94.4981,177.6328,63.6578
2018-03-13,92.1935,175.9222,62.7697
2018-03-14,91.6466,174.4266,62.1059
2018-03-15,91.9689,174.6319,61.0962
2018-03-16,92.379,174.0161,61.7974
2018-03-19,90.7092,171.3572,60.4885
2018-03-20,90.9435,171.2986,61.2925
2018-03-21,90.3088,167.4179,63.3306
2018-03-22,87.6819,165.0523,61.2551
2018-03-23,85.1332,161.2303,59.965
2018-03-26,91.5783,168.8842,60.2641
2018-03-27,87.3695,164.5538,60.2828
2018-03-28,87.2913,162.7356,59.0955
2018-03-29,89.1272,164.0064,60.5633
2018-04-02,86.4418,162.9311,59.3479
2018-04-03,87.6038,164.6027,60.5726
2018-04-04,90.1623,167.7502,60.5913
2018-04-05,90.2111,168.9135,61.4888
2018-04-06,88.1116,164.5929,60.1706
2018-04-09,88.6389,166.2253,60.0771
2018-04-10,90.6994,169.3534,62.3677
2018-04-11,89.7034,168.5616,63.153
2018-04-12,91.383,170.2234,63.1623
2018-04-13,90.8947,170.8,63.5269
2018-04-16,91.9591,171.8656,64.0598
2018-04-17,93.8145,174.2311,64.1907
2018-04-18,94.1758,173.8401,65.7614
2018-04-19,93.8536,168.9135,65.7053
2018-04-20,92.7696,161.9927,64.7236
2018-04-23,93.1114,161.5235,64.4245
2018-04-24,90.9338,159.2753,63.8355
2018-04-25,90.1428,159.9693,64.6021
2018-04-26,92.047,160.5265,64.948
2018-04-27,93.5704,158.6692,64.5834
2018-04-30,91.3244,161.543,64.0972
2018-05-01,92.7696,165.2967,63.9477
2018-05-02,91.3146,172.5987,64.1907
2018-05-03,91.8615,172.9115,63.3119
2018-05-04,92.9259,179.6954,64.3123
2018-05-07,93.961,180.9955,64.7049
2018-05-08,93.5606,181.8655,65.0135
2018-05-09,94.6641,183.146,66.2662
2018-05-10,95.6113,185.7657,66.4906
2018-05-11,95.4063,185.0592,66.4532
2018-05-14,95.7285,184.6274,66.9394
2018-05-15,95.0352,182.9495,66.9394
2018-05-16,95.2803,184.6569,68.3511
2018-05-17,94.329,183.4892,69.5851
2018-05-18,94.5056,182.8219,69.4543
2018-05-21,95.7217,184.1172,70.1461
2018-05-22,95.6236,183.656,68.9307
2018-05-23,96.7613,184.8335,68.6689
2018-05-24,96.418,184.6274,66.5841
2018-05-25,96.4671,185.0494,64.1346
2018-05-29,96.1238,184.3821,63.6391
2018-05-30,97.0457,183.9896,64.9574
2018-05-31,96.9378,183.3714,64.2001
2018-06-01,98.8503,186.6783,64.4712
2018-06-04,99.7134,188.2386,64.5741
2018-06-05,100.2234,189.6908,64.4705
2018-06-06,100.5176,190.3483,64.8754
2018-06-07,98.9386,189.838,65.544
2018-06-08,99.6741,188.111,65.3839
2018-06-11,99.1053,187.6498,65.7983
2018-06-12,99.3603,188.6801,64.6023
2018-06-13,98.9091,187.1297,64.009
2018-06-14,99.4682,187.2278,64.348
2018-06-15,98.203,185.3045,62.9354
2018-06-18,98.919,185.2064,63.1332
2018-06-19,98.919,182.2135,61.8713
2018-06-20,99.9095,183.0083,61.73
2018-06-21,99.1936,181.9878,61.0143
2018-06-22,98.4776,181.4579,62.7
2018-06-25,96.4965,178.7594,61.617
2018-06-26,97.1732,180.9771,62.1726
2018-06-27,95.6628,180.7122,62.9166
2018-06-28,96.7319,182.027,63.105
2018-06-29,96.7123,181.6444,63.1238
2018-07-02,98.0853,183.6756,61.4099
2018-07-03,97.1438,180.4766,62.0031
2018-07-05,97.8401,181.9289,62.5588
2018-07-06,99.2132,184.4508,63.1238
2018-07-09,99.8899,187.0119,64.3574
2018-07-10,100.1547,186.7863,65.4404
2018-07-11,100.0174,184.3625,64.3574
2018-07-12,102.1849,187.4535,63.5381
2018-07-13,103.401,187.7479,64.1126
2018-07-16,102.891,187.3358,63.4911
2018-07-17,103.911,187.8656,62.8507
2018-07-18,103.097,186.8353,63.152
2018-07-19,102.3908,188.2876,63.0202
2018-07-20,104.2248,187.8558,62.2386
2018-07-23,105.8921,188.0227,61.909
2018-07-24,105.5881,189.3866,61.7018
2018-07-25,108.6971,191.1726,61.9466
2018-07-26,107.5104,190.574,62.9637
2018-07-27,105.6077,187.4044,63.1332
2018-07-30,103.3422,186.3545,63.6417
2018-07-31,104.0385,186.7274,63.5852
2018-08-01,104.2346,197.7275,62.7754
2018-08-02,105.4998,203.5072,62.0973
2018-08-03,105.9608,204.096,62.0502
2018-08-06,106.049,205.1558,61.909
2018-08-07,106.7846,203.2325,62.7942
2018-08-08,107.3829,203.3699,62.5399
2018-08-09,107.5594,204.9693,61.5888
2018-08-10,106.9023,204.3588,62.1915
2018-08-13,106.1275,205.6783,61.1838
2018-08-14,107.4515,206.5449,61.0237
2018-08-15,105.9944,207.0274,58.66
2018-08-16,105.9747,210.0603,58.8484
2018-08-17,105.9157,214.2552,59.1685
2018-08-20,105.2167,212.1676,59.7995
2018-08-21,104.3404,211.754,60.9861
2018-08-22,105.4037,211.7639,61.2968
2018-08-23,105.896,212.1972,60.8825
2018-08-24,106.723,212.8569,61.4475
2018-08-27,107.9044,214.6097,61.0708
2018-08-28,108.5542,216.3428,60.3363
2018-08-29,110.287,219.5727,60.7318
2018-08-30,110.2181,221.5914,60.5905
2018-08-31,110.5922,224.1517,59.4793
2018-09-04,109.9818,224.8705,58.7769
2018-09-05,106.8116,223.4033,57.9226
2018-09-06,107.0577,219.6909,57.1537
2018-09-07,106.5359,217.9184,56.6696
2018-09-10,107.6878,214.9938,56.9354
2018-09-11,109.519,220.4294,57.2581
2018-09-12,109.9818,217.6919,57.7327
2018-09-13,111.1632,222.9503,57.9226
2018-09-14,111.6161,220.4196,58.1219
2018-09-17,110.4051,214.5507,57.8751
2018-09-18,111.4586,214.9052,57.8941
2018-09-19,109.9719,215.0331,58.1219
2018-09-20,111.813,216.6678,58.4446
2018-09-21,112.4923,214.334,58.027
2018-09-24,112.896,217.4162,58.4731
2018-09-25,112.6794,218.7948,59.3559
2018-09-26,112.2167,217.0518,57.7897
2018-09-27,112.64,221.5126,58.0649
2018-09-28,112.6006,222.2905,57.8276
2018-10-01,113.8214,223.7873,58.4636
2018-10-02,113.3686,225.7765,58.7484
2018-10-03,113.3882,228.5238,59.4413
2018-10-04,111.0451,224.5062,59.6597
2018-10-05,110.3953,220.8627,59.8021
2018-10-08,109.1351,220.3507,59.7451
2018-10-09,110.5233,223.4033,59.9065
2018-10-10,104.5176,213.0539,57.7327
2018-10-11,104.2715,211.1731,56.119
2018-10-12,107.8749,218.716,56.3184
2018-10-15,105.9353,214.0386,56.5272
2018-10-16,109.2827,218.7554,56.6506
2018-10-17,108.9972,217.8101,56.2329
2018-10-18,106.8214,212.7191,55.464
2018-10-19,106.979,215.9588,55.502
2018-10-22,107.9339,217.2783,53.9263
2018-10-23,106.4276,219.3265,52.2936
2018-10-24,100.737,211.8033,50.3192
2018-10-25,106.6245,216.4413,50.5944
2018-10-26,105.3053,212.9948,50.2147
2018-10-29,102.2434,208.9969,48.8384
2018-10-30,102.1252,210.0406,49.6642
2018-10-31,105.1576,215.5157,48.7055
2018-11-01,104.2813,218.8243,49.0377
2018-11-02,104.5176,204.3096,48.7909
2018-11-05,105.8467,198.5096,49.3225
2018-11-06,106.0535,200.6563,49.4364
2018-11-07,110.2279,206.7418,49.6642
2018-11-08,110.0211,206.0205,48.9618
2018-11-09,107.8749,202.0481,47.8416
2018-11-12,105.2167,191.8701,46.9399
2018-11-13,105.2856,189.9531,44.937
2018-11-14,103.7925,184.5874,45.3831
2018-11-15,106.0766,189.1428,45.6394
2018-11-16,107.0753,191.2377,45.7723
2018-11-19,103.4464,183.6585,45.8577
2018-11-20,100.5691,174.8837,44.5193
2018-11-21,101.9534,174.6861,45.2217
2018-11-23,101.9138,170.2493,44.0162
2018-11-26,105.2757,172.5517,44.263
2018-11-27,105.9382,172.1762,43.8548
2018-11-28,109.8735,178.7968,44.0542
2018-11-29,108.954,177.4233,43.5701
2018-11-30,109.6461,176.4648,42.8107
2018-12-03,110.8326,182.6309,43.9498
2018-12-04,107.3027,174.5972,42.3376
2018-12-06,107.9652,172.6505,40.6103
2018-12-07,103.6442,166.4943,41.3013
2018-12-10,106.3831,167.5911,40.2745
2018-12-11,107.3719,166.6326,39.574
2018-12-12,107.8564,167.097,39.7659
2018-12-13,108.2223,168.9251,39.3629
2018-12-14,104.8406,163.5199,37.5204
2018-12-17,101.7358,161.9982,37.4725
2018-12-18,102.8037,164.1029,36.3113
2018-12-19,102.5269,158.9843,36.2634
2018-12-20,100.3713,154.9724,34.7376
2018-12-21,97.1281,148.9446,34.2578
2018-12-24,93.0741,145.0908,33.7684
2018-12-26,99.432,155.3083,35.131
2018-12-27,100.045,154.3004,34.8623
2018-12-28,99.2639,154.3795,35.1214
2018-12-31,100.4306,155.8716,34.6224
2019-01-02,99.9857,156.0495,35.6972
2019-01-03,96.3074,140.5058,36.081
2019-01-04,100.7866,146.5039,37.5108
2019-01-07,100.9151,146.1778,38.5472
2019-01-08,101.6468,148.9644,39.027
2019-01-09,103.1004,151.4941,39.574
2019-01-10,102.4379,151.9783,39.9674
2019-01-11,101.6468,150.4862,40.0538
2019-01-14,100.9053,148.2233,39.6507
2019-01-15,103.8321,151.2569,40.0346
2019-01-16,104.1979,153.1048,39.5836
2019-01-17,104.9296,154.0139,39.6987
2019-01-18,106.5018,154.9625,42.923
2019-01-22,104.4945,151.4842,42.1841
2019-01-23,105.513,152.0968,41.5604
2019-01-24,105.0087,150.8913,41.8003
2019-01-25,105.9678,155.8914,43.1821
2019-01-28,103.9013,154.4487,42.4528
2019-01-29,101.7853,152.8478,42.2225
2019-01-30,105.1867,163.2926,43.1821
2019-01-31,103.2586,164.4686,42.424
2019-02-01,101.6271,164.5476,42.7599
2019-02-04,104.5539,169.2216,42.7982
2019-02-05,106.0173,172.1169,43.3164
2019-02-06,104.8406,172.1762,43.2493
2019-02-07,104.0891,168.9153,41.7043
2019-02-08,104.4846,169.1137,41.0518
2019-02-11,104.0694,168.1412,41.925
2019-02-12,105.691,169.5901,42.7695
2019-02-13,105.6119,168.8855,43.119
2019-02-14,105.7009,169.5008,42.8472
2019-02-15,107.0061,169.1237,43.6335
2019-02-19,106.9566,169.6298,44.2062
2019-02-20,106.4005,170.7214,44.5556
2019-02-21,108.6447,169.7588,43.4102
2019-02-22,110.1938,171.6543,43.0607
2019-02-25,110.8095,172.9047,43.4781
2019-02-26,111.5741,173.0039,43.0122
2019-02-27,111.3854,173.5398,43.051
2019-02-28,111.2464,171.8329,42.7695
2019-03-01,111.7429,173.639,43.8664
2019-03-04,111.4748,174.5124,43.915
2019-03-05,110.9187,174.1948,43.4781
2019-03-06,110.9683,173.1925,42.0997
2019-03-07,109.6179,171.1878,41.2455
2019-03-08,109.737,171.5947,40.0807
2019-03-11,112.0408,177.5391,40.8475
2019-03-12,112.8253,179.5339,41.3426
2019-03-13,113.6991,180.3278,41.8862
2019-03-14,113.7885,182.3324,41.8279
2019-03-15,115.0993,184.7042,41.1484
2019-03-18,116.7476,186.5898,42.09
2019-03-19,116.8271,185.1111,41.9832
2019-03-20,116.698,186.7287,42.9928
2019-03-21,119.3791,193.606,42.9248
2019-03-22,116.2313,189.5967,41.2261
2019-03-25,116.837,187.3043,41.2261
2019-03-26,117.0853,185.3691,41.7891
2019-03-27,115.9532,187.0363,41.4299
2019-03-28,116.1121,187.2844,42.3424
2019-03-29,117.1151,188.5051,42.2939
2019-04-01,118.1875,189.7853,43.449
2019-04-02,118.3563,192.5441,43.1869
2019-04-03,119.1309,193.864,42.3133
2019-04-04,118.5251,194.2014,42.8084
2019-04-05,119.0514,195.5015,43.682
2019-04-08,119.0911,198.5779,44.8177
2019-04-09,118.4457,197.9825,44.245
2019-04-10,119.3493,199.0939,44.2159
2019-04-11,119.4883,197.4366,43.9829
2019-04-12,120.104,197.3572,44.313
2019-04-15,120.2033,197.7145,45.041
2019-04-16,119.9253,197.7343,45.9535
2019-04-17,120.9183,201.5848,46.0214
2019-04-18,122.5071,202.3093,44.2256
2019-04-22,122.8943,202.9742,44.5071
2019-04-23,124.5626,205.9017,44.5459
2019-04-24,124.1356,205.5842,42.9443
2019-04-25,128.2466,203.7185,42.0318
2019-04-26,128.9815,202.7459,42.0318
2019-04-29,128.8623,203.0536,42.158
2019-04-30,129.6865,199.1435,41.4299
2019-05-01,126.9855,208.9186,40.1583
2019-05-02,125.3272,207.5591,39.9156
2019-05-03,127.9984,210.1393,40.0709
2019-05-06,127.2536,206.8941,40.0321
2019-05-07,124.642,201.3169,39.4109
2019-05-08,124.6321,201.3566,39.0905
2019-05-09,124.6222,199.1932,39.0905
2019-05-10,126.2408,196.4337,38.4013
2019-05-13,122.4872,185.017,37.0423
2019-05-14,123.8576,187.9459,37.8577
2019-05-15,125.6017,190.1974,38.1781
2019-05-16,128.5021,189.3605,38.6925
2019-05-17,127.645,188.2846,37.8771
2019-05-20,125.8011,182.397,37.9742
2019-05-21,126.4788,185.8937,38.3431
2019-05-22,127.2463,182.0882,37.2171
2019-05-23,125.7612,178.98,36.392
2019-05-24,125.821,178.2926,35.9163
2019-05-28,125.7413,177.5554,35.431
2019-05-29,124.5253,176.7086,35.1203
2019-05-30,125.3127,177.6251,34.1496
2019-05-31,123.2695,174.4073,33.674
2019-06-03,119.4423,172.644,34.4505
2019-06-04,122.7512,178.9601,35.1791
2019-06-05,125.4124,181.8491,34.4013
2019-06-06,127.3958,184.5189,34.5096
2019-06-07,130.9639,189.4303,35.0511
2019-06-10,132.1599,191.8511,34.9231
2019-06-11,131.6616,194.0726,36.1243
2019-06-12,131.0536,193.455,35.0314
2019-06-13,131.8808,193.4151,36.2228
2019-06-14,132.0104,192.0105,35.376
2019-06-17,132.4091,193.1561,36.0948
2019-06-18,134.7114,197.6989,36.3606
2019-06-19,135.2397,197.121,35.9471
2019-06-20,136.4955,198.705,37.6603
2019-06-21,136.5154,198.0276,38.2806
2019-06-24,137.3227,197.8284,38.0541
2019-06-25,132.9872,194.8298,37.9852
2019-06-26,133.4855,199.0437,38.4184
2019-06-27,133.7048,198.984,38.507
2019-06-28,133.5154,197.1709,39.1273
2019-07-01,135.2297,200.7871,38.7138
2019-07-02,136.1267,201.9626,38.5759
2019-07-03,137.0038,203.6363,38.8812
2019-07-05,136.6051,203.457,38.9599
2019-07-08,136.5054,199.2629,39.275
2019-07-09,136.0071,200.4783,39.5802
2019-07-10,137.3925,202.4608,39.9937
2019-07-11,137.9407,200.9864,40.3383
2019-07-12,138.439,202.5305,40.1808
2019-07-15,138.439,204.4333,39.846
2019-07-16,136.625,203.726,39.4522
2019-07-17,135.8177,202.5803,38.0344
2019-07-18,135.9672,204.8816,38.1821
2019-07-19,136.1666,201.8232,38.1132
2019-07-22,137.9706,206.4357,38.8812
2019-07-23,138.8277,208.0495,39.1371
2019-07-24,140.253,207.8802,39.7082
2019-07-25,139.7247,206.2364,39.3341
2019-07-26,140.8709,206.9537,39.3931
2019-07-29,140.5619,208.8863,38.6055
2019-07-30,139.8842,207.9897,38.9402
2019-07-31,135.8177,212.2336,39.3538
2019-08-01,137.6018,207.6411,37.9163
2019-08-02,136.4456,203.2478,36.8431
2019-08-05,131.7712,192.6082,35.4351
2019-08-06,134.243,196.2543,34.9133
2019-08-07,134.831,198.2866,34.2044
2019-08-08,138.429,202.66,34.6671
2019-08-09,137.253,200.99,33.9976
2019-08-12,135.3393,200.48,33.7416
2019-08-13,138.14,208.97,34.0961
2019-08-14,133.98,202.75,31.8414
2019-08-15,133.68,201.74,31.162
2019-08-16,136.13,206.5,32.2155
2019-08-19,138.41,210.35,33.5742
2019-08-20,137.26,210.36,33.3773
2019-08-21,138.79,212.64,33.1706
2019-08-22,137.78,212.46,33.1903
2019-08-23,133.39,202.64,31.5362
2019-08-26,135.45,206.49,31.103
2019-08-27,135.74,204.16,30.7682
2019-08-28,135.56,205.53,31.1325
2019-08-29,138.12,209.01,31.7626
2019-08-30,137.86,208.74,31.93
2019-09-03,136.04,205.7,31.72
2019-09-04,137.63,209.19,32.98
2019-09-05,140.05,213.28,34.06
2019-09-06,139.1,213.26,34.2
2019-09-09,137.52,214.17,36.23
2019-09-10,136.08,216.7,37.46
2019-09-11,136.12,223.59,37.32
2019-09-12,137.52,223.09,36.9
2019-09-13,137.32,218.75,37.33
2019-09-16,136.33,219.9,39.31
2019-09-17,137.39,220.7,38.17
2019-09-18,138.52,222.77,38.03
2019-09-19,141.07,220.96,37.76
2019-09-20,139.44,217.73,37.3
2019-09-23,139.14,218.72,37.33
2019-09-24,137.38,217.68,35.56
2019-09-25,139.36,221.03,35.24
2019-09-26,139.54,219.89,34.54
2019-09-27,137.73,218.82,34.33
2019-09-30,139.03,223.97,34.17
2019-10-01,137.07,224.59,32.7
2019-10-02,134.65,218.96,31.76
2019-10-03,136.28,220.82,32.05
2019-10-04,138.12,227.01,31.88
2019-10-07,137.12,227.06,31.8
2019-10-08,135.67,224.4,30.71
2019-10-09,138.24,227.03,30.9
2019-10-10,139.1,230.09,31.07
2019-10-11,139.68,236.21,32.48
2019-10-14,139.55,235.87,32.57
2019-10-15,141.57,235.32,32.81
2019-10-16,140.41,234.37,31.95
2019-10-17,139.69,235.28,31.89
2019-10-18,137.41,236.41,32.31
2019-10-21,138.43,240.51,33.59
2019-10-22,136.37,239.96,34.82
2019-10-23,137.24,243.18,35.33
