date,Alabama,Alaska,American Samoa,Arizona,Arkansas,California,Colorado,Connecticut,Cruise Ship,Delaware,District of Columbia,Florida,Georgia,Guam,Hawaii,Idaho,Illinois,Indiana,Iowa,Kansas,Kentucky,Louisiana,Maine,Maryland,Massachusetts,Michigan,Minnesota,Mississippi,Missouri,Montana,Nebraska,Nevada,New Hampshire,New Jersey,New Mexico,New York,North Carolina,North Dakota,Northern Mariana Islands,Ohio,Oklahoma,Oregon,Pennsylvania,Puerto Rico,Rhode Island,South Carolina,South Dakota,Tennessee,Texas,Utah,Vermont,Virgin Islands,Virginia,Washington,West Virginia,Wisconsin,Wyoming
2020-01-22,0,0,0,0,0,0,0,0,0,0,0,0,0,0,0,0,0,0,0,0,0,0,0,0,0,0,0,0,0,0,0,0,0,0,0,0,0,0,0,0,0,0,0,0,0,0,0,0,0,0,0,0,0,0,0,0,0
2020-01-23,0,0,0,0,0,0,0,0,0,0,0,0,0,0,0,0,0,0,0,0,0,0,0,0,0,0,0,0,0,0,0,0,0,0,0,0,0,0,0,0,0,0,0,0,0,0,0,0,0,0,0,0,0,0,0,0,0
2020-01-24,0,0,0,0,0,0,0,0,0,0,0,0,0,0,0,0,0,0,0,0,0,0,0,0,0,0,0,0,0,0,0,0,0,0,0,0,0,0,0,0,0,0,0,0,0,0,0,0,0,0,0,0,0,0,0,0,0
2020-01-25,0,0,0,0,0,0,0,0,0,0,0,0,0,0,0,0,0,0,0,0,0,0,0,0,0,0,0,0,0,0,0,0,0,0,0,0,0,0,0,0,0,0,0,0,0,0,0,0,0,0,0,0,0,0,0,0,0
2020-01-26,0,0,0,0,0,0,0,0,0,0,0,0,0,0,0,0,0,0,0,0,0,0,0,0,0,0,0,0,0,0,0,0,0,0,0,0,0,0,0,0,0,0,0,0,0,0,0,0,0,0,0,0,0,0,0,0,0
2020-01-27,0,0,0,0,0,0,0,0,0,0,0,0,0,0,0,0,0,0,0,0,0,0,0,0,0,0,0,0,0,0,0,0,0,0,0,0,0,0,0,0,0,0,0,0,0,0,0,0,0,0,0,0,0,0,0,0,0
2020-01-28,0,0,0,0,0,0,0,0,0,0,0,0,0,0,0,0,0,0,0,0,0,0,0,0,0,0,0,0,0,0,0,0,0,0,0,0,0,0,0,0,0,0,0,0,0,0,0,0,0,0,0,0,0,0,0,0,0
2020-01-29,0,0,0,0,0,0,0,0,0,0,0,0,0,0,0,0,0,0,0,0,0,0,0,0,0,0,0,0,0,0,0,0,0,0,0,0,0,0,0,0,0,0,0,0,0,0,0,0,0,0,0,0,0,0,0,0,0
2020-01-30,0,0,0,0,0,0,0,0,0,0,0,0,0,0,0,0,0,0,0,0,0,0,0,0,0,0,0,0,0,0,0,0,0,0,0,0,0,0,0,0,0,0,0,0,0,0,0,0,0,0,0,0,0,0,0,0,0
2020-01-31,0,0,0,0,0,0,0,0,0,0,0,0,0,0,0,0,0,0,0,0,0,0,0,0,0,0,0,0,0,0,0,0,0,0,0,0,0,0,0,0,0,0,0,0,0,0,0,0,0,0,0,0,0,0,0,0,0
2020-02-01,0,0,0,0,0,0,0,0,0,0,0,0,0,0,0,0,0,0,0,0,0,0,0,0,0,0,0,0,0,0,0,0,0,0,0,0,0,0,0,0,0,0,0,0,0,0,0,0,0,0,0,0,0,0,0,0,0
2020-02-02,0,0,0,0,0,0,0,0,0,0,0,0,0,0,0,0,0,0,0,0,0,0,0,0,0,0,0,0,0,0,0,0,0,0,0,0,0,0,0,0,0,0,0,0,0,0,0,0,0,0,0,0,0,0,0,0,0
2020-02-03,0,0,0,0,0,0,0,0,0,0,0,0,0,0,0,0,0,0,0,0,0,0,0,0,0,0,0,0,0,0,0,0,0,0,0,0,0,0,0,0,0,0,0,0,0,0,0,0,0,0,0,0,0,0,0,0,0
2020-02-04,0,0,0,0,0,0,0,0,0,0,0,0,0,0,0,0,0,0,0,0,0,0,0,0,0,0,0,0,0,0,0,0,0,0,0,0,0,0,0,0,0,0,0,0,0,0,0,0,0,0,0,0,0,0,0,0,0
2020-02-05,0,0,0,0,0,0,0,0,0,0,0,0,0,0,0,0,0,0,0,0,0,0,0,0,0,0,0,0,0,0,0,0,0,0,0,0,0,0,0,0,0,0,0,0,0,0,0,0,0,0,0,0,0,0,0,0,0
2020-02-06,0,0,0,0,0,0,0,0,0,0,0,0,0,0,0,0,0,0,0,0,0,0,0,0,0,0,0,0,0,0,0,0,0,0,0,0,0,0,0,0,0,0,0,0,0,0,0,0,0,0,0,0,0,0,0,0,0
2020-02-07,0,0,0,0,0,0,0,0,0,0,0,0,0,0,0,0,0,0,0,0,0,0,0,0,0,0,0,0,0,0,0,0,0,0,0,0,0,0,0,0,0,0,0,0,0,0,0,0,0,0,0,0,0,0,0,0,0
2020-02-08,0,0,0,0,0,0,0,0,0,0,0,0,0,0,0,0,0,0,0,0,0,0,0,0,0,0,0,0,0,0,0,0,0,0,0,0,0,0,0,0,0,0,0,0,0,0,0,0,0,0,0,0,0,0,0,0,0
2020-02-09,0,0,0,0,0,0,0,0,0,0,0,0,0,0,0,0,0,0,0,0,0,0,0,0,0,0,0,0,0,0,0,0,0,0,0,0,0,0,0,0,0,0,0,0,0,0,0,0,0,0,0,0,0,0,0,0,0
2020-02-10,0,0,0,0,0,0,0,0,0,0,0,0,0,0,0,0,0,0,0,0,0,0,0,0,0,0,0,0,0,0,0,0,0,0,0,0,0,0,0,0,0,0,0,0,0,0,0,0,0,0,0,0,0,0,0,0,0
2020-02-11,0,0,0,0,0,0,0,0,0,0,0,0,0,0,0,0,0,0,0,0,0,0,0,0,0,0,0,0,0,0,0,0,0,0,0,0,0,0,0,0,0,0,0,0,0,0,0,0,0,0,0,0,0,0,0,0,0
2020-02-12,0,0,0,0,0,0,0,0,0,0,0,0,0,0,0,0,0,0,0,0,0,0,0,0,0,0,0,0,0,0,0,0,0,0,0,0,0,0,0,0,0,0,0,0,0,0,0,0,0,0,0,0,0,0,0,0,0
2020-02-13,0,0,0,0,0,0,0,0,0,0,0,0,0,0,0,0,0,0,0,0,0,0,0,0,0,0,0,0,0,0,0,0,0,0,0,0,0,0,0,0,0,0,0,0,0,0,0,0,0,0,0,0,0,0,0,0,0
2020-02-14,0,0,0,0,0,0,0,0,0,0,0,0,0,0,0,0,0,0,0,0,0,0,0,0,0,0,0,0,0,0,0,0,0,0,0,0,0,0,0,0,0,0,0,0,0,0,0,0,0,0,0,0,0,0,0,0,0
2020-02-15,0,0,0,0,0,0,0,0,0,0,0,0,0,0,0,0,0,0,0,0,0,0,0,0,0,0,0,0,0,0,0,0,0,0,0,0,0,0,0,0,0,0,0,0,0,0,0,0,0,0,0,0,0,0,0,0,0
2020-02-16,0,0,0,0,0,0,0,0,0,0,0,0,0,0,0,0,0,0,0,0,0,0,0,0,0,0,0,0,0,0,0,0,0,0,0,0,0,0,0,0,0,0,0,0,0,0,0,0,0,0,0,0,0,0,0,0,0
2020-02-17,0,0,0,0,0,0,0,0,0,0,0,0,0,0,0,0,0,0,0,0,0,0,0,0,0,0,0,0,0,0,0,0,0,0,0,0,0,0,0,0,0,0,0,0,0,0,0,0,0,0,0,0,0,0,0,0,0
2020-02-18,0,0,0,0,0,0,0,0,0,0,0,0,0,0,0,0,0,0,0,0,0,0,0,0,0,0,0,0,0,0,0,0,0,0,0,0,0,0,0,0,0,0,0,0,0,0,0,0,0,0,0,0,0,0,0,0,0
2020-02-19,0,0,0,0,0,0,0,0,0,0,0,0,0,0,0,0,0,0,0,0,0,0,0,0,0,0,0,0,0,0,0,0,0,0,0,0,0,0,0,0,0,0,0,0,0,0,0,0,0,0,0,0,0,0,0,0,0
2020-02-20,0,0,0,0,0,0,0,0,0,0,0,0,0,0,0,0,0,0,0,0,0,0,0,0,0,0,0,0,0,0,0,0,0,0,0,0,0,0,0,0,0,0,0,0,0,0,0,0,0,0,0,0,0,0,0,0,0
2020-02-21,0,0,0,0,0,0,0,0,0,0,0,0,0,0,0,0,0,0,0,0,0,0,0,0,0,0,0,0,0,0,0,0,0,0,0,0,0,0,0,0,0,0,0,0,0,0,0,0,0,0,0,0,0,0,0,0,0
2020-02-22,0,0,0,0,0,0,0,0,0,0,0,0,0,0,0,0,0,0,0,0,0,0,0,0,0,0,0,0,0,0,0,0,0,0,0,0,0,0,0,0,0,0,0,0,0,0,0,0,0,0,0,0,0,0,0,0,0
2020-02-23,0,0,0,0,0,0,0,0,0,0,0,0,0,0,0,0,0,0,0,0,0,0,0,0,0,0,0,0,0,0,0,0,0,0,0,0,0,0,0,0,0,0,0,0,0,0,0,0,0,0,0,0,0,0,0,0,0
2020-02-24,0,0,0,0,0,0,0,0,0,0,0,0,0,0,0,0,0,0,0,0,0,0,0,0,0,0,0,0,0,0,0,0,0,0,0,0,0,0,0,0,0,0,0,0,0,0,0,0,0,0,0,0,0,0,0,0,0
2020-02-25,0,0,0,0,0,0,0,0,0,0,0,0,0,0,0,0,0,0,0,0,0,0,0,0,0,0,0,0,0,0,0,0,0,0,0,0,0,0,0,0,0,0,0,0,0,0,0,0,0,0,0,0,0,0,0,0,0
2020-02-26,0,0,0,0,0,0,0,0,0,0,0,0,0,0,0,0,0,0,0,0,0,0,0,0,0,0,0,0,0,0,0,0,0,0,0,0,0,0,0,0,0,0,0,0,0,0,0,0,0,0,0,0,0,0,0,0,0
2020-02-27,0,0,0,0,0,0,0,0,0,0,0,0,0,0,0,0,0,0,0,0,0,0,0,0,0,0,0,0,0,0,0,0,0,0,0,0,0,0,0,0,0,0,0,0,0,0,0,0,0,0,0,0,0,0,0,0,0
2020-02-28,0,0,0,0,0,0,0,0,0,0,0,0,0,0,0,0,0,0,0,0,0,0,0,0,0,0,0,0,0,0,0,0,0,0,0,0,0,0,0,0,0,0,0,0,0,0,0,0,0,0,0,0,0,0,0,0,0
2020-02-29,0,0,0,0,0,0,0,0,0,0,0,0,0,0,0,0,0,0,0,0,0,0,0,0,0,0,0,0,0,0,0,0,0,0,0,0,0,0,0,0,0,0,0,0,0,0,0,0,0,0,0,0,0,1,0,0,0
2020-03-01,0,0,0,0,0,0,0,0,0,0,0,0,0,0,0,0,0,0,0,0,0,0,0,0,0,0,0,0,0,0,0,0,0,0,0,0,0,0,0,0,0,0,0,0,0,0,0,0,0,0,0,0,0,1,0,0,0
2020-03-02,0,0,0,0,0,0,0,0,0,0,0,0,0,0,0,0,0,0,0,0,0,0,0,0,0,0,0,0,0,0,0,0,0,0,0,0,0,0,0,0,0,0,0,0,0,0,0,0,0,0,0,0,0,6,0,0,0
2020-03-03,0,0,0,0,0,0,0,0,0,0,0,0,0,0,0,0,0,0,0,0,0,0,0,0,0,0,0,0,0,0,0,0,0,0,0,0,0,0,0,0,0,0,0,0,0,0,0,0,0,0,0,0,0,7,0,0,0
2020-03-04,0,0,0,0,0,1,0,0,0,0,0,0,0,0,0,0,0,0,0,0,0,0,0,0,0,0,0,0,0,0,0,0,0,0,0,0,0,0,0,0,0,0,0,0,0,0,0,0,0,0,0,0,0,10,0,0,0
2020-03-05,0,0,0,0,0,1,0,0,0,0,0,0,0,0,0,0,0,0,0,0,0,0,0,0,0,0,0,0,0,0,0,0,0,0,0,0,0,0,0,0,0,0,0,0,0,0,0,0,0,0,0,0,0,11,0,0,0
2020-03-06,0,0,0,0,0,1,0,0,0,0,0,0,0,0,0,0,0,0,0,0,0,0,0,0,0,0,0,0,0,0,0,0,0,0,0,0,0,0,0,0,0,0,0,0,0,0,0,0,0,0,0,0,0,13,0,0,0
2020-03-07,0,0,0,0,0,1,0,0,0,0,0,0,0,0,0,0,0,0,0,0,0,0,0,0,0,0,0,0,0,0,0,0,0,0,0,0,0,0,0,0,0,0,0,0,0,0,0,0,0,0,0,0,0,16,0,0,0
2020-03-08,0,0,0,0,0,1,0,0,0,0,0,2,0,0,0,0,0,0,0,0,0,0,0,0,0,0,0,0,0,0,0,0,0,0,0,0,0,0,0,0,0,0,0,0,0,0,0,0,0,0,0,0,0,18,0,0,0
2020-03-09,0,0,0,0,0,1,0,0,0,0,0,2,0,0,0,0,0,0,0,0,0,0,0,0,0,0,0,0,0,0,0,0,0,0,0,0,0,0,0,0,0,0,0,0,0,0,0,0,0,0,0,0,0,19,0,0,0
2020-03-10,0,0,0,0,0,2,0,0,0,0,0,2,0,0,0,0,0,0,0,0,0,0,0,0,0,0,0,0,0,0,0,0,0,1,0,0,0,0,0,0,0,0,0,0,0,0,0,0,0,0,0,0,0,23,0,0,0
2020-03-11,0,0,0,0,0,4,0,0,0,0,0,2,0,0,0,0,0,0,0,0,0,0,0,0,0,0,0,0,0,0,0,0,0,1,0,1,0,0,0,0,0,0,0,0,0,0,1,0,0,0,0,0,0,24,0,0,0
2020-03-12,0,0,0,0,0,4,1,0,0,0,0,2,1,0,0,0,0,0,0,0,0,0,0,0,0,1,0,0,0,0,0,0,0,1,0,1,0,0,0,0,0,0,0,0,0,0,1,0,0,0,0,0,0,31,0,0,0
2020-03-13,0,0,0,0,0,4,2,0,0,0,0,2,1,0,0,0,0,0,0,1,0,0,0,0,0,1,0,0,0,0,0,0,0,1,0,1,0,0,0,0,0,0,0,0,0,0,1,0,0,0,0,0,0,37,0,0,0
2020-03-14,0,0,0,0,0,4,2,0,0,0,0,2,1,0,0,0,0,0,0,1,0,1,0,0,0,1,0,0,0,0,0,0,0,1,0,5,0,0,0,1,0,0,0,0,0,0,1,0,0,0,0,0,1,39,0,0,0
2020-03-15,0,0,0,0,0,5,2,0,0,0,0,3,1,0,0,0,0,0,0,1,0,2,0,0,0,1,0,0,0,0,0,0,0,2,0,10,0,0,0,1,0,1,0,0,0,0,1,0,0,0,0,0,1,40,0,0,0
2020-03-16,0,0,0,0,0,7,2,0,0,0,0,3,1,0,0,0,0,1,0,1,1,3,0,0,0,1,0,0,0,0,0,1,0,2,0,21,0,0,0,1,0,1,0,0,0,1,1,0,0,0,0,0,2,48,0,0,0
2020-03-17,0,0,0,0,0,12,3,0,0,0,0,5,1,0,0,0,1,3,0,1,1,4,0,0,0,1,0,0,0,0,0,1,0,4,0,35,0,0,0,2,0,1,0,0,0,1,1,0,2,0,0,0,2,55,0,0,0
2020-03-18,0,0,0,0,0,16,3,1,0,0,0,7,3,0,0,0,1,4,0,1,1,6,0,0,0,2,0,0,1,0,0,1,0,7,0,60,0,0,0,3,0,3,1,0,0,1,1,0,5,0,0,0,2,67,0,0,0
2020-03-19,0,0,0,0,0,18,5,3,1,0,0,9,10,0,0,0,4,4,0,1,2,10,0,1,0,2,0,1,1,0,0,1,0,13,0,88,0,0,0,3,1,3,1,0,1,1,1,0,5,0,2,0,2,73,0,3,0
2020-03-20,0,0,0,0,0,24,5,4,1,0,1,11,14,0,0,0,5,8,0,1,2,14,0,2,1,3,0,1,3,0,0,2,0,16,0,143,0,0,0,8,1,3,1,0,1,3,1,1,7,0,2,0,2,83,0,4,0
2020-03-21,0,0,0,1,0,25,6,4,1,0,2,13,20,0,0,0,6,13,0,2,3,20,0,2,1,6,1,1,3,0,0,2,0,22,0,195,0,0,0,8,1,4,2,1,1,3,1,1,8,0,2,0,3,94,0,4,0
2020-03-22,0,0,0,2,0,30,7,8,1,0,2,13,25,1,0,0,9,18,0,2,3,20,0,3,5,12,1,1,3,0,0,2,0,29,0,249,0,0,0,11,2,5,4,1,1,3,1,2,10,1,2,0,6,97,0,4,0
2020-03-23,0,0,0,2,0,39,7,10,1,0,2,18,25,1,0,0,12,23,0,2,4,35,0,3,9,18,1,1,4,0,0,4,1,40,0,351,0,0,0,15,2,5,6,2,1,5,1,2,11,1,5,0,6,109,0,4,0
2020-03-24,0,0,0,5,2,50,11,12,1,0,2,18,32,1,1,0,16,28,0,2,4,46,0,4,11,31,1,1,8,0,0,4,1,60,0,475,0,0,0,19,3,8,8,2,1,5,1,2,16,1,7,0,9,116,0,6,0
2020-03-25,1,1,0,6,2,65,20,19,1,0,2,23,40,1,1,0,19,34,1,3,5,65,0,4,15,51,1,3,9,0,0,6,1,81,1,632,2,0,0,25,5,10,15,2,1,7,1,3,20,1,8,0,9,133,0,10,0
2020-03-26,1,1,0,8,2,81,26,21,1,0,3,29,48,1,1,3,26,43,1,3,5,83,0,4,25,71,2,6,9,0,0,10,1,109,1,867,3,0,0,32,7,11,18,2,1,9,1,3,26,1,9,0,10,150,0,17,0
2020-03-27,4,1,0,13,3,94,31,27,3,1,3,35,64,1,1,3,34,46,3,4,7,119,1,5,35,107,4,8,9,1,0,10,1,141,1,1139,4,1,0,40,8,12,22,3,3,13,1,6,38,1,10,0,10,157,0,19,0
2020-03-28,4,2,0,15,5,110,44,33,3,2,4,54,69,1,1,4,47,58,3,5,9,137,1,5,44,130,5,13,13,1,2,10,2,192,1,1492,5,1,0,51,15,13,34,3,4,15,1,7,45,1,12,0,13,188,0,22,0
2020-03-29,10,2,0,17,6,124,47,34,3,2,5,56,80,1,1,5,66,76,4,7,9,151,3,10,48,157,9,14,16,1,2,15,2,219,2,1874,7,1,0,70,16,13,41,3,6,16,1,8,54,2,12,0,20,198,0,29,0
2020-03-30,10,3,0,20,7,146,51,36,3,2,9,63,87,1,1,6,73,91,6,8,11,185,3,15,56,213,10,16,16,5,2,15,3,268,2,2286,7,2,0,83,16,16,50,6,9,18,1,14,65,4,12,0,24,205,1,35,0
2020-03-31,23,3,0,25,8,173,69,69,3,3,9,85,111,2,1,8,99,112,7,9,11,239,5,18,89,292,12,20,19,5,3,26,3,366,4,2775,12,3,0,91,23,18,63,8,11,22,1,23,76,5,13,0,27,225,1,43,0
2020-04-01,27,3,0,32,10,199,79,85,3,13,9,87,139,3,1,9,141,134,9,10,18,273,5,31,122,370,17,22,24,6,4,31,3,476,5,3411,14,3,1,108,30,19,74,11,12,26,2,24,99,5,16,0,34,310,1,54,0
2020-04-02,32,3,0,35,12,238,97,112,3,16,12,164,163,3,1,9,163,156,11,13,31,310,7,36,154,453,18,26,32,6,5,38,3,681,6,4138,21,3,1,126,34,21,90,12,16,31,2,36,112,7,17,0,41,340,2,67,0
2020-04-03,38,3,0,44,12,265,111,131,3,17,15,170,184,4,3,9,210,188,11,18,34,370,9,43,192,518,22,29,45,6,6,43,5,817,10,4899,27,3,1,148,38,22,102,15,19,34,2,41,134,7,17,0,46,369,2,86,0
2020-04-04,44,5,0,52,14,289,126,165,3,17,21,195,201,4,3,10,244,213,14,18,40,409,10,54,216,585,24,35,51,6,6,46,7,1059,11,5686,34,3,1,167,42,22,136,18,28,40,2,50,153,8,20,0,52,398,2,102,0
2020-04-05,45,6,0,64,16,348,140,189,3,19,22,221,211,4,4,10,274,247,18,21,45,477,10,67,231,675,29,43,64,6,8,46,9,1185,12,6596,38,3,1,190,46,27,151,20,30,44,2,53,186,8,22,1,52,426,3,106,0
2020-04-06,49,6,0,65,16,380,150,206,3,24,24,236,229,4,5,10,307,272,25,24,45,512,10,91,260,793,30,51,72,6,9,46,9,1337,12,7657,45,3,1,210,51,27,179,21,37,48,4,65,206,13,23,1,66,450,4,116,0
2020-04-07,64,6,0,73,18,432,179,277,3,28,26,283,329,4,5,13,380,309,25,34,65,582,12,103,356,917,34,60,92,6,10,72,9,1633,13,8930,53,4,2,227,67,29,247,23,42,51,6,72,218,13,23,1,66,474,4,123,0
2020-04-08,66,7,0,89,18,495,193,326,3,32,27,309,362,4,5,15,462,338,27,38,65,652,14,124,433,1037,39,67,107,6,12,72,13,1974,13,9879,66,4,2,260,79,33,318,24,52,51,6,80,244,13,23,1,66,489,4,140,0
2020-04-09,70,7,0,98,21,544,226,380,3,34,32,354,379,4,6,18,528,374,29,44,73,702,16,138,503,1164,50,76,123,6,14,81,21,2250,16,10929,76,5,2,285,80,44,345,33,59,67,6,94,269,13,23,1,109,507,5,154,0
2020-04-10,80,7,0,106,21,583,250,448,3,36,38,390,416,4,6,24,597,399,31,50,90,755,17,171,599,1371,57,82,133,6,15,90,21,2529,17,11850,83,6,2,305,88,44,418,39,70,72,6,98,295,17,24,1,121,524,5,164,0
2020-04-11,92,8,0,117,25,604,274,494,3,44,47,438,429,5,8,25,677,419,34,52,90,806,19,206,686,1487,64,93,145,6,17,102,22,2854,19,12772,89,7,2,331,94,48,503,42,82,80,6,106,326,18,25,1,130,547,5,177,0
2020-04-12,93,8,0,125,27,640,289,554,3,49,50,461,433,5,9,27,720,448,41,63,97,840,19,236,756,1592,70,96,157,6,17,112,23,3096,26,13710,89,7,2,362,96,52,557,44,91,82,6,106,348,18,27,1,141,562,6,183,0
2020-04-13,99,8,0,132,29,714,306,602,3,54,52,499,465,5,9,27,798,483,41,70,113,884,19,262,844,1724,70,98,167,7,17,114,23,3263,26,14728,94,8,2,398,99,53,589,45,100,82,6,109,383,18,28,1,149,582,8,195,1
2020-04-14,114,9,0,143,32,767,327,671,3,61,67,571,525,5,9,33,868,529,49,77,114,1013,20,302,844,1899,79,111,185,7,20,126,25,3678,31,15608,112,8,2,431,108,55,691,45,108,97,6,124,409,18,29,1,154,599,9,204,1
2020-04-15,118,9,0,155,33,860,354,868,3,68,72,596,552,5,9,39,949,567,53,78,115,1103,24,311,1108,2056,87,122,202,7,20,131,32,4088,36,16394,130,9,2,466,123,58,779,51,125,106,6,124,453,20,29,1,195,609,10,214,1
2020-04-16,133,9,0,164,37,956,372,971,3,71,81,668,587,5,9,41,1072,601,60,80,129,1156,27,319,1108,2136,87,129,216,7,21,137,32,4510,36,17137,150,9,2,500,131,64,841,56,139,111,7,136,489,20,33,1,208,630,12,225,2
2020-04-17,148,9,0,183,37,1037,389,1036,3,77,86,725,650,5,9,41,1132,637,64,84,137,1213,29,334,1245,2375,111,140,229,8,24,142,37,4881,44,17614,177,9,2,548,136,70,921,58,160,116,7,141,531,23,35,2,231,649,16,233,2
2020-04-18,153,9,0,184,38,1140,411,1086,3,87,91,748,673,5,9,43,1259,665,74,86,144,1267,32,421,1404,2460,121,152,236,10,24,151,38,5169,53,18175,187,9,2,583,136,72,1042,60,175,119,7,142,554,25,38,3,258,666,16,249,2
2020-04-19,157,9,0,184,39,1177,420,1127,3,91,96,774,687,5,10,44,1290,702,75,93,146,1296,34,461,1706,2551,134,159,242,10,28,158,38,5505,55,18699,200,9,2,613,140,74,1276,62,186,120,7,148,577,27,38,3,277,690,18,258,2
2020-04-20,163,9,0,191,41,1225,447,1331,3,101,105,822,775,5,10,45,1349,740,79,102,154,1328,35,582,1706,2637,143,169,263,10,33,159,42,5678,58,19670,218,9,2,654,143,75,1348,63,196,123,7,152,598,28,38,3,300,709,24,262,2
2020-04-21,183,9,0,208,42,1282,483,1423,3,106,112,867,798,5,10,48,1468,790,83,109,171,1405,36,652,1961,2746,160,183,281,12,33,163,42,5974,58,20341,245,13,2,691,164,78,1614,64,214,124,8,157,638,32,40,3,324,725,26,269,2
2020-04-22,196,9,0,231,42,1421,506,1544,3,119,127,893,848,5,12,51,1565,841,90,112,185,1473,39,698,2182,2987,179,193,301,14,38,172,48,6407,71,20859,265,14,2,734,170,78,1673,66,232,140,9,157,666,32,40,3,349,734,27,277,6
2020-04-23,202,9,0,249,45,1533,552,1639,3,133,139,987,881,5,12,54,1688,879,96,113,191,1599,44,748,2360,3157,200,201,317,14,47,195,51,6713,78,21516,281,15,2,772,179,83,1724,69,247,150,9,171,717,35,43,3,373,747,31,282,7
2020-04-24,209,9,0,266,47,1621,674,1767,3,149,153,1046,899,5,13,54,1795,916,107,118,200,1660,47,798,2556,3267,221,209,343,14,50,197,53,7003,84,22069,294,15,2,820,188,86,1747,77,262,157,10,174,738,39,44,3,411,762,32,291,7
2020-04-25,209,9,0,273,48,1689,684,1865,3,157,165,1055,907,5,13,56,1875,958,112,120,205,1707,47,875,2730,3339,244,221,357,14,50,205,53,7274,93,22505,305,16,2,851,194,87,1793,83,276,166,10,177,760,41,46,3,437,779,32,299,7
2020-04-26,219,9,0,275,51,1725,688,1924,3,170,178,1075,916,5,14,56,1933,993,118,121,208,1729,50,910,2899,3505,272,227,374,14,56,206,60,7330,99,22910,324,17,2,901,195,92,1816,84,290,174,11,181,786,41,46,4,449,799,34,310,7
2020-04-27,228,9,0,275,51,1779,706,2012,3,183,185,1088,995,5,16,56,1983,1036,127,126,213,1740,51,945,3003,3598,286,229,395,14,56,206,60,7473,99,23391,340,19,2,946,197,92,1886,84,300,177,11,184,809,41,47,4,460,810,34,320,7
2020-04-28,242,9,0,275,57,1864,736,2087,3,194,190,1171,1036,5,16,60,2125,1072,136,127,225,1801,51,1016,3153,3766,301,239,409,15,56,219,60,7904,105,23726,363,19,2,1001,207,99,2046,86,322,192,11,188,845,41,47,4,492,820,38,338,7
2020-04-29,256,9,0,308,57,1946,766,2169,3,206,205,1218,1101,5,16,60,2215,1116,148,134,234,1845,52,1078,3405,3869,319,250,424,16,56,230,60,8254,112,24172,382,19,2,1041,214,101,2373,86,340,231,13,195,878,45,47,4,522,828,38,352,7
2020-04-30,272,9,0,320,61,2031,777,2257,3,212,224,1268,1132,5,16,60,2355,1161,162,134,240,1905,53,1140,3562,3991,343,261,443,16,70,243,72,8737,123,24542,406,19,2,1070,222,103,2475,92,364,244,17,199,924,46,49,4,552,836,41,357,7
2020-05-01,289,9,0,330,64,2126,821,2339,3,224,231,1314,1169,5,16,63,2457,1198,170,140,246,1970,55,1196,3716,4069,370,281,457,16,73,246,81,9072,131,24911,419,23,2,1119,230,104,2635,94,378,256,21,204,956,46,50,4,581,850,46,367,7
2020-05-02,290,9,0,330,72,2180,832,2436,3,236,240,1364,1177,5,16,64,2559,1242,175,142,248,1993,56,1251,3846,4224,394,291,472,16,73,255,84,9302,138,25201,431,24,2,1160,238,109,2695,95,402,267,21,209,987,49,51,4,617,862,48,374,7
2020-05-03,290,9,0,362,76,2216,842,2436,3,248,251,1379,1184,5,17,64,2618,1278,184,144,253,2012,57,1281,4004,4258,418,303,484,16,78,258,86,9456,151,25484,434,25,2,1204,238,109,2720,97,423,275,21,210,1010,50,53,4,660,874,48,385,7
2020-05-04,298,9,0,362,80,2278,851,2556,3,258,258,1399,1246,5,17,64,2659,1317,188,156,261,2064,57,1317,4090,4345,427,310,495,16,78,265,86,9519,156,25837,442,25,2,1232,238,109,2838,97,441,283,21,219,1036,50,53,4,684,885,48,392,7
2020-05-05,315,9,0,395,83,2381,903,2633,3,269,264,1471,1299,5,17,65,2834,1356,207,161,275,2115,61,1390,4212,4391,455,342,524,16,78,270,92,9863,162,26119,472,25,2,1270,247,113,3179,99,457,296,24,226,1054,56,53,4,713,898,48,401,7
2020-05-06,343,10,0,426,87,2464,919,2718,3,272,277,1539,1327,5,17,66,2974,1400,219,164,283,2167,62,1437,4420,4465,485,374,539,16,78,289,92,10187,169,26689,492,31,2,1311,253,115,3345,99,478,305,29,239,1084,58,53,4,737,911,50,405,7
2020-05-07,369,10,0,450,87,2535,944,2797,3,288,285,1600,1355,5,17,67,3111,1434,231,165,294,2208,62,1503,4552,4556,508,396,562,16,91,297,114,10460,172,26916,513,31,2,1350,260,121,3589,102,499,316,31,240,1119,61,53,4,769,925,51,413,7
2020-05-08,383,10,0,517,88,2613,960,2874,3,301,304,1669,1400,5,17,67,3241,1462,243,168,298,2227,63,1560,4702,4614,534,409,583,16,93,305,121,10635,181,27233,530,33,2,1389,266,124,3715,107,521,320,31,242,1152,61,53,4,812,941,52,428,7
2020-05-09,390,10,0,532,88,2687,967,2932,3,305,311,1715,1403,5,17,67,3349,1495,252,174,304,2267,64,1614,4840,4757,558,421,594,16,94,313,131,10805,191,27454,551,35,2,1429,270,127,3779,108,536,330,34,242,1183,66,53,4,827,952,52,434,7
2020-05-10,393,10,0,536,91,2716,971,2967,3,316,323,1721,1406,5,17,67,3406,1529,265,174,304,2286,64,1644,4979,4783,578,430,605,16,96,316,133,10962,200,27627,564,35,2,1463,272,127,3806,111,550,331,34,243,1214,67,53,4,839,968,54,447,7
2020-05-11,403,10,0,542,94,2779,987,3008,3,328,328,1735,1444,5,17,70,3459,1571,271,180,311,2308,65,1683,5108,4812,591,435,622,16,98,318,133,11053,208,27824,575,36,2,1489,274,130,3832,113,565,346,34,251,1238,68,53,5,850,974,54,452,7
2020-05-12,435,10,0,562,95,2879,1010,3041,3,339,336,1779,1498,5,17,71,3601,1610,289,184,321,2347,65,1756,5141,4904,614,457,632,16,100,321,142,11256,219,28042,600,38,2,1527,278,130,3914,114,587,355,39,266,1274,73,53,6,892,990,58,462,7
2020-05-13,450,10,0,595,97,2957,1062,3125,3,355,350,1827,1517,5,17,71,3792,1638,306,188,321,2381,66,1809,5315,4945,638,465,653,16,103,331,150,11448,231,28247,625,40,2,1564,278,134,4094,115,600,362,39,273,1299,75,53,6,928,996,58,468,7
2020-05-14,473,10,0,624,98,3052,1086,3219,3,367,358,1875,1545,5,17,72,3928,1682,318,189,328,2417,69,1866,5482,5019,672,480,665,16,103,333,151,11689,242,28408,641,40,2,1590,284,137,4288,117,615,371,43,287,1370,75,53,6,956,1004,60,478,7
2020-05-15,483,10,0,651,98,3136,1150,3285,3,378,368,1917,1588,5,17,72,4059,1715,336,193,332,2448,69,1911,5592,5058,692,493,680,16,113,343,159,11895,253,28673,667,42,2,1635,285,137,4422,122,629,380,44,290,1425,77,53,6,978,1016,64,483,7
2020-05-16,485,10,0,679,98,3208,1192,3339,3,388,375,1964,1598,5,17,73,4129,1745,346,195,334,2479,70,1957,5705,5114,709,510,691,16,123,347,171,12013,259,28845,676,42,2,1669,288,137,4480,122,644,380,44,295,1460,78,53,6,1003,1024,64,488,7
2020-05-17,488,10,0,680,98,3240,1215,3408,3,398,383,1973,1610,5,17,73,4177,1775,351,195,334,2491,70,1992,5797,5124,731,521,698,16,123,350,172,12118,265,28971,686,43,2,1703,288,137,4495,123,654,385,44,298,1486,80,54,6,1010,1035,67,496,8
2020-05-18,489,10,0,687,100,3279,1224,3450,3,405,392,1997,1649,5,17,74,4234,1816,355,198,346,2563,71,2023,5862,5148,740,527,714,16,123,358,172,12200,270,29454,693,44,2,1741,288,138,4515,124,672,391,44,301,1498,80,54,6,1015,1041,68,503,10
2020-05-19,504,10,0,705,102,3403,1257,3472,3,416,400,2052,1675,5,17,74,4379,1846,367,199,366,2581,73,2081,5938,5250,757,554,729,16,123,358,172,12349,276,29652,693,45,2,1774,293,140,4628,124,683,399,46,305,1536,88,54,6,1042,1048,68,511,10
2020-05-20,522,10,0,747,107,3497,1299,3529,3,425,407,2096,1697,5,17,77,4525,1878,393,202,376,2608,73,2123,6066,5296,786,570,740,16,138,377,190,12520,283,29717,726,49,2,1803,299,144,4770,125,705,407,46,305,1580,90,54,6,1075,1052,69,523,11
2020-05-21,529,10,0,764,110,3583,1310,3583,3,430,412,2144,1775,5,17,77,4607,1917,410,204,386,2629,73,2159,6148,5366,818,580,749,16,138,383,199,12623,294,29790,734,51,2,1840,304,145,4869,126,725,416,48,313,1602,92,54,6,1100,1061,70,533,12
2020-05-22,541,10,0,775,113,3665,1324,3637,3,435,418,2190,1808,5,17,79,4715,1935,424,205,391,2668,75,2207,6228,5395,851,595,758,16,147,386,204,12769,302,29864,775,52,2,1872,307,147,5010,126,736,419,50,315,1616,93,54,6,1136,1066,72,543,12
2020-05-23,549,10,0,801,115,3737,1327,3675,3,441,427,2233,1822,5,17,79,4790,1960,446,205,391,2668,77,2243,6304,5460,861,616,765,16,147,387,208,12869,308,30032,778,52,2,1914,311,147,5112,127,749,425,50,329,1629,97,54,6,1159,1075,72,556,12
2020-05-24,551,10,0,801,116,3753,1332,3693,3,449,432,2237,1827,5,17,79,4856,1975,456,205,391,2691,78,2277,6372,5466,878,625,768,16,147,390,209,12927,317,30125,784,53,2,1941,311,148,5136,127,757,435,50,336,1683,97,54,6,1171,1084,72,564,12
2020-05-25,566,10,0,807,117,3768,1333,3742,3,455,440,2252,1848,5,17,79,4885,1997,456,207,391,2691,78,2302,6416,5479,890,635,773,16,147,394,210,12941,320,30249,790,54,2,1968,313,148,5146,129,767,440,50,338,1699,98,54,6,1208,1088,72,578,12
2020-05-26,580,10,0,810,119,3818,1352,3769,3,465,440,2259,1896,5,17,79,4923,2017,477,210,394,2702,79,2333,6473,5506,908,652,780,17,147,394,214,12994,325,30276,801,54,2,1988,318,148,5163,129,782,446,50,343,1717,101,54,6,1236,1094,72,594,13
2020-05-27,583,10,0,834,120,3894,1392,3803,3,475,445,2319,1933,5,17,81,5083,2032,496,213,400,2723,81,2392,6547,5574,942,670,784,17,153,402,223,13143,329,30462,844,56,2,2013,322,148,5265,129,792,466,54,353,1756,105,54,6,1281,1105,74,605,14
2020-05-28,591,10,0,860,125,3993,1421,3826,3,483,453,2364,1973,5,17,82,5186,2051,506,214,409,2741,84,2428,6640,5612,977,693,789,17,163,406,232,13218,335,30482,876,57,2,2033,325,151,5373,131,800,470,54,356,1782,106,55,6,1338,1109,74,621,15
2020-05-29,610,10,0,886,132,4077,1436,3868,3,490,460,2413,1987,5,17,82,5270,2073,524,215,418,2767,85,2466,6718,5646,1006,710,794,17,164,406,238,13345,344,30578,919,59,2,2059,329,151,5464,132,812,483,59,361,1801,107,55,6,1358,1115,74,634,15
2020-05-30,618,10,0,904,133,4144,1443,3912,3,494,462,2447,2004,5,17,82,5330,2096,531,215,431,2786,89,2509,6768,5704,1036,723,812,17,170,417,238,13450,351,30649,929,60,2,2080,334,153,5537,133,824,487,62,364,1848,112,55,6,1370,1117,75,645,16
2020-05-31,630,10,0,907,133,4172,1445,3944,3,497,466,2451,2053,5,17,82,5390,2113,535,215,431,2791,89,2532,6846,5731,1050,734,814,17,170,417,245,13518,356,30699,937,61,2,2110,334,153,5555,136,827,494,62,364,1866,113,55,6,1375,1123,75,650,16
2020-06-01,646,10,0,918,133,4217,1458,3970,3,500,468,2460,2094,5,17,82,5412,2133,555,217,439,2801,89,2552,7035,5758,1060,739,815,17,170,417,245,13547,362,30832,948,61,2,2140,334,154,5567,136,832,500,62,364,1879,113,55,6,1392,1128,76,656,17
2020-06-02,653,10,0,943,136,4305,1474,3972,3,501,470,2530,2102,5,17,83,5525,2153,561,222,442,2835,94,2597,7085,5795,1082,767,825,17,170,417,256,13599,367,30910,961,65,2,2161,339,157,5667,138,842,501,62,381,1909,113,55,6,1407,1134,78,661,17
2020-06-03,653,10,0,983,142,4374,1494,3989,3,505,473,2566,2123,5,17,83,5621,2179,574,226,450,2870,95,2641,7152,5813,1097,782,831,17,170,431,265,13710,375,30964,999,66,2,2190,341,159,5742,140,853,518,62,388,1940,117,55,6,1428,1139,78,667,17
2020-06-04,653,10,0,999,151,4444,1512,4007,3,517,475,2607,2149,5,17,83,5736,2202,583,227,458,2883,95,2668,7201,5839,1126,794,833,17,187,434,273,13805,383,31093,1006,66,2,2211,344,159,5832,140,865,525,64,401,1979,117,55,6,1445,1150,79,673,17
2020-06-05,676,10,0,1015,152,4529,1524,4038,3,521,479,2660,2174,5,17,83,5795,2223,593,232,466,2912,98,2702,7235,5909,1159,803,840,18,187,436,278,13887,387,31120,1015,71,2,2227,345,161,5898,141,876,539,64,408,2004,120,55,6,1454,1155,84,687,17
2020-06-06,689,10,0,1043,154,4607,1527,4055,3,521,483,2688,2178,5,17,83,5864,2233,599,233,470,2925,98,2740,7289,5916,1181,811,848,18,187,437,283,13945,392,31141,1028,72,2,2249,347,161,5931,142,882,545,65,417,2031,121,55,6,1461,1159,84,690,17
2020-06-07,692,10,0,1051,154,4632,1527,4071,3,524,489,2700,2180,5,17,83,5904,2248,605,233,470,2936,99,2749,7316,5927,1197,817,850,18,187,438,286,14016,396,31226,1032,72,2,2259,348,163,5943,142,886,546,65,418,2042,121,55,6,1472,1170,84,695,17
2020-06-08,718,10,0,1053,155,4657,1543,4084,3,527,491,2712,2208,5,17,83,5924,2265,617,236,472,2944,99,2776,7353,5942,1208,837,854,18,188,442,286,14055,400,31287,1041,72,2,2275,348,164,5953,142,890,557,65,421,2060,124,55,6,1477,1180,84,699,17
2020-06-09,729,11,0,1076,161,4745,1553,4097,3,531,495,2765,2285,5,17,85,6018,2290,626,237,477,2957,100,2811,7408,5951,1228,847,862,18,189,446,286,14148,404,31327,1068,72,2,2289,354,169,6014,142,891,568,68,435,2080,127,55,6,1496,1185,84,704,17
2020-06-10,744,11,0,1101,165,4854,1572,4120,3,533,499,2801,2329,5,17,85,6095,2307,631,240,484,2968,100,2844,7454,5952,1267,868,865,18,191,449,301,14224,410,31390,1090,73,2,2301,356,169,6062,143,895,575,69,437,2110,128,55,6,1514,1186,85,716,18
2020-06-11,755,11,0,1135,171,4934,1582,4146,3,535,502,2848,2375,5,17,85,6185,2322,640,243,493,2987,100,2875,7492,5985,1280,868,865,18,212,459,308,14291,420,31404,1106,74,2,2314,358,171,6113,144,901,588,73,441,2146,131,55,6,1520,1198,86,721,18
2020-06-12,769,12,0,1156,176,4978,1582,4159,3,537,506,2877,2418,5,17,87,6260,2338,644,243,497,2996,100,2900,7538,5990,1305,881,881,18,215,461,315,14341,420,31554,1121,74,2,2339,360,173,6162,146,903,593,74,466,2182,139,55,6,1534,1203,88,729,18
2020-06-13,773,12,0,1189,177,5076,1597,4186,3,540,511,2925,2447,5,17,87,6289,2351,650,245,499,3004,100,2926,7576,6013,1314,889,887,18,215,462,318,14476,431,31568,1127,74,2,2360,361,173,6211,146,906,599,75,472,2211,139,55,6,1541,1207,88,734,18
2020-06-14,773,12,0,1191,179,5099,1598,4201,3,541,515,2931,2451,5,17,87,6308,2372,652,245,499,3014,100,2939,7624,6016,1329,891,889,19,215,463,320,14515,435,31595,1132,74,2,2377,362,176,6215,147,909,600,75,474,2237,139,55,6,1546,1209,88,740,18
2020-06-15,774,12,0,1203,182,5114,1605,4204,3,543,515,2938,2494,5,17,87,6326,2386,658,246,505,3018,101,2947,7647,6018,1335,895,891,19,220,465,320,14565,440,31628,1140,74,2,2391,362,180,6243,147,914,602,75,482,2259,143,55,6,1552,1211,88,748,18
2020-06-16,785,12,0,1228,188,5200,1617,4210,3,544,520,2993,2529,5,17,88,6398,2401,665,246,505,3042,101,2982,7665,6034,1344,915,895,19,231,467,326,14651,447,31678,1169,74,2,2399,363,182,6276,147,922,607,77,493,2312,145,55,6,1570,1219,88,754,18
2020-06-17,790,12,0,1249,197,5271,1631,4219,3,547,523,3018,2575,5,17,88,6485,2418,675,247,518,3062,102,2996,7734,6036,1357,938,914,20,234,473,330,14694,452,31696,1181,74,2,2412,364,183,6319,147,928,617,78,498,2351,149,55,6,1583,1225,88,763,18
2020-06-18,810,12,0,1283,208,5355,1638,4226,3,548,527,3061,2605,5,17,89,6537,2443,680,251,520,3062,102,3016,7770,6061,1376,938,950,20,239,475,331,14729,456,31728,1188,75,2,2425,366,187,6361,147,935,621,78,508,2388,152,56,6,1586,1232,88,767,18
2020-06-19,822,12,0,1321,214,5426,1643,4238,3,552,530,3104,2636,5,17,89,6580,2455,681,254,522,3084,102,3030,7800,6067,1393,938,963,20,244,479,337,14762,464,31747,1202,76,2,2442,367,188,6399,147,938,639,81,515,2420,155,56,6,1602,1239,88,769,20
2020-06-20,838,12,0,1346,224,5494,1647,4251,3,552,531,3144,2642,5,17,89,6625,2465,681,256,524,3104,102,3052,7828,6087,1404,938,973,20,244,486,339,14785,466,31817,1215,76,2,2450,368,189,6419,147,942,644,81,524,2452,155,56,6,1607,1243,88,772,20
2020-06-21,839,12,0,1349,225,5515,1647,4260,3,555,533,3161,2643,5,17,89,6647,2476,686,257,526,3105,102,3066,7858,6090,1412,938,975,20,244,487,339,14802,469,31854,1245,77,2,2457,369,190,6423,149,944,653,81,526,2471,158,56,6,1611,1248,89,780,20
2020-06-22,841,12,0,1351,227,5566,1651,4263,3,557,535,3173,2648,5,17,89,6671,2491,686,258,526,3117,102,3074,7874,6097,1416,978,980,21,249,489,339,14840,469,31890,1278,77,2,2474,369,192,6426,149,946,659,81,531,2494,158,56,6,1620,1253,89,784,20
2020-06-23,864,12,0,1396,237,5626,1665,4277,3,557,537,3238,2695,5,17,89,6707,2495,689,260,537,3134,102,3092,7890,6109,1425,989,988,21,256,492,343,14893,476,31952,1296,78,2,2486,371,192,6464,149,953,673,83,542,2528,163,56,6,1645,1263,92,787,20
2020-06-24,891,12,0,1467,240,5725,1667,4287,3,559,541,3281,2698,5,17,89,6770,2505,690,261,538,3152,103,3108,7938,6114,1432,1011,998,21,257,494,347,14944,480,31974,1325,78,2,2494,372,195,6518,149,958,683,84,556,2575,163,56,6,1661,1266,92,793,20
2020-06-25,896,12,0,1495,240,5806,1669,4298,3,559,543,3327,2745,5,17,90,6810,2518,696,262,546,3164,103,3129,7963,6133,1441,1016,1000,21,260,495,357,14945,485,32007,1336,78,2,2503,375,197,6557,151,959,693,87,567,2627,164,56,6,1675,1270,92,797,20
2020-06-26,907,14,0,1536,249,5868,1673,4307,3,561,546,3366,2770,5,17,90,6847,2530,704,265,553,3190,103,3142,8013,6134,1446,1022,1009,22,266,498,365,14947,489,32030,1348,78,2,2517,377,202,6579,151,960,694,88,577,2673,166,56,6,1700,1281,92,800,20
2020-06-27,919,14,0,1580,259,5899,1674,4311,3,562,548,3390,2776,5,18,91,6873,2541,704,268,554,3190,104,3157,8041,6153,1452,1035,1014,22,267,500,367,14948,491,32051,1353,78,2,2531,384,202,6603,152,965,711,91,584,2725,167,56,6,1724,1288,93,807,20
2020-06-28,919,14,0,1594,264,5932,1676,4316,3,564,550,3419,2778,5,18,91,6888,2550,706,269,558,3199,104,3168,8060,6157,1460,1039,1014,22,267,500,367,14975,492,32078,1355,79,2,2547,385,202,6606,153,971,716,91,584,2759,167,56,6,1732,1292,93,813,20
2020-06-29,929,14,0,1598,265,5983,1681,4320,3,565,551,3447,2784,5,18,91,6902,2559,711,273,560,3199,105,3175,8095,6161,1470,1059,1016,22,269,504,367,14992,493,32109,1357,79,2,2563,385,204,6614,153,972,720,91,592,2803,168,56,6,1740,1297,93,815,20
2020-06-30,950,14,0,1645,270,6082,1690,4322,3,566,551,3505,2805,5,18,92,6923,2569,716,273,565,3221,105,3190,8107,6193,1476,1073,1019,22,274,507,371,15035,497,32110,1380,79,2,2569,387,207,6649,153,977,739,91,604,2846,172,56,6,1763,1303,93,815,20
2020-07-01,972,14,0,1725,277,6169,1697,4324,3,567,553,3550,2827,5,18,92,6951,2581,717,277,572,3238,105,3205,8120,6198,1482,1082,1033,22,276,511,373,15078,500,32111,1398,80,2,2586,389,208,6684,153,978,766,93,609,2916,173,56,6,1786,1309,93,819,20
2020-07-02,985,14,0,1764,279,6265,1701,4326,3,568,554,3617,2849,5,18,92,6987,2589,719,280,581,3255,105,3212,8132,6212,1495,1092,1044,22,282,525,375,15107,503,32112,1409,80,2,2597,395,209,6712,153,981,784,97,620,2987,176,56,6,1816,1319,93,822,20
2020-07-03,1006,15,0,1798,281,6315,1701,4335,3,568,555,3684,2857,5,19,93,7005,2600,721,282,585,3278,105,3223,8149,6215,1503,1103,1047,23,284,528,376,15164,511,32192,1419,80,2,2609,398,209,6746,154,984,793,97,633,3063,181,56,6,1845,1328,93,825,20
2020-07-04,1007,16,0,1817,286,6334,1701,4335,3,569,557,3702,2857,5,19,93,7014,2607,721,283,585,3278,107,3236,8172,6218,1503,1107,1050,23,284,530,379,15189,513,32206,1422,80,2,2621,398,213,6749,155,986,813,97,637,3128,181,56,6,1849,1335,94,827,20
2020-07-05,1007,16,0,1825,287,6373,1701,4335,3,571,559,3731,2860,5,19,93,7020,2619,721,284,585,3288,109,3243,8183,6218,1508,1111,1051,23,284,534,381,15211,513,32244,1423,80,2,2636,398,215,6753,155,988,820,97,645,3189,184,56,6,1853,1342,94,829,20
2020-07-06,1007,16,0,1829,292,6441,1702,4338,3,572,561,3778,2878,5,19,94,7026,2635,723,285,593,3296,109,3246,8198,6221,1511,1114,1051,23,284,537,382,15229,515,32261,1432,80,2,2649,399,215,6754,155,992,827,97,652,3257,190,56,6,1853,1351,95,832,20
2020-07-07,1033,17,0,1927,301,6573,1703,4338,3,573,561,3841,2899,5,19,94,7273,2644,732,289,602,3319,110,3266,8213,6251,1514,1158,1067,23,284,548,384,15281,519,32283,1446,84,2,2664,404,220,6787,157,994,846,98,665,3387,194,56,6,1881,1360,95,834,21
2020-07-08,1058,17,0,1963,305,6718,1704,4343,3,574,564,3889,2922,5,19,98,7309,2652,736,289,608,3339,110,3275,8243,6262,1523,1188,1069,23,284,553,386,15332,527,32304,1462,85,2,2676,407,224,6812,159,994,884,98,685,3510,201,56,6,1905,1368,95,838,21
2020-07-09,1068,17,0,2038,309,6859,1706,4348,3,574,568,4009,2930,5,19,100,7329,2663,741,293,612,3355,111,3288,8268,6271,1528,1204,1073,25,284,571,387,15448,533,32327,1477,85,2,2696,410,230,6848,159,994,905,101,710,3666,205,56,6,1937,1384,95,841,21
2020-07-10,1104,17,0,2082,313,6955,1724,4348,3,575,568,4102,2965,5,19,101,7345,2670,743,293,620,3380,111,3303,8296,6285,1533,1215,1084,28,286,579,390,15479,539,32369,1497,85,2,2713,416,232,6880,159,997,929,107,723,3748,207,56,6,1958,1393,95,845,21
2020-07-11,1114,17,0,2151,319,7027,1725,4348,3,576,568,4197,2996,5,19,102,7369,2681,748,295,622,3403,112,3310,8310,6313,1537,1230,1091,29,287,592,391,15525,543,32380,1513,87,2,2733,421,232,6897,167,1000,951,109,738,3842,212,56,6,1962,1400,96,847,21
2020-07-12,1121,17,0,2237,321,7051,1725,4348,3,579,568,4242,3003,5,19,102,7388,2694,752,297,625,3416,114,3319,8325,6314,1540,1249,1092,29,287,593,391,15525,545,32395,1522,87,2,2747,422,234,6904,167,1003,961,109,741,3955,215,56,6,1966,1405,96,849,21
2020-07-13,1124,17,0,2246,323,7089,1727,4371,3,581,568,4277,3026,5,22,102,7394,2703,755,298,629,3423,114,3325,8330,6321,1542,1250,1105,32,288,593,391,15560,548,32418,1529,87,2,2760,424,237,6911,167,1004,972,109,749,4056,216,56,6,1968,1414,97,856,21
2020-07-14,1164,17,0,2337,331,7250,1738,4372,3,581,568,4409,3054,5,22,103,7419,2709,757,299,635,3445,114,3334,8340,6326,1548,1272,1114,34,290,612,392,15582,551,32429,1571,88,2,2773,428,244,6931,169,1005,993,109,767,4170,226,56,6,1977,1426,97,858,22
2020-07-15,1211,17,0,2434,335,7375,1744,4380,3,581,571,4521,3091,5,22,110,7427,2720,777,304,645,3461,114,3341,8368,6330,1558,1290,1119,34,291,618,394,15634,557,32448,1589,88,2,2785,432,247,6957,171,1005,998,111,783,4343,233,56,6,1992,1429,98,865,22
2020-07-16,1230,17,0,2492,341,7489,1745,4389,3,581,574,4677,3105,5,22,114,7452,2730,781,305,650,3485,114,3347,8380,6348,1566,1308,1121,35,299,626,395,15665,562,32457,1607,89,2,2806,438,249,6984,172,1006,1070,115,796,4523,234,56,6,2007,1435,99,869,24
2020-07-17,1265,17,0,2583,353,7603,1751,4396,3,581,577,4805,3132,5,23,118,7465,2739,785,306,658,3509,115,3359,8402,6355,1573,1332,1125,37,301,637,395,15684,565,32484,1623,90,2,2819,445,254,7004,177,1008,1096,116,815,4684,235,56,6,2013,1441,100,875,24
2020-07-18,1286,18,0,2730,357,7702,1752,4396,3,583,578,4895,3169,5,24,119,7483,2748,789,308,667,3509,117,3368,8419,6364,1578,1346,1136,37,301,646,396,15699,569,32497,1648,90,2,2843,451,257,7015,178,1012,1135,116,838,4830,243,56,6,2025,1448,100,879,24
2020-07-19,1287,18,0,2761,357,7715,1752,4396,3,586,578,4982,3174,5,24,119,7488,2757,793,309,670,3543,117,3377,8431,6366,1581,1355,1136,37,301,647,398,15706,571,32516,1652,92,2,2868,451,260,7022,178,1014,1155,118,843,4944,243,56,6,2027,1457,100,886,25
2020-07-20,1291,18,0,2784,363,7770,1758,4406,3,586,579,5072,3177,5,24,122,7494,2771,798,312,671,3574,117,3382,8433,6373,1585,1358,1138,39,313,648,398,15715,578,32527,1677,93,2,2892,452,262,7025,180,1016,1164,118,847,5079,247,56,6,2031,1468,100,896,25
2020-07-21,1303,18,0,2918,374,7888,1763,4406,3,588,580,5206,3254,5,24,126,7517,2780,806,316,674,3610,118,3402,8450,6382,1588,1389,1148,40,314,676,400,15737,588,32539,1705,94,2,2905,461,269,7051,180,1017,1221,118,871,5222,251,56,6,2048,1480,101,902,25
2020-07-22,1364,19,0,2974,380,8047,1771,4406,3,590,580,5345,3335,5,25,135,7540,2793,814,321,677,3670,118,3405,8468,6388,1592,1423,1159,42,315,704,402,15746,591,32582,1732,96,2,2930,474,271,7077,185,1018,1285,119,888,5471,260,56,7,2051,1488,101,912,25
2020-07-23,1397,19,0,3063,386,8201,1786,4410,3,590,581,5518,3361,5,26,138,7560,2803,820,322,684,3686,118,3409,8484,6395,1601,1436,1189,43,316,709,405,15756,596,32591,1756,97,2,2953,477,273,7093,188,1018,1334,121,925,5674,267,56,7,2054,1497,102,920,25
2020-07-24,1438,19,0,3143,394,8337,1790,4413,3,592,581,5653,3443,5,26,144,7577,2814,826,330,691,3715,118,3422,8498,6400,1606,1463,1195,46,316,722,407,15765,601,32602,1789,99,2,2982,484,282,7116,191,1018,1385,122,938,5849,273,56,7,2067,1510,103,927,25
2020-07-25,1456,20,0,3286,399,8408,1794,4413,3,594,581,5777,3494,5,26,146,7589,2825,826,330,696,3715,119,3433,8510,6400,1611,1478,1200,46,316,732,409,15776,607,32612,1811,99,2,3010,496,285,7124,201,1021,1465,122,964,6006,274,56,7,2075,1522,103,933,25
2020-07-26,1473,20,0,3305,401,8448,1794,4413,3,595,581,5854,3498,5,26,146,7590,2835,829,331,700,3763,119,3440,8529,6400,1614,1493,1209,46,316,734,409,15787,614,32629,1817,99,2,3028,496,289,7127,201,1022,1491,123,967,6133,274,56,7,2078,1537,103,941,25
2020-07-27,1491,21,0,3356,408,8494,1799,4418,3,596,582,5931,3509,5,26,152,7608,2839,836,335,709,3786,119,3447,8536,6405,1616,1498,1221,47,317,739,409,15804,619,32639,1838,99,2,3052,496,289,7131,201,1023,1506,123,978,6833,281,56,7,2082,1545,104,946,25
2020-07-28,1491,22,0,3408,428,8679,1807,4423,3,596,583,6117,3563,5,26,160,7638,2845,839,340,719,3812,121,3458,8551,6421,1620,1540,1232,51,321,759,409,15825,626,32653,1860,100,2,3083,509,303,7154,209,1024,1565,123,999,7112,286,56,7,2095,1559,108,955,26
2020-07-29,1538,22,0,3454,434,8908,1822,4425,3,597,584,6333,3642,5,26,173,7654,2866,854,349,724,3883,121,3478,8580,6422,1629,1563,1239,54,324,780,411,15826,632,32654,1888,102,2,3117,523,311,7171,211,1024,1615,129,1020,7406,292,56,8,2125,1575,111,960,26
2020-07-30,1565,23,0,3626,442,9026,1822,4431,3,597,584,6586,3671,5,26,177,7670,2875,865,357,731,3925,122,3488,8580,6443,1634,1611,1255,55,328,801,415,15828,635,32672,1922,103,2,3143,536,316,7194,214,1025,1667,129,1033,7536,300,57,8,2141,1588,112,972,26
2020-07-31,1580,23,0,3694,453,9214,1838,4432,3,598,585,6843,3752,5,26,188,7692,2886,872,358,735,3949,123,3493,8609,6450,1640,1663,1265,60,332,830,415,15829,642,32675,1942,103,2,3167,541,322,7207,219,1026,1712,130,1060,7657,304,57,8,2174,1603,116,978,26
2020-08-01,1603,24,0,3747,458,9345,1844,4432,3,600,585,7022,3825,5,26,197,7700,2899,874,358,740,3949,123,3506,8626,6457,1646,1693,1276,61,332,832,416,15830,651,32684,1979,103,2,3181,549,325,7219,225,1027,1751,134,1067,7927,310,57,8,2215,1619,116,981,26
2020-08-02,1627,24,0,3765,464,9396,1844,4432,3,600,586,7084,3840,5,26,197,7714,2908,878,361,742,4007,123,3515,8638,6457,1654,1703,1276,61,332,832,417,15836,654,32697,1983,105,2,3203,550,326,7223,230,1029,1777,135,1073,7932,311,57,8,2218,1628,117,988,26
2020-08-03,1633,25,0,3779,475,9441,1844,4437,3,600,586,7157,3842,5,26,200,7723,2917,884,367,744,4024,124,3523,8648,6467,1656,1711,1279,64,332,847,417,15846,655,32697,2043,105,2,3222,551,328,7224,230,1030,1793,135,1092,8090,314,57,8,2218,1638,117,1000,27
2020-08-04,1666,25,0,3845,490,9684,1849,4437,3,601,587,7402,3921,5,27,210,7742,2928,888,368,751,4051,124,3530,8657,6471,1660,1753,1290,64,332,862,418,15857,658,32703,2061,107,2,3238,566,333,7248,237,1032,1847,136,1117,8308,321,57,8,2244,1656,124,1009,27
2020-08-05,1695,25,0,3932,508,9808,1851,4437,3,606,587,7627,3984,5,27,217,7770,2933,900,372,752,4096,124,3536,8659,6478,1670,1804,1297,65,340,890,418,15860,667,32736,2085,108,2,3262,583,338,7254,246,1034,1894,137,1144,8673,327,57,8,2274,1677,124,1017,27
2020-08-06,1714,25,0,4002,515,10021,1852,4437,3,606,587,7747,4026,5,29,223,7791,2948,912,378,760,4146,124,3551,8691,6506,1677,1825,1302,65,340,900,419,15863,669,32741,2126,109,2,3287,593,339,7282,258,1034,1942,141,1186,8929,330,58,9,2299,1685,124,1024,27
2020-08-07,1735,25,0,4081,521,10133,1857,4441,3,606,589,7927,4117,5,31,229,7822,2962,915,380,764,4207,124,3565,8709,6524,1681,1848,1324,70,345,920,419,15866,675,32744,2160,110,2,3313,600,348,7296,265,1036,1962,144,1206,9205,335,58,9,2317,1702,127,1030,28
2020-08-08,1755,26,0,4137,535,10307,1857,4441,3,606,590,8109,4186,5,31,235,7840,2974,927,380,772,4207,125,3577,8721,6525,1689,1874,1327,75,345,949,419,15869,681,32753,2184,112,2,3331,603,355,7310,274,1037,2007,146,1215,9414,335,58,9,2322,1711,131,1043,28
2020-08-09,1768,26,0,4150,544,10377,1858,4441,3,606,591,8186,4199,5,31,237,7845,2981,931,380,773,4263,125,3585,8735,6525,1698,1896,1334,75,345,957,419,15874,685,32755,2192,112,2,3355,603,356,7311,279,1037,2031,146,1223,9523,336,58,9,2326,1722,139,1049,28
2020-08-10,1797,26,0,4154,555,10476,1862,4444,3,606,591,8277,4229,5,34,239,7846,2997,934,387,775,4287,125,3591,8741,6526,1701,1912,1341,75,348,963,419,15878,690,32764,2199,113,2,3380,605,357,7314,279,1038,2048,146,1233,9615,345,58,9,2327,1733,141,1054,28
2020-08-11,1847,26,0,4199,566,10523,1874,4444,3,608,593,8553,4351,5,34,246,7866,3010,946,393,783,4313,126,3604,8751,6533,1707,1944,1346,77,351,981,419,15890,693,32770,2238,118,2,3404,618,368,7343,287,1041,2098,146,1271,9756,349,58,9,2344,1741,147,1063,29
2020-08-12,1882,27,0,4347,572,10753,1875,4450,3,608,593,8765,4456,5,38,246,7881,3025,953,397,790,4356,126,3612,8769,6539,1724,1989,1354,80,356,996,420,15892,695,32778,2280,120,2,3423,627,375,7380,295,1042,2144,147,1289,9897,351,58,9,2352,1755,153,1072,29
2020-08-13,1890,27,0,4383,582,10870,1882,4450,3,608,594,8913,4538,5,40,251,7905,3040,960,403,796,4402,126,3620,8790,6555,1731,2011,1356,81,360,1030,422,15893,697,32780,2287,120,2,3452,638,383,7395,306,1042,2184,148,1313,10135,353,58,9,2363,1765,153,1077,30
2020-08-14,1893,27,0,4423,587,11148,1888,4453,3,608,594,9141,4573,5,40,265,7932,3056,970,404,804,4430,126,3631,8810,6566,1739,2043,1365,81,361,1045,423,15903,703,32798,2313,121,2,3478,644,385,7434,317,1045,2204,150,1326,10439,360,58,9,2370,1780,157,1087,30
2020-08-15,1896,28,0,4492,600,11218,1896,4453,3,608,597,9345,4669,5,40,269,7937,3068,975,406,810,4430,127,3636,8826,6586,1746,2080,1378,82,361,1069,423,15910,711,32809,2343,121,2,3497,657,386,7451,329,1045,2260,152,1345,10629,363,58,9,2381,1791,160,1094,30
2020-08-16,1898,28,0,4506,602,11243,1896,4453,3,608,597,9452,4702,5,40,269,7955,3080,975,406,810,4507,127,3639,8838,6592,1752,2084,1383,82,361,1072,423,15912,714,32816,2347,125,2,3517,661,388,7453,335,1052,2269,153,1366,10763,363,58,9,2381,1802,160,1099,30
2020-08-17,1925,28,0,4506,603,11296,1896,4456,3,610,597,9539,4727,5,40,273,7967,3103,987,407,818,4526,127,3641,8842,6592,1758,2095,1415,82,362,1077,423,15916,718,32823,2348,126,2,3531,665,388,7453,335,1054,2288,153,1387,10820,364,58,9,2385,1809,160,1103,30
2020-08-18,1936,29,0,4529,619,11504,1899,4456,3,611,599,9758,4794,5,41,282,7994,3108,1002,411,830,4554,127,3650,8848,6608,1767,2127,1425,84,369,1102,424,15925,723,32835,2396,128,2,3554,679,397,7474,346,1059,2343,154,1424,11042,369,58,9,2396,1816,162,1107,30
2020-08-19,1944,29,0,4634,631,11690,1900,4457,3,611,600,9932,4849,5,42,289,8017,3124,1010,415,842,4609,127,3661,8876,6618,1784,2163,1434,84,371,1134,427,15926,729,32840,2431,130,2,3577,699,408,7508,356,1059,2360,155,1452,11285,377,58,9,2410,1828,166,1112,34
2020-08-20,1974,29,0,4684,641,11810,1903,4458,3,611,601,10049,4904,6,45,296,8044,3141,1016,419,856,4637,128,3669,8888,6634,1791,2190,1442,89,373,1172,428,15932,734,32843,2465,130,2,3601,709,412,7520,367,1062,2401,157,1488,11536,381,58,10,2427,1836,167,1119,34
2020-08-21,1996,30,0,4688,663,11946,1910,4460,3,612,602,10168,4998,7,46,305,8066,3149,1029,426,864,4687,129,3674,8901,6634,1799,2214,1445,89,376,1185,428,15941,739,32846,2494,132,2,3631,715,414,7537,374,1064,2459,159,1549,11766,383,58,10,2436,1840,171,1126,37
2020-08-22,2011,31,0,4756,674,12131,1918,4460,3,613,604,10274,5092,7,47,306,8083,3164,1033,426,872,4687,130,3685,8921,6655,1807,2237,1451,90,376,1197,429,15943,743,32848,2521,135,2,3657,725,417,7555,381,1065,2493,160,1563,11919,385,58,10,2443,1845,177,1131,37
2020-08-23,2013,32,0,4771,687,12153,1918,4460,3,614,604,10325,5132,7,47,307,8089,3176,1037,426,872,4746,131,3691,8921,6659,1813,2240,1453,90,378,1197,429,15946,745,32851,2531,136,2,3686,726,417,7557,390,1066,2504,161,1567,12043,385,58,11,2467,1849,179,1135,37
2020-08-24,2024,32,0,4771,696,12235,1919,4460,3,614,604,10397,5156,7,49,314,8097,3190,1047,429,884,4764,131,3694,8949,6663,1817,2248,1453,91,383,1200,429,15946,749,32852,2535,137,2,3709,730,420,7557,390,1067,2511,161,1588,12096,390,58,11,2471,1856,179,1142,37
2020-08-25,2037,36,0,4792,711,12382,1926,4463,3,614,604,10580,5262,7,49,326,8126,3201,1059,430,895,4797,131,3707,8961,6684,1825,2315,1470,97,383,1230,429,15953,752,32881,2570,138,2,3734,744,428,7582,395,1068,2529,161,1628,12277,397,58,12,2494,1862,187,1149,37
2020-08-26,2045,37,0,4896,732,12532,1927,4463,3,614,605,10733,5311,9,51,337,8163,3204,1071,442,902,4851,132,3717,8987,6690,1840,2373,1481,98,386,1250,429,15954,755,32887,2606,138,2,3756,763,433,7613,404,1069,2573,162,1648,12469,401,58,14,2515,1877,190,1159,37
2020-08-27,2076,37,0,4929,739,12677,1931,4465,3,614,605,10868,5393,10,55,343,8186,3220,1091,444,910,4874,132,3722,9008,6706,1855,2399,1488,98,391,1271,431,15956,764,32887,2630,139,2,3779,778,438,7622,412,1071,2628,162,1673,12691,403,58,14,2527,1886,198,1162,37
2020-08-28,2107,37,0,4978,756,12805,1937,4465,3,615,605,10957,5471,10,59,353,8206,3229,1108,445,918,4904,132,3727,9024,6712,1859,2413,1500,100,392,1287,432,15957,767,32890,2652,139,2,3803,786,447,7642,424,1073,2655,165,1701,12859,407,58,14,2550,1894,201,1169,37
2020-08-29,2152,37,0,5007,772,12894,1942,4465,3,615,605,11105,5576,10,62,358,8217,3241,1110,449,921,4904,132,3746,9036,6712,1863,2427,1528,104,392,1302,432,15958,769,32891,2683,141,2,3821,797,454,7656,428,1075,2698,167,1725,12987,407,58,14,2568,1899,215,1178,37
2020-08-30,2162,37,0,5030,784,12937,1942,4465,3,615,606,11119,5604,10,63,359,8228,3250,1113,449,929,4931,132,3752,9049,6748,1865,2441,1533,104,392,1302,432,15960,770,32909,2692,142,2,3841,799,458,7658,434,1077,2709,167,1747,13064,407,58,14,2569,1904,215,1182,37
2020-08-31,2182,37,0,5037,797,13022,1945,4465,3,617,607,11187,5633,10,70,361,8235,3263,1120,451,933,4950,132,3755,9060,6753,1866,2473,1547,104,397,1305,432,15961,779,32957,2702,143,2,3865,800,459,7659,434,1078,2720,167,1754,13105,407,58,14,2580,1912,215,1186,37
2020-09-01,2200,39,0,5044,814,13150,1946,4466,3,620,607,11374,5733,13,74,367,8273,3270,1125,456,948,4984,132,3761,9064,6767,1871,2493,1562,105,399,1313,432,15963,787,32966,2741,145,2,3890,808,464,7678,435,1080,2757,167,1781,13240,409,58,15,2612,1918,224,1194,37
2020-09-02,2217,39,0,5065,841,13317,1952,4467,3,622,608,11501,5795,13,75,372,8300,3280,1133,461,966,5004,133,3766,9070,6781,1882,2526,1578,109,399,1336,432,15964,790,32972,2779,148,2,3915,821,468,7705,443,1082,2794,169,1797,13417,410,58,15,2641,1924,233,1202,41
2020-09-03,2233,40,0,5130,861,13493,1955,4468,3,622,609,11650,5868,13,79,372,8324,3286,1136,471,976,5021,133,3778,9077,6791,1889,2536,1586,111,404,1363,432,15971,791,32976,2803,150,2,3937,835,470,7724,448,1085,2807,169,1815,13603,414,58,16,2652,1930,240,1208,41
2020-09-04,2266,40,0,5171,873,13638,1955,4468,3,622,611,11750,5931,14,81,382,8362,3300,1158,481,987,5035,134,3789,9100,6798,1899,2558,1607,114,404,1375,432,15978,794,32982,2839,150,2,3952,846,475,7735,455,1086,2846,170,1837,13729,419,58,16,2662,1932,245,1217,42
2020-09-05,2275,42,0,5207,882,13709,1971,4468,3,623,611,11811,5977,15,84,384,8385,3311,1164,481,993,5035,134,3796,9116,6806,1903,2569,1668,116,404,1388,432,15985,800,32987,2889,155,2,3971,850,480,7750,464,1087,2877,173,1862,13873,420,58,16,2677,1942,246,1218,42
2020-09-06,2276,42,0,5221,894,13731,1972,4468,3,624,611,11849,6037,15,85,385,8390,3325,1167,481,996,5093,134,3799,9125,6806,1909,2584,1685,117,404,1389,433,15989,803,32987,2890,156,2,3991,853,481,7750,477,1088,2887,173,1865,13950,422,58,17,2678,1948,249,1224,42
2020-09-07,2276,42,0,5221,908,13758,1973,4468,3,626,611,11871,6044,15,86,385,8398,3336,1170,485,996,5105,134,3804,9133,6810,1912,2585,1687,118,404,1393,433,15991,807,33002,2897,156,2,4008,853,482,7771,477,1089,2907,173,1869,13997,423,58,17,2684,1952,250,1233,42
2020-09-08,2277,42,0,5221,917,13823,1973,4474,3,627,611,11915,6070,19,88,389,8405,3351,1185,485,997,5118,134,3807,9141,6811,1914,2585,1690,119,407,1393,433,15996,807,33016,2909,156,2,4025,854,486,7780,482,1091,2912,173,1896,14099,424,58,18,2686,1954,252,1239,42
2020-09-09,2285,42,0,5251,928,13983,1977,4474,3,628,615,12110,6128,20,91,407,8433,3364,1204,499,1013,5140,134,3816,9146,6886,1921,2623,1702,122,421,1412,433,16008,813,33019,2958,157,2,4046,863,494,7794,500,1092,2942,173,1931,14229,427,58,18,2697,1958,255,1244,42
2020-09-10,2301,42,0,5273,940,14077,1979,4478,3,628,616,12326,6204,22,94,407,8461,3376,1207,503,1035,5161,134,3824,9166,6894,1936,2656,1713,123,430,1429,434,16014,816,33019,2990,160,2,4065,876,497,7807,512,1093,2975,177,1988,14245,430,58,18,2708,1965,258,1245,42
2020-09-11,2333,43,0,5288,953,14230,1985,4480,3,630,616,12502,6246,23,96,412,8505,3388,1216,516,1044,5202,134,3828,9180,6900,1949,2670,1720,131,437,1439,434,16023,818,33019,3023,164,2,4088,888,499,7829,523,1093,3028,177,2025,14522,431,58,18,2711,1972,264,1254,42
2020-09-12,2350,44,0,5315,969,14327,1988,4480,3,630,616,12600,6287,25,97,415,8527,3392,1218,526,1057,5202,135,3836,9196,6911,1958,2685,1728,133,437,1449,435,16027,821,33023,3047,167,2,4110,899,505,7829,535,1096,3040,183,2064,14629,433,58,19,2722,1978,266,1261,42
2020-09-13,2351,44,0,5322,981,14378,1988,4480,3,630,616,12608,6333,25,99,415,8541,3410,1220,528,1060,5235,136,3838,9210,6911,1971,2697,1731,135,438,1452,436,16031,823,33023,3052,168,2,4128,905,509,7829,539,1096,3064,184,2078,14709,433,58,19,2724,1983,267,1268,42
2020-09-14,2355,44,0,5322,992,14439,1990,4485,3,631,616,12642,6353,26,99,419,8546,3424,1224,542,1065,5252,136,3839,9219,6921,1974,2706,1738,138,438,1456,436,16034,823,33030,3060,170,2,4145,905,509,7855,542,1098,3077,184,2097,14753,436,58,19,2743,1990,278,1272,42
2020-09-15,2387,44,0,5344,1150,14594,1996,4485,3,632,616,12787,6397,28,100,423,8564,3436,1234,557,1074,5278,137,3849,9225,6932,1979,2734,1756,140,438,1482,438,16043,830,33038,3111,172,2,4156,912,519,7860,551,1100,3098,184,2127,14895,436,58,19,2839,1999,283,1278,42
2020-09-16,2392,44,0,5371,1157,14691,2002,4487,3,634,617,12939,6419,29,103,429,8599,3444,1248,586,1082,5296,138,3855,9245,6943,1985,2756,1765,141,439,1494,438,16054,832,33042,3149,177,2,4167,924,521,7882,570,1105,3132,192,2151,15033,437,58,19,2884,2007,293,1281,50
2020-09-17,2401,44,0,5409,1166,14804,2006,4488,3,634,619,13086,6474,31,107,434,8624,3459,1250,586,1093,5313,138,3861,9260,6955,1994,2780,1782,143,442,1506,438,16057,836,33070,3180,182,2,4189,930,521,7893,588,1105,3158,193,2164,15121,437,58,19,2920,2013,297,1287,50
2020-09-18,2428,45,0,5451,1173,14893,2009,4492,3,634,619,13225,6536,31,120,438,8647,3471,1264,596,1101,5342,138,3869,9269,6962,2002,2792,1810,146,442,1524,438,16061,841,33085,3207,184,2,4214,939,521,7921,599,1107,3177,195,2196,15232,437,58,19,2949,2021,300,1291,50
2020-09-19,2437,45,0,5467,1181,15018,2013,4492,3,635,619,13287,6599,34,120,441,8672,3481,1265,596,1108,5342,139,3876,9295,6969,2015,2809,1825,156,442,1528,438,16064,847,33086,3235,192,2,4221,943,525,7940,605,1111,3188,200,2216,15323,440,58,19,2990,2026,311,1296,50
2020-09-20,2437,45,0,5477,1181,15037,2014,4492,3,635,620,13296,6602,34,120,443,8686,3488,1265,596,1111,5368,139,3879,9310,6969,2017,2810,1826,157,442,1531,438,16067,849,33087,3243,192,2,4234,946,526,7960,608,1115,3199,202,2218,15366,440,58,19,3015,2034,314,1307,50
2020-09-21,2439,45,0,5478,1197,15056,2018,4495,3,636,621,13317,6604,35,120,447,8693,3499,1284,601,1112,5377,140,3883,9317,6981,2021,2810,1838,160,452,1531,438,16069,851,33159,3247,193,2,4250,948,529,7985,609,1117,3212,202,2233,15417,441,58,19,3021,2040,315,1311,50
2020-09-22,2457,45,0,5498,1209,15189,2025,4496,3,638,621,13416,6673,37,120,451,8722,3514,1293,614,1119,5388,140,3895,9328,6997,2031,2846,1867,163,461,1546,438,16076,854,33263,3286,196,2,4268,962,532,8002,613,1118,3243,202,2261,15521,443,58,19,3060,2051,320,1315,50
2020-09-23,2488,45,0,5525,1229,15291,2030,4497,3,640,621,13618,6769,37,122,454,8744,3531,1298,621,1124,5407,140,3902,9347,7013,2037,2870,1938,165,462,1556,438,16082,857,33264,3316,203,2,4290,970,538,8038,617,1118,3262,202,2277,15644,444,58,19,3089,2057,322,1328,50
2020-09-24,2506,46,0,5559,1246,15393,2033,4499,3,642,621,13795,6816,38,124,457,8774,3544,1303,621,1137,5423,140,3909,9362,7019,2040,2874,1951,165,462,1564,438,16091,859,33269,3356,211,2,4307,981,539,8054,627,1119,3279,210,2312,15782,444,58,19,3113,2063,328,1339,50
2020-09-25,2508,52,0,5587,1266,15516,2034,4501,3,643,623,13915,6874,39,127,458,8807,3557,1312,635,1149,5444,140,3917,9373,7027,2046,2894,1991,170,468,1573,438,16097,865,33283,3409,219,2,4331,993,542,8065,635,1120,3297,216,2352,15884,448,58,19,3136,2070,335,1348,50
2020-09-26,2510,52,0,5622,1285,15583,2040,4501,3,646,624,14022,6914,42,131,460,8832,3581,1314,635,1154,5444,140,3925,9391,7044,2056,2911,2054,171,469,1582,439,16103,870,33286,3440,227,2,4343,1004,542,8083,642,1121,3323,218,2374,15987,448,58,19,3144,2074,337,1357,50
2020-09-27,2513,56,0,5623,1308,15606,2041,4501,3,646,624,14032,6946,42,132,460,8845,3593,1316,635,1157,5465,140,3935,9404,7044,2060,2919,2056,173,470,1585,439,16106,870,33293,3441,231,2,4360,1006,543,8086,644,1121,3326,218,2377,16029,453,58,19,3159,2081,339,1370,50
2020-09-28,2515,56,0,5624,1329,15633,2044,4503,3,648,624,14037,6961,46,132,460,8858,3613,1324,644,1162,5480,140,3938,9415,7051,2067,2921,2057,174,472,1585,439,16107,873,33302,3445,234,2,4379,1007,547,8088,648,1123,3337,218,2389,16092,453,58,20,3172,2088,342,1379,50
2020-09-29,2517,56,0,5632,1350,15782,2046,4505,3,651,626,14143,6994,47,134,464,8881,3632,1341,651,1170,5490,141,3946,9423,7072,2072,2957,2066,177,478,1593,439,16117,875,33310,3494,239,2,4400,1018,555,8101,654,1124,3359,223,2420,16179,457,58,20,3187,2093,350,1390,50
2020-09-30,2540,56,0,5650,1369,15885,2051,4508,3,652,627,14317,7021,49,136,469,8916,3645,1358,678,1174,5511,141,3949,9456,7083,2089,2969,2069,180,478,1600,439,16122,877,33324,3532,246,2,4418,1031,559,8130,661,1125,3378,223,2454,16288,459,58,20,3208,2100,355,1402,50
2020-10-01,2548,57,0,5674,1384,15973,2054,4511,3,654,628,14444,7063,49,139,472,8940,3663,1366,678,1191,5519,141,3949,9480,7102,2102,2979,2074,181,493,1603,441,16140,882,33332,3579,256,2,4438,1035,560,8144,665,1127,3400,236,2501,16402,459,58,20,3228,2110,359,1415,53
2020-10-02,2550,57,0,5693,1391,16054,2057,4513,3,658,629,14554,7106,50,142,474,8992,3681,1377,698,1197,5545,141,3950,9490,7110,2112,2999,2146,186,493,1609,442,16141,887,33372,3608,264,2,4448,1044,563,8162,673,1129,3409,237,2515,16501,474,58,20,3250,2117,361,1434,53
2020-10-03,2558,58,0,5705,1407,16115,2060,4513,3,660,629,14628,7133,51,153,480,9023,3705,1381,698,1205,5545,142,3957,9507,7124,2126,3011,2164,186,497,1620,442,16143,890,33375,3629,271,2,4463,1051,571,8180,681,1131,3442,248,2560,16571,476,58,20,3270,2123,363,1443,53
2020-10-04,2558,58,0,5706,1425,16147,2068,4513,3,661,631,14671,7162,51,156,482,9040,3720,1387,698,1209,5577,142,3958,9510,7124,2133,3013,2173,187,501,1623,443,16144,892,33389,3634,274,2,4476,1051,572,8195,686,1133,3453,248,2577,16601,478,58,20,3273,2127,364,1453,53
2020-10-05,2559,58,0,5707,1447,16171,2069,4517,3,663,631,14712,7192,55,157,487,9054,3733,1398,706,1214,5586,142,3961,9530,7139,2136,3013,2175,190,503,1623,443,16146,894,33402,3637,277,2,4492,1055,572,8207,695,1137,3456,248,2597,16717,482,58,20,3276,2135,367,1465,53
2020-10-06,2580,58,0,5713,1469,16244,2081,4521,3,663,631,14767,7229,55,160,492,9085,3748,1413,706,1218,5592,142,3967,9538,7161,2140,3027,2196,192,507,1629,446,16147,894,33409,3670,280,2,4515,1066,581,8223,696,1137,3471,248,2621,16808,488,58,20,3291,2146,370,1478,53
2020-10-07,2601,59,0,5733,1482,16338,2085,4522,3,666,631,14904,7259,57,163,500,9127,3766,1419,723,1223,5604,142,3973,9557,7169,2154,3051,2225,193,507,1636,446,16152,896,33421,3693,304,2,4541,1075,583,8247,705,1139,3502,258,2642,16928,496,58,20,3303,2151,375,1503,53
2020-10-08,2637,60,0,5743,1503,16418,2095,4527,3,668,634,15068,7294,58,164,503,9159,3789,1433,747,1234,5609,142,3979,9565,7193,2160,3074,2255,197,514,1649,448,16161,899,33429,3722,310,2,4568,1085,594,8268,715,1143,3514,272,2705,17034,501,58,20,3328,2158,376,1520,54
2020-10-09,2653,60,0,5746,1530,16486,2103,4530,3,670,634,15186,7348,58,166,506,9191,3814,1454,771,1242,5635,143,3990,9577,7200,2174,3080,2380,206,514,1657,450,16164,902,33461,3747,321,2,4584,1091,597,8292,720,1146,3530,277,2732,17130,505,58,20,3344,2165,382,1544,54
2020-10-10,2664,60,0,5759,1552,16567,2112,4530,3,671,636,15186,7393,58,168,507,9221,3831,1459,773,1249,5635,143,3995,9587,7219,2184,3096,2407,209,519,1659,455,16171,907,33466,3765,336,2,4609,1095,599,8324,728,1148,3551,286,2758,17208,510,58,20,3354,2168,387,1568,54
2020-10-11,2664,60,0,5759,1569,16579,2113,4530,3,675,637,15364,7416,60,169,507,9230,3852,1462,774,1252,5655,143,3999,9604,7219,2194,3101,2408,210,519,1661,456,16174,911,33469,3770,337,2,4626,1098,599,8330,730,1154,3552,286,2767,17239,517,58,20,3358,2171,388,1596,54
2020-10-12,2665,60,0,5759,1586,16586,2116,4532,3,676,637,15412,7429,60,169,510,9243,3875,1481,787,1255,5669,143,4003,9617,7225,2197,3101,2408,212,522,1664,456,16175,915,33482,3773,345,2,4654,1104,599,8347,735,1159,3559,288,2774,17271,522,58,20,3361,2183,388,1616,54
2020-10-13,2665,60,0,5767,1611,16644,2153,4533,3,677,637,15531,7454,61,173,512,9273,3904,1491,799,1269,5679,143,4012,9630,7255,2204,3115,2408,217,527,1674,456,16182,918,33490,3816,357,2,4676,1119,605,8361,738,1166,3576,288,2797,17360,522,58,20,3372,2187,390,1642,57
2020-10-14,2706,64,0,5772,1634,16729,2160,4537,3,678,638,15595,7470,61,183,516,9320,3924,1505,838,1276,5695,143,4022,9647,7268,2233,3140,2513,225,530,1691,458,16191,921,33500,3856,365,2,4695,1132,608,8391,742,1168,3593,291,2828,17464,527,58,20,3381,2196,393,1666,57
2020-10-15,2756,65,0,5789,1645,16832,2162,4540,3,682,638,15736,7492,62,184,517,9373,3959,1516,838,1296,5707,144,4028,9672,7302,2252,3152,2531,230,535,1698,463,16197,922,33524,3874,370,2,4720,1143,611,8413,743,1170,3607,304,2864,17558,529,58,21,3388,2200,395,1695,57
2020-10-16,2786,66,0,5806,1665,16910,2172,4542,3,683,641,15830,7556,63,185,523,9425,4001,1524,859,1300,5727,145,4032,9702,7317,2265,3160,2548,235,547,1707,465,16202,928,33533,3910,388,2,4746,1154,617,8434,758,1172,3615,307,2871,17653,537,58,21,3408,2205,398,1731,57
2020-10-17,2788,67,0,5824,1684,16956,2176,4542,3,686,641,15917,7607,63,186,529,9452,4025,1528,859,1312,5727,146,4036,9723,7340,2270,3171,2566,239,547,1707,466,16204,929,33547,3929,399,2,4779,1162,619,8442,761,1174,3637,315,2903,17723,540,58,21,3422,2211,401,1761,57
2020-10-18,2788,67,0,5827,1704,16979,2176,4542,3,688,641,15967,7638,66,187,530,9474,4055,1532,859,1318,5750,146,4037,9737,7340,2287,3171,2580,241,548,1710,466,16211,934,33559,3934,404,2,4806,1171,620,8465,766,1176,3650,323,2909,17753,543,58,21,3433,2221,402,1799,57
2020-10-19,2789,67,0,5830,1714,16982,2180,4554,3,692,641,16021,7657,66,187,531,9496,4075,1548,872,1326,5766,146,4041,9753,7363,2292,3171,2588,241,554,1712,468,16214,935,33575,3939,408,2,4834,1173,627,8475,768,1177,3661,323,2922,17777,546,58,21,3457,2231,402,1838,57
2020-10-20,2805,67,0,5837,1728,17055,2182,4559,3,695,642,16105,7674,67,189,535,9537,4111,1576,895,1342,5772,146,4050,9758,7383,2299,3202,2614,252,565,1727,468,16227,942,33582,3992,412,2,4860,1191,633,8516,769,1181,3696,330,2952,17851,551,58,21,3485,2237,411,1871,61
2020-10-21,2828,68,0,5854,1751,17167,2194,4567,3,697,642,16210,7704,69,203,546,9605,4144,1594,952,1363,5784,146,4058,9780,7418,2334,3223,2641,275,576,1732,469,16245,950,33589,4032,422,2,4896,1210,635,8546,774,1184,3708,333,2970,17944,557,58,21,3515,2248,414,1910,61
2020-10-22,2843,68,0,5859,1772,17256,2198,4569,3,701,642,16267,7729,69,206,553,9647,4180,1601,952,1380,5799,146,4070,9810,7464,2354,3231,2657,278,587,1736,470,16263,953,33614,4082,431,2,4930,1221,635,8574,783,1187,3755,347,3011,17961,563,58,21,3524,2259,420,1951,68
2020-10-23,2859,68,0,5865,1782,17305,2211,4577,3,705,642,16340,7766,69,209,562,9688,4209,1629,975,1396,5820,146,4078,9830,7484,2367,3238,2689,282,591,1738,471,16273,960,33625,4114,440,2,4964,1234,649,8608,791,1190,3777,356,3076,18077,567,58,21,3539,2266,424,1997,68
2020-10-24,2866,68,0,5869,1797,17343,2218,4577,3,709,642,16417,7808,71,212,572,9751,4234,1634,975,1404,5820,146,4091,9839,7522,2381,3255,2798,294,595,1743,473,16281,965,33634,4144,448,2,4995,1245,653,8636,794,1191,3793,366,3100,18214,568,58,21,3578,2277,424,2039,68
2020-10-25,2866,68,0,5874,1812,17358,2223,4577,3,716,642,16429,7809,71,212,573,9775,4264,1635,975,1407,5837,146,4096,9864,7522,2402,3255,2810,297,596,1748,473,16285,967,33642,4157,456,2,5035,1249,653,8647,801,1193,3802,375,3131,18261,572,58,21,3579,2285,425,2081,68
2020-10-26,2866,68,0,5875,1833,17386,2226,4589,3,717,642,16449,7827,75,212,580,9792,4306,1657,976,1410,5854,146,4099,9881,7552,2406,3263,2828,303,603,1749,475,16292,976,33650,4170,461,2,5065,1251,655,8659,804,1196,3823,375,3163,18299,574,58,21,3581,2294,426,2115,77
2020-10-27,2892,70,0,5891,1857,17460,2236,4595,3,717,644,16505,7844,75,215,585,9838,4346,1680,983,1428,5872,146,4108,9888,7585,2421,3283,2845,305,620,1756,475,16306,980,33666,4211,476,2,5105,1273,664,8683,808,1201,3842,375,3207,18383,578,58,21,3600,2304,434,2161,77
2020-10-28,2911,71,0,5905,1875,17529,2249,4604,3,721,644,16571,7876,77,215,599,9889,4381,1691,1007,1442,5890,146,4115,9924,7606,2440,3302,2874,325,628,1766,478,16324,991,33675,4245,488,2,5147,1286,671,8707,813,1204,3876,384,3241,18489,588,58,21,3616,2316,438,2212,77
2020-10-29,2914,77,0,5918,1894,17559,2268,4609,3,729,645,16648,7923,78,215,615,9945,4420,1705,1008,1461,5908,146,4127,9951,7653,2472,3310,2881,337,637,1769,482,16332,994,33694,4283,499,2,5186,1306,673,8743,814,1208,3889,403,3263,18606,598,58,21,3636,2320,445,2255,87
2020-10-30,2932,81,0,5934,1900,17618,2278,4616,3,731,646,16720,7955,79,216,626,9994,4469,1714,1029,1476,5919,146,4137,9975,7665,2491,3328,2932,364,646,1777,482,16339,1007,33724,4332,512,2,5228,1326,675,8774,820,1213,3896,415,3341,18714,601,58,21,3643,2331,453,2299,87
2020-10-31,2967,82,0,5979,1925,17659,2285,4616,3,735,646,16761,7979,79,219,629,10040,4504,1716,1029,1485,5919,147,4147,9991,7699,2511,3334,3026,375,652,1777,483,16350,1018,33730,4378,524,2,5265,1337,689,8800,822,1216,3935,425,3353,18788,604,58,21,3654,2345,459,2339,87
2020-11-01,2973,83,0,5979,1958,17672,2288,4616,3,738,646,16789,7981,79,219,630,10075,4544,1733,1029,1489,5926,147,4152,10013,7699,2529,3348,3027,376,654,1781,483,16354,1026,33752,4383,531,2,5317,1345,691,8803,832,1220,3936,437,3353,18840,614,58,21,3655,2353,460,2363,87
2020-11-02,2973,84,0,5982,1985,17700,2292,4627,3,740,647,16834,7999,79,219,632,10093,4587,1756,1046,1492,5934,148,4155,10023,7716,2538,3348,3032,386,656,1784,483,16357,1036,33763,4390,540,2,5366,1354,692,8812,839,1226,3946,438,3379,18882,614,58,21,3658,2358,461,2404,97
2020-11-03,2987,84,0,6020,2003,17752,2311,4635,3,744,647,16890,8479,80,219,647,10161,4630,1780,1057,1503,5951,148,4162,10035,7761,2553,3384,3066,399,660,1807,483,16371,1045,33773,4457,555,2,5419,1375,701,8842,842,1227,3968,446,3454,18987,620,58,22,3666,2368,471,2441,101
2020-11-04,3006,84,0,6059,2026,17820,2333,4645,3,745,647,16922,8522,83,219,664,10216,4682,1801,1087,1514,5975,150,4172,10062,7782,2584,3397,3090,404,669,1814,484,16391,1059,33793,4507,567,2,5471,1392,705,8878,850,1231,3985,460,3478,19127,625,58,23,3677,2380,474,2466,105
2020-11-05,3026,84,0,6087,2037,17870,2353,4656,3,747,650,16961,8578,85,219,671,10313,4722,1814,1087,1534,5995,150,4182,10085,7833,2609,3405,3108,407,674,1824,486,16403,1082,33857,4548,596,2,5526,1413,710,8923,855,1235,3992,482,3509,19255,632,58,23,3688,2392,482,2491,105
2020-11-06,3049,84,0,6109,2056,17938,2376,4671,3,749,652,17014,8608,88,219,679,10397,4779,1828,1166,1544,6016,150,4194,10106,7880,2645,3419,3132,419,701,1845,488,16416,1088,33872,4582,613,2,5576,1429,716,8964,862,1240,4005,510,3541,19386,649,58,23,3696,2406,489,2528,105
2020-11-07,3082,84,0,6147,2068,17961,2389,4671,3,752,654,17100,8647,89,220,683,10488,4828,1842,1166,1561,6016,151,4201,10129,7945,2679,3433,3153,445,703,1850,489,16425,1104,33884,4605,628,2,5647,1429,729,9001,862,1241,4015,523,3590,19489,658,59,23,3704,2411,503,2548,114
2020-11-08,3084,84,0,6164,2085,17977,2394,4671,3,753,654,17121,8648,89,221,686,10538,4888,1845,1166,1565,6036,152,4212,10149,7945,2710,3443,3156,456,703,1851,489,16429,1118,33903,4607,639,2,5706,1438,730,9005,872,1247,4036,536,3595,19535,659,59,23,3707,2422,504,2570,114
2020-11-09,3084,84,0,6164,2108,18036,2408,4698,3,755,655,17179,8677,90,221,698,10563,4932,1872,1181,1576,6048,153,4221,10163,8008,2729,3443,3156,457,710,1852,489,16440,1130,33923,4615,644,2,5783,1444,734,9008,882,1251,4041,537,3610,19589,661,59,23,3713,2432,530,2595,114
2020-11-10,3120,92,0,6192,2112,18076,2427,4707,3,758,657,17248,8730,91,222,714,10645,4992,1898,1181,1590,6058,156,4233,10184,8094,2752,3480,3294,462,730,1859,489,16461,1144,33939,4660,674,2,5856,1451,737,9079,889,1257,4062,540,3672,19710,672,59,23,3726,2446,546,2613,127
2020-11-11,3201,96,0,6228,2126,18111,2443,4716,3,760,657,17300,8806,91,222,733,10798,5051,1927,1215,1604,6058,158,4249,10222,8136,2810,3497,3318,472,731,1877,492,16476,1158,33961,4698,686,2,5915,1470,742,9136,901,1266,4076,567,3761,19849,678,59,23,3741,2453,553,2621,127
2020-11-12,3213,96,0,6240,2144,18141,2468,4726,3,762,657,17372,8881,91,222,749,10846,5094,1946,1215,1622,6097,159,4261,10242,8185,2849,3514,3341,472,756,1880,495,16495,1176,33975,4706,697,2,5992,1481,746,9182,909,1271,4084,567,3788,20124,687,59,23,3758,2466,555,2621,127
2020-11-13,3231,97,0,6257,2148,18218,2504,4737,3,765,657,17445,8905,93,222,752,10891,5140,1972,1256,1647,6121,162,4273,10265,8308,2895,3519,3362,477,775,1893,498,16522,1198,33993,4720,707,2,6063,1493,753,9210,914,1273,4101,568,3852,20153,701,59,23,3785,2477,565,2683,127
2020-11-14,3246,98,0,6300,2159,18255,2525,4737,3,766,658,17489,8956,93,222,759,11088,5191,1985,1256,1658,6121,163,4293,10293,8376,2930,3540,3377,514,779,1908,499,16548,1208,34010,4756,726,2,6126,1516,759,9252,921,1283,4110,621,3877,20283,710,59,23,3799,2493,574,2739,144
2020-11-15,3248,98,0,6302,2183,18265,2546,4737,3,769,660,17518,8957,94,222,759,11162,5260,1989,1256,1661,6132,165,4302,10329,8376,2961,3543,3380,520,779,1909,499,16566,1215,34032,4806,736,2,6200,1528,761,9290,935,1291,4112,644,3893,20373,718,59,23,3800,2505,582,2751,144
2020-11-16,3249,98,0,6302,2225,18306,2578,4759,3,773,660,17559,8967,98,222,763,11204,5323,2023,1266,1664,6139,165,4309,10340,8431,2973,3545,3395,522,797,1917,500,16580,1236,34054,4814,743,2,6269,1538,765,9310,942,1297,4143,644,3923,20420,723,59,23,3806,2520,585,2764,144
2020-11-17,3301,100,0,6312,2245,18362,2608,4771,3,776,660,17644,9008,100,222,798,11317,5405,2064,1266,1697,6156,166,4335,10360,8511,2999,3581,3459,543,816,1944,502,16618,1264,34156,4852,775,2,6347,1544,778,9346,951,1302,4156,644,3995,20536,732,59,23,3835,2532,598,2867,155
2020-11-18,3347,100,0,6365,2275,18470,2651,4784,3,779,665,17731,9065,100,223,812,11468,5479,2102,1326,1712,6184,170,4351,10407,8573,3066,3601,3481,561,826,1947,504,16655,1290,34187,4898,791,2,6444,1570,788,9463,971,1309,4182,674,4048,20714,740,60,23,3860,2545,612,2925,155
2020-11-19,3419,101,0,6384,2297,18562,2730,4805,3,782,667,17810,9102,101,223,835,11648,5556,2127,1326,1742,6199,171,4372,10435,8717,3138,3619,3513,561,854,1953,506,16689,1302,34215,4936,801,2,6549,1588,808,9569,982,1314,4201,705,4128,20924,756,61,23,3896,2557,623,3010,176
2020-11-20,3451,101,0,6427,2321,18651,2745,4828,3,784,669,17889,9142,103,224,845,11795,5628,2159,1410,1762,6233,173,4398,10469,8774,3206,3642,3551,567,897,1982,507,16712,1325,34252,4979,824,2,6669,1603,812,9676,991,1321,4231,741,4202,21096,773,62,23,3912,2573,639,3091,176
2020-11-21,3457,102,0,6457,2337,18710,2787,4828,3,786,670,17930,9179,104,231,847,11952,5697,2191,1410,1783,6233,174,4415,10488,8875,3257,3657,3568,600,905,2011,508,16746,1350,34296,5005,840,2,6790,1624,819,9775,1012,1331,4274,777,4211,21249,787,63,23,3938,2595,658,3143,176
2020-11-22,3457,103,0,6464,2357,18727,2806,4828,3,790,670,17991,9198,106,233,849,12051,5774,2202,1410,1787,6260,176,4434,10512,8875,3297,3676,3572,603,909,2017,512,16761,1383,34319,5034,846,2,6919,1634,820,9816,1017,1343,4283,819,4266,21340,793,63,23,3938,2612,662,3150,176
2020-11-23,3459,103,0,6464,2387,18783,2810,4871,3,796,672,18085,9215,106,233,866,12112,5860,2222,1456,1792,6284,177,4448,10531,8940,3321,3676,3580,614,934,2023,512,16772,1400,34345,5039,852,2,7025,1649,826,9846,1032,1355,4288,819,4301,21395,797,63,23,3942,2631,667,3158,202
2020-11-24,3472,116,0,6515,2405,18883,2860,4881,3,800,673,18157,9221,107,233,874,12262,5941,2270,1456,1809,6323,189,4481,10551,9094,3359,3729,3764,630,934,2047,513,16819,1428,34368,5074,889,2,7151,1664,847,9924,1038,1367,4313,821,4372,21589,808,64,23,3979,2645,682,3272,202
2020-11-25,3532,116,0,6524,2425,18984,2906,4926,3,802,677,18254,9297,109,235,895,12440,6021,2312,1503,1835,6350,190,4518,10604,9170,3434,3745,3802,652,950,2071,514,16886,1451,34396,5138,893,2,7287,1680,867,10070,1052,1374,4317,849,4466,21784,834,64,23,4008,2662,695,3343,215
2020-11-26,3572,119,0,6568,2436,19026,2957,4926,3,805,677,18254,9336,111,237,895,12596,6112,2349,1503,1835,6350,190,4547,10604,9170,3434,3763,3835,658,982,2093,514,16925,1469,34451,5138,903,2,7396,1680,867,10172,1069,1386,4317,849,4519,21965,834,64,23,4029,2681,712,3415,215
2020-11-27,3572,119,0,6588,2436,19090,2977,4961,3,810,677,18363,9380,112,240,909,12686,6196,2360,1529,1871,6391,190,4569,10635,9357,3535,3769,3836,664,984,2095,517,16942,1504,34489,5210,908,2,7538,1704,885,10195,1076,1395,4346,888,4526,22026,849,67,23,4044,2695,712,3434,215
2020-11-28,3572,121,0,6624,2449,19132,2983,4961,3,813,678,18442,9424,112,240,913,12838,6270,2375,1529,1885,6391,191,4602,10676,9467,3580,3779,3844,669,989,2119,523,16965,1527,34526,5219,921,2,7685,1717,896,10234,1083,1399,4346,942,4541,22130,863,67,23,4054,2714,718,3464,215
2020-11-29,3577,121,0,6634,2470,19152,3003,4961,3,817,680,18500,9442,112,244,920,12882,6351,2399,1529,1896,6407,191,4625,10722,9467,3637,3806,3850,671,989,2136,526,16978,1540,34573,5240,926,2,7835,1736,905,10297,1094,1408,4353,943,4554,22199,868,67,23,4058,2731,729,3487,215
2020-11-30,3578,121,0,6639,2502,19214,3037,5020,3,820,680,18597,9452,112,244,929,12985,6432,2426,1560,1908,6420,194,4641,10748,9564,3652,3807,3861,681,1018,2144,526,16993,1568,34625,5261,933,2,7988,1743,912,10335,1106,1415,4381,946,4602,22271,871,69,23,4062,2762,735,3494,215
2020-12-01,3638,122,0,6687,2512,19331,3109,5040,3,826,685,18679,9515,112,244,960,13131,6518,2449,1560,1943,6455,214,4673,10778,9759,3674,3836,4026,698,1080,2164,528,17083,1589,34686,5284,960,2,8139,1758,936,10504,1122,1428,4404,948,4638,22473,890,72,23,4093,2783,758,3611,239
2020-12-02,3711,122,0,6739,2522,19446,3193,5091,3,829,690,18776,9567,112,244,991,13397,6617,2518,1679,1943,6501,218,4715,10824,9842,3751,3851,4077,713,1128,2202,537,17145,1629,34745,5366,972,2,8302,1812,953,10676,1144,1442,4444,995,4688,22684,906,74,23,4113,2806,778,3703,239
2020-12-03,3776,130,0,6821,2555,19594,3320,5111,3,834,692,18874,9648,112,246,1014,13625,6704,2603,1679,2014,6524,220,4764,10874,10035,3843,3879,4141,722,1159,2250,544,17209,1673,34812,5410,983,2,8449,1836,973,10871,1155,1454,4466,1033,4781,22910,917,75,23,4147,2823,789,3773,266
2020-12-04,3831,142,0,6885,2586,19798,3338,5146,3,838,693,18994,9725,113,256,1032,13782,6802,2665,1786,2039,6548,224,4790,10910,10117,3904,3916,4216,727,1186,2272,552,17255,1706,34869,5467,995,2,8635,1860,1003,11052,1173,1466,4496,1064,4876,23142,925,77,23,4160,2849,799,3842,266
2020-12-05,3877,143,0,6925,2620,19883,3357,5146,3,842,695,19084,9793,113,261,1032,14017,6899,2682,1786,2062,6548,227,4820,10953,10321,3979,3949,4276,734,1194,2301,559,17306,1738,34939,5516,1013,2,8809,1874,1027,11191,1185,1482,4517,1091,4905,23353,939,79,23,4197,2867,829,3934,266
2020-12-06,3889,143,0,6950,2660,19939,3358,5146,3,849,697,19177,9806,113,262,1035,14116,6987,2717,1786,2072,6584,227,4846,11004,10321,4043,3961,4284,736,1205,2315,564,17321,1749,34997,5543,1019,2,8983,1896,1033,11255,1192,1497,4566,1110,4943,23433,939,79,23,4200,2883,838,3952,266
2020-12-07,3892,146,0,6950,2713,20055,3358,5224,3,854,701,19282,9851,113,262,1055,14216,7081,2723,1856,2082,6607,227,4865,11035,10422,4064,3961,4289,742,1236,2319,566,17336,1756,35080,5560,1028,2,9155,1911,1045,11319,1203,1521,4579,1110,5009,23491,949,81,23,4208,2905,841,3973,289
2020-12-08,3942,146,0,6973,2752,20275,3372,5242,3,857,701,19378,9873,113,262,1074,14384,7187,2724,1856,2102,6652,239,4916,11076,10625,4086,4017,4430,763,1271,2359,566,17426,1756,35170,5605,1028,2,9343,1922,1080,11521,1206,1542,4585,1111,5109,23661,972,85,23,4260,2915,870,4054,289
2020-12-09,3985,150,0,7081,2786,20469,3639,5285,3,870,704,19462,9921,113,266,1103,14613,7289,2724,1941,2118,6684,246,4962,11166,10706,4168,4041,4470,771,1294,2384,570,17542,1823,35236,5661,1086,2,9528,1945,1110,11726,1219,1557,4612,1147,5171,23930,995,86,23,4281,2922,901,4142,299
2020-12-10,4034,155,0,7154,2820,20641,3759,5327,3,876,708,19591,9975,115,268,1136,14845,7395,2724,1941,2146,6724,246,5012,11209,10900,4257,4083,4544,781,1329,2434,584,17608,1846,35323,5714,1109,2,9720,1980,1123,11961,1238,1583,4627,1177,5240,24127,1016,89,23,4335,2933,921,4209,299
2020-12-11,4086,158,0,7245,2875,20859,3846,5363,3,880,709,19714,10031,115,269,1151,15067,7505,3193,2072,2168,6767,250,5064,11257,10965,4351,4124,4551,805,1343,2479,590,17662,1889,35420,5752,1130,2,9900,2007,1138,12183,1249,1603,4673,1210,5327,24359,1025,93,23,4370,2939,938,4266,321
2020-12-12,4102,176,0,7322,2911,20977,3871,5363,3,887,713,19785,10075,115,271,1169,15232,7600,3208,2072,2192,6767,257,5100,11307,11195,4418,4180,4602,816,1365,2520,600,17732,1913,35504,5796,1152,2,10083,2042,1150,12371,1266,1622,4685,1243,5400,24542,1038,95,23,4409,2941,966,4324,321
2020-12-13,4102,176,0,7357,2945,21046,3958,5363,3,900,715,19866,10076,115,274,1175,15339,7689,3209,2072,2207,6818,257,5117,11349,11195,4503,4199,4609,818,1373,2539,603,17751,1957,35620,5823,1152,2,10262,2064,1155,12490,1272,1652,4739,1259,5462,24637,1055,95,23,4411,2941,968,4339,321
2020-12-14,4102,176,0,7358,2990,21144,3969,5444,3,906,716,20003,10104,119,274,1194,15455,7796,3269,2109,2224,6845,259,5142,11388,11289,4521,4204,4613,818,1418,2548,604,17775,1978,35702,5855,1157,2,10443,2072,1161,12552,1282,1667,4751,1259,5541,24684,1062,96,23,4414,2941,978,4352,321
2020-12-15,4124,179,0,7422,3016,21496,4085,5466,3,913,720,20082,10160,119,274,1214,15587,7888,3336,2109,2239,6895,265,5206,11443,11495,4542,4252,4837,826,1438,2595,604,17872,2006,35831,5881,1170,2,10623,2086,1213,12796,1294,1683,4756,1261,5615,24894,1077,100,23,4470,2941,1012,4408,328
2020-12-16,4198,181,0,7530,3074,21889,4156,5506,3,926,720,20204,10228,119,278,1231,15777,7980,3350,2247,2262,6933,267,5270,11513,11588,4634,4294,4900,836,1448,2651,625,18003,2049,35941,5979,1195,2,10828,2128,1262,13109,1312,1702,4800,1300,5668,25160,1096,105,23,4508,3042,1039,4493,328
2020-12-17,4254,183,0,7677,3112,22177,4226,5552,3,932,725,20305,10294,119,280,1259,15985,8093,3450,2253,2316,6964,276,5319,11558,11801,4717,4320,4951,849,1453,2671,629,18080,2103,36067,6065,1204,2,11029,2144,1283,13329,1323,1719,4843,1301,5845,25406,1126,105,23,4553,3117,1071,4561,351
2020-12-18,4296,183,0,7819,3139,22442,4259,5581,3,939,728,20401,10332,119,281,1275,16206,8200,3450,2341,2344,6994,281,5358,11610,11868,4782,4354,4980,854,1470,2706,638,18124,2128,36199,6125,1225,2,11232,2161,1304,13549,1333,1734,4872,1329,5960,25736,1140,107,23,4598,3120,1091,4632,351
2020-12-19,4389,184,0,7937,3191,22599,4339,5581,3,952,730,20473,10381,119,281,1275,16326,8294,3532,2341,2371,6994,292,5412,11657,12074,4839,4390,5048,864,1475,2749,650,18173,2155,36318,6184,1231,2,11413,2189,1340,13754,1342,1754,4895,1350,5960,25920,1148,108,23,4643,3123,1122,4722,351
2020-12-20,4389,184,0,7971,3237,22677,4368,5581,3,966,737,20568,10383,119,282,1280,16407,8380,3588,2341,2397,7042,292,5448,11717,12074,4909,4409,5076,865,1486,2779,656,18194,2171,36431,6224,1231,2,11599,2212,1341,13834,1368,1768,4935,1361,6071,26034,1155,111,23,4650,3125,1128,4743,351
2020-12-21,4389,184,0,7972,3295,22929,4378,5676,3,973,742,20680,10399,120,282,1301,16527,8487,3588,2448,2412,7107,293,5471,11759,12153,4931,4411,5088,881,1511,2785,656,18223,2180,36568,6240,1233,2,11787,2218,1347,13890,1382,1779,4962,1381,6136,26144,1161,111,23,4654,3128,1129,4751,351
2020-12-22,4452,194,0,8125,3338,23306,4420,5703,3,980,744,20754,10463,121,282,1313,16671,8566,3652,2448,2440,7158,303,5519,11804,12342,4955,4490,5301,895,1521,2823,656,18326,2203,36724,6291,1238,2,11984,2240,1382,14197,1391,1797,4976,1381,6269,26322,1173,112,23,4705,3131,1171,4879,373
2020-12-23,4587,197,0,8179,3376,23651,4462,5736,3,989,751,20874,10519,121,285,1324,16842,8658,3667,2493,2466,7226,311,5568,11887,12415,5030,4533,5406,914,1561,2869,677,18466,2243,36876,6360,1243,2,12136,2283,1403,14440,1408,1807,5028,1389,6380,26580,1196,117,23,4760,3162,1194,4953,373
2020-12-24,4676,199,0,8294,3406,23955,4550,5791,3,998,756,20995,10582,121,285,1349,16960,8731,3738,2503,2466,7272,317,5627,11963,12415,5109,4556,5451,916,1568,2914,690,18544,2272,37028,6360,1260,2,12275,2328,1415,14707,1423,1824,5043,1430,6431,26868,1204,120,23,4791,3184,1228,5019,373
2020-12-25,4680,199,0,8409,3438,23991,4586,5791,3,1009,756,20995,10631,121,285,1349,17154,8811,3743,2503,2466,7272,319,5659,11963,12415,5109,4562,5460,916,1573,2941,690,18595,2307,37158,6360,1264,2,12429,2328,1415,14837,1432,1845,5043,1430,6431,27051,1204,120,23,4820,3184,1247,5025,373
2020-12-26,4685,200,0,8424,3441,24225,4592,5791,3,1017,762,21135,10685,121,285,1354,17224,8904,3743,2503,2534,7272,319,5680,12010,12690,5166,4565,5470,919,1578,2942,701,18613,2316,37286,6526,1264,2,12609,2357,1422,14858,1432,1856,5124,1446,6443,27075,1212,121,23,4840,3184,1253,5029,373
2020-12-27,4691,200,0,8427,3482,24289,4610,5791,3,1032,768,21212,10689,121,285,1354,17336,8996,3744,2503,2555,7291,323,5712,12110,12690,5206,4606,5471,924,1582,2950,708,18630,2346,37411,6549,1266,2,12781,2370,1427,14969,1445,1869,5155,1446,6512,27130,1214,127,23,4854,3184,1254,5039,373
2020-12-28,4712,200,0,8469,3537,24546,4631,5904,3,1041,771,21308,10696,121,285,1377,17470,9097,3744,2544,2563,7336,326,5740,12158,12754,5219,4634,5477,927,1587,2971,715,18651,2382,37548,6561,1270,2,12961,2383,1433,15055,1456,1883,5173,1446,6588,27205,1219,129,23,4861,3195,1263,5060,405
2020-12-29,4737,201,0,8640,3603,24988,4687,5924,3,1047,775,21409,10779,121,285,1393,17596,9216,3812,2569,2594,7397,333,5803,12218,12966,5255,4719,5578,939,1603,3016,735,18777,2403,37687,6574,1276,2,13118,2405,1449,15343,1460,1900,5198,1446,6710,27436,1235,130,23,4920,3369,1284,5152,405
2020-12-30,4774,203,0,8718,3637,25417,4750,5964,3,1055,780,21546,10846,121,285,1403,17811,9314,3822,2736,2623,7448,334,5848,12338,13018,5321,4747,5664,950,1611,3063,741,18952,2436,37840,6729,1282,2,13263,2453,1468,15665,1484,1911,5249,1464,6810,27741,1256,134,23,4984,3420,1318,5192,405
2020-12-31,4827,206,0,8864,3676,25986,4814,5995,3,1061,786,21673,10934,121,288,1436,17978,9390,3891,2736,2623,7488,347,5895,12423,13018,5382,4787,5694,961,1651,3122,759,19042,2477,37983,6748,1299,2,13409,2489,1477,15947,1503,1930,5296,1488,6907,28066,1269,136,23,5032,3461,1338,5242,438
2021-01-01,4872,206,0,9015,3711,26363,4873,5995,3,1065,788,21673,10958,122,289,1436,17978,9468,3898,2872,2623,7488,352,5942,12423,13018,5382,4816,5717,961,1668,3143,759,19160,2502,38155,6748,1316,2,13546,2489,1477,16155,1521,1944,5296,1488,6907,28359,1269,136,23,5081,3461,1361,5254,438
2021-01-02,4872,215,0,9061,3729,26551,4912,6099,3,1072,792,21890,10960,122,289,1448,18217,9562,3946,2872,2698,7488,358,5967,12502,13306,5436,4840,5721,971,1669,3148,769,19187,2534,38273,6892,1317,2,13693,2527,1492,16179,1526,1957,5385,1501,6970,28442,1294,139,23,5117,3461,1373,5256,438
2021-01-03,4873,215,0,9061,3749,26638,4934,6099,3,1080,794,21987,10964,122,289,1448,18322,9625,3946,2872,2723,7537,359,5994,12610,13306,5489,4871,5740,972,1672,3180,780,19208,2551,38415,6910,1317,2,13822,2547,1500,16230,1545,1974,5469,1513,7025,28496,1301,140,23,5124,3472,1376,5261,438
2021-01-04,4878,218,0,9064,3800,27017,4944,6168,3,1085,797,22090,10971,122,289,1459,18412,9735,3992,2890,2749,7585,361,6027,12671,13391,5502,4884,5742,975,1682,3206,781,19225,2574,38599,6941,1319,2,13978,2552,1506,16335,1555,1992,5484,1513,7168,28570,1305,144,24,5132,3482,1396,5269,438
2021-01-05,4886,218,0,9317,3836,27519,4991,6192,3,1093,801,22188,11072,123,289,1471,18562,9800,3999,2985,2772,7635,369,6082,12734,13608,5520,4975,5957,1005,1692,3235,792,19382,2594,38743,6996,1336,2,14108,2571,1550,16536,1562,2005,5498,1513,7267,28808,1312,149,24,5191,3541,1442,5366,464
2021-01-06,4994,220,0,9444,3901,28079,5050,6230,3,1102,806,22317,11165,123,299,1488,18735,9883,4060,3020,2806,7681,372,6132,12836,13667,5596,5013,5992,1015,1703,3295,816,19523,2641,38912,7076,1341,2,14247,2633,1558,16915,1570,2024,5582,1519,7379,29118,1330,152,24,5226,3605,1481,5435,464
2021-01-07,5080,223,0,9741,3926,28566,5102,6287,3,1112,808,22481,11230,124,299,1517,18941,9958,4065,3020,2843,7728,385,6173,12909,13873,5640,5013,6064,1038,1719,3339,827,19646,2680,39118,7213,1348,2,14355,2672,1568,17173,1588,2035,5661,1544,7492,29498,1359,155,24,5275,3634,1518,5477,489
2021-01-08,5191,223,0,9938,3966,29110,5138,6324,3,1116,809,22666,11314,124,303,1523,19108,10021,4124,3141,2856,7833,426,6216,12985,13913,5688,5101,6101,1049,1733,3394,846,19756,2710,39282,7328,1359,2,14486,2703,1575,17376,1592,2048,5695,1556,7618,30128,1381,156,24,5312,3699,1554,5529,489
2021-01-09,5299,224,0,10036,4010,29707,5190,6324,3,1128,813,22804,11457,124,307,1528,19210,10089,4127,3141,2876,7833,432,6246,13074,14145,5731,5146,6143,1054,1737,3450,862,19854,2732,39471,7425,1360,2,14604,2738,1603,17626,1616,2062,5758,1570,7704,30313,1390,156,24,5381,3699,1570,5567,489
2021-01-10,5334,224,0,10141,4043,30004,5208,6324,3,1137,817,22912,11458,124,308,1534,19293,10147,4138,3141,2901,7873,432,6272,13151,14145,5775,5167,6150,1056,1760,3467,869,19854,2749,39632,7567,1360,2,14737,2761,1604,17717,1630,2074,5811,1585,7785,30479,1392,156,24,5383,3699,1582,5570,489
2021-01-11,5347,224,0,10147,4081,30480,5213,6416,3,1146,821,23071,11475,124,308,1544,19363,10217,4139,3248,2922,7918,438,6301,13206,14192,5779,5186,6154,1057,1772,3500,869,19854,2764,39834,7578,1360,2,14870,2775,1613,17802,1642,2095,5826,1585,7865,30585,1396,156,24,5393,3699,1594,5575,489
2021-01-12,5573,225,0,10482,4121,31157,5242,6449,3,1157,825,23227,11662,124,308,1556,19497,10271,4222,3248,2944,7971,449,6367,13273,14296,5792,5284,6353,1067,1791,3546,878,20039,2794,40020,7638,1363,2,15006,2804,1667,18045,1645,2109,5860,1585,8011,30895,1422,158,24,5477,3789,1634,5633,522
2021-01-13,5760,226,0,10673,4186,31684,5285,6536,3,1166,831,23396,11803,124,311,1564,19617,10334,4232,3347,2991,8022,453,6404,13359,14336,5842,5315,6381,1069,1803,3596,885,20161,2807,40192,7745,1364,2,15135,2848,1708,18412,1659,2120,5911,1604,8148,31277,1449,158,24,5552,3838,1671,5679,522
2021-01-14,5945,228,0,10855,4228,32318,5316,6553,3,1178,842,23613,11975,124,317,1591,19724,10400,4251,3348,3042,8080,461,6449,13433,14511,5885,5356,6427,1077,1818,3658,897,20161,2836,40435,7825,1372,2,15238,2882,1737,18710,1679,2130,5934,1614,8232,31693,1460,162,24,5626,3876,1702,5728,522
2021-01-15,6030,229,0,11040,4263,33002,5343,6594,3,1182,842,23799,12138,125,317,1603,19873,10465,4257,3489,3061,8080,477,6494,13509,14550,5918,5411,6462,1086,1837,3698,908,20320,2874,40637,7933,1395,2,15357,2925,1758,18935,1692,2146,6037,1629,8311,32086,1472,163,24,5656,3903,1733,5770,522
2021-01-16,6119,229,0,11248,4293,33408,5363,6594,3,1188,847,24004,12291,125,319,1605,20020,10534,4321,3489,3093,8080,507,6541,13583,14669,5955,5481,6493,1088,1837,3761,927,20414,2910,40806,8016,1403,2,15467,2952,1799,19143,1703,2161,6108,1633,8355,32428,1485,163,24,5706,3903,1761,5905,522
2021-01-17,6120,229,0,11266,4311,33615,5379,6594,3,1200,850,24137,12296,125,321,1607,20050,10602,4323,3489,3127,8203,511,6567,13652,14669,5995,5521,6496,1092,1837,3779,933,20439,2932,40993,8083,1406,2,15575,2987,1800,19255,1703,2169,6237,1656,8391,32600,1493,163,24,5729,3903,1776,5906,522
2021-01-18,6121,229,0,11266,4343,33746,5386,6670,3,1210,857,24274,12360,125,321,1607,20118,10670,4324,3511,3167,8253,514,6596,13705,14686,6007,5524,6500,1093,1842,3784,933,20458,2958,41173,8083,1406,2,15686,2994,1803,19330,1703,2187,6248,1667,8430,32711,1500,163,24,5739,3903,1784,5926,522
2021-01-19,6126,230,0,11266,4386,34441,5388,6682,3,1219,861,24436,12572,128,323,1637,20153,10720,4332,3511,3194,8324,519,6650,13749,14702,6013,5574,6513,1093,1842,3792,938,20512,2975,41368,8139,1408,2,15774,3037,1808,19423,1703,2199,6259,1667,8471,33032,1507,163,24,5798,3940,1815,5973,550
2021-01-20,6283,253,0,11528,4441,35060,5422,6726,3,1228,863,24578,12778,128,324,1646,20285,10786,4394,3565,3243,8383,530,6689,13829,14770,6047,5638,6712,1094,1862,3863,950,20664,3009,41587,8200,1409,2,15858,3085,1832,19811,1717,2223,6328,1667,8556,33491,1517,165,24,5861,3940,1836,6035,550
2021-01-21,6379,254,0,11772,4496,35796,5440,6774,3,1241,864,24739,12889,128,327,1654,20423,10837,4445,3565,3301,8442,536,6735,13906,14933,6079,5668,6748,1100,1868,3910,962,20760,3044,41787,8339,1422,2,15945,3140,1843,20063,1732,2232,6373,1673,8684,33942,1547,168,24,5940,4065,1849,6090,550
2021-01-22,6486,254,0,12001,4549,36362,5462,6819,3,1252,867,25011,13060,128,331,1667,20534,10903,4478,3587,3337,8483,540,6792,13987,14951,6100,5713,6793,1104,1878,3958,971,20875,3077,41974,8464,1428,2,16044,3187,1865,20269,1761,2248,6404,1684,8777,34381,1571,169,24,6002,4114,1856,6135,571
2021-01-23,6657,259,0,12170,4563,36846,5482,6819,3,1254,870,25164,13246,128,335,1668,20645,10950,4486,3587,3386,8483,544,6837,14064,15181,6131,5752,6811,1141,1879,4011,981,20934,3115,42134,8586,1436,2,16123,3231,1877,20454,1771,2256,6479,1696,8819,34725,1582,170,24,6079,4114,1872,6184,571
2021-01-24,6660,259,0,12238,4606,37121,5505,6819,3,1267,872,25293,13250,128,341,1669,20680,10996,4487,3587,3421,8565,544,6865,14133,15181,6163,5772,6818,1151,1879,4026,987,20951,3145,42325,8695,1436,2,16215,3279,1880,20532,1773,2272,6547,1705,8859,34911,1595,170,24,6080,4114,1895,6190,571
2021-01-25,6662,259,0,12239,4650,37543,5512,6911,3,1271,879,25446,13303,129,341,1681,20744,11037,4488,3613,3460,8590,547,6900,14178,15219,6166,5777,6825,1151,1894,4029,990,20972,3157,42544,8720,1436,2,16304,3293,1882,20593,1778,2285,6552,1705,8970,35090,1597,171,24,6081,4148,1899,6199,571
2021-01-26,6896,260,0,12448,4690,38268,5517,6934,3,1276,888,25673,13482,129,400,1688,20853,11087,4492,3613,3495,8621,558,6963,14220,15305,6174,5852,6954,1185,1905,4088,994,21105,3171,42726,8776,1440,2,16373,3323,1904,20818,1783,2296,6578,1705,9162,35420,1613,171,24,6174,4167,1928,6264,596
2021-01-27,7172,261,0,12643,4742,38817,5552,6976,3,1283,895,25833,13643,129,403,1714,20949,11137,4500,3707,3542,8688,562,6996,14304,15314,6192,5917,6988,1201,1917,4134,1006,21220,3198,42887,8915,1441,2,16431,3388,1924,21032,1794,2303,6673,1739,9316,35877,1620,172,24,6228,4211,1953,6302,596
2021-01-28,7340,262,0,12819,4784,39574,5569,7020,3,1292,902,26035,13827,129,405,1721,21074,11180,4532,3707,3611,8743,567,7037,14348,15402,6208,5945,7011,1210,1921,4181,1022,21301,3226,43093,9046,1442,2,16495,3423,1930,21264,1801,2317,6903,1763,9417,36292,1620,172,24,6308,4243,1983,6334,596
2021-01-29,7566,262,0,13022,4831,40238,5594,7046,3,1299,907,26254,13986,129,406,1725,21146,11220,4577,3767,3668,8801,570,7076,14444,15410,6236,5983,7025,1227,1921,4218,1036,21383,3248,43278,9157,1444,2,16562,3471,1938,21437,1812,2324,6942,1768,9461,36650,1655,172,24,6379,4285,2006,6390,596
2021-01-30,7566,262,0,13098,4838,40702,5620,7046,3,1301,909,26360,14196,129,406,1725,21213,11262,4651,3767,3714,8801,590,7107,14531,15525,6255,6018,7040,1232,1923,4264,1042,21455,3265,43453,9287,1447,2,16632,3504,1957,21562,1823,2333,7014,1775,9574,36924,1663,173,24,6449,4285,2015,6430,596
2021-01-31,7688,262,0,13120,4868,40928,5640,7046,3,1305,913,26479,14198,129,409,1725,21253,11296,4901,3767,3745,8859,590,7127,14577,15525,6268,6045,7041,1233,1925,4270,1057,21484,3283,43634,9335,1447,2,16690,3547,1957,21617,1829,2341,7042,1778,9650,37074,1665,174,24,6464,4285,2024,6434,596
2021-02-01,7688,262,0,13124,4895,41402,5641,7119,3,1308,916,26685,14242,129,409,1735,21273,11331,4906,3797,3780,8912,595,7154,14607,15536,6270,6056,7044,1234,1927,4278,1059,21513,3295,43805,9342,1447,2,16745,3564,1958,21651,1836,2352,7283,1778,9753,37245,1668,175,24,6474,4318,2028,6436,596
2021-02-02,7894,279,0,13362,4939,41902,5650,7133,3,1316,916,26822,14450,129,409,1741,21336,11371,4919,3797,3812,8953,618,7188,14652,15609,6278,6132,7310,1249,1929,4324,1059,21584,3310,43982,9409,1447,2,16800,3602,1981,21775,1846,2366,7318,1779,9900,37619,1685,176,24,6517,4353,2031,6480,624
2021-02-03,8203,279,0,13576,4985,42484,5664,7157,3,1318,926,27019,14587,129,413,1748,21420,11408,4975,3872,3863,9006,627,7220,14708,15644,6302,6158,7385,1303,1931,4373,1076,21693,3338,44148,9578,1447,2,16868,3654,1991,21919,1853,2380,7394,1782,10033,38039,1697,179,24,6575,4388,2058,6496,624
2021-02-04,8365,279,0,13752,5009,43120,5682,7185,3,1321,932,27247,14756,129,415,1753,21497,11597,5033,3872,3921,9044,630,7251,14784,15725,6319,6182,7411,1308,1952,4424,1085,21793,3355,44298,9728,1447,2,16914,3681,1998,22048,1861,2387,7487,1788,10202,38453,1711,181,24,6650,4416,2080,6545,624
2021-02-05,8449,279,0,13948,5050,43690,5705,7214,3,1325,940,27457,14858,129,415,1758,21603,11686,5067,4075,3971,9076,632,7287,14859,15750,6341,6222,7425,1310,1958,4463,1091,21886,3378,44466,9841,1451,2,16961,3710,2002,22208,1867,2393,7553,1798,10405,38893,1728,181,24,6732,4449,2100,6575,624
2021-02-06,8513,279,0,14011,5061,43991,5722,7214,3,1329,947,27599,15090,129,415,1767,21676,11752,5108,4075,4020,9076,634,7329,14921,15854,6357,6266,7444,1312,1968,4496,1098,21964,3386,44664,9926,1453,2,17016,3761,2020,22353,1872,2400,7611,1804,10463,39182,1733,182,24,6773,4449,2119,6611,624
2021-02-07,8515,279,0,14048,5076,44155,5731,7214,3,1335,952,27696,15092,129,417,1767,21738,11817,5108,4075,4051,9119,635,7349,14999,15854,6367,6269,7449,1314,1968,4520,1104,21989,3399,44839,9983,1453,2,17061,3813,2023,22416,1883,2412,7651,1809,10469,39322,1736,183,24,6778,4449,2129,6613,624
2021-02-08,8523,279,0,14055,5106,44494,5733,7282,3,1339,956,27815,15130,130,417,1776,21779,11875,5110,4167,4091,9142,636,7372,15054,15863,6370,6270,7452,1314,1968,4522,1106,22011,3412,44969,9991,1454,2,17107,3817,2024,22443,1888,2420,7690,1809,10566,39482,1738,183,24,6820,4451,2131,6614,624
2021-02-09,8579,280,0,14286,5148,45009,5746,7298,3,1343,961,28048,15301,130,417,1780,21802,11942,5145,4167,4126,9162,639,7413,15124,15925,6376,6342,7463,1315,1978,4559,1109,22103,3430,45140,10046,1457,2,17151,3870,2031,22590,1893,2427,7693,1809,10631,39799,1748,186,24,6898,4558,2150,6663,647
2021-02-10,8888,280,0,14462,5174,45496,5770,7326,3,1346,965,28208,15421,130,422,1791,21869,12001,5174,4270,4175,9212,641,7446,15207,15939,6387,6367,7473,1320,1986,4582,1116,22250,3461,45312,10181,1459,2,17184,3900,2044,22726,1897,2437,7742,1815,10731,40148,1765,187,24,6932,4603,2175,6705,647
2021-02-11,9021,280,0,14662,5199,46022,5781,7354,3,1350,973,28382,15513,130,423,1791,21985,12027,5196,4270,4211,9239,641,7467,15269,16019,6411,6390,7702,1320,1990,4637,1117,22329,3479,45453,10294,1460,2,17218,3948,2056,22835,1902,2447,7837,1829,10812,40535,1774,188,25,6958,4633,2187,6723,647
2021-02-12,9180,282,0,14834,5212,46466,5790,7381,3,1352,976,28565,15708,130,424,1796,22027,12117,5223,4329,4253,9276,643,7503,15358,16027,6430,6429,7736,1324,2002,4663,1126,22393,3502,45597,10376,1461,2,17254,3959,2094,22948,1907,2452,7894,1831,10893,40901,1785,189,25,6966,4675,2200,6734,647
2021-02-13,9242,282,0,14948,5252,46874,5814,7381,3,1356,979,28683,15850,130,424,1803,22087,12149,5236,4329,4272,9276,647,7536,15424,16119,6437,6461,7766,1327,2002,4694,1130,22440,3516,45751,10453,1461,2,17275,3994,2137,23043,1915,2459,7911,1838,10902,41149,1790,189,25,6996,4675,2201,6744,647
2021-02-14,9242,282,0,14978,5265,47057,5824,7381,3,1361,979,28779,15871,130,425,1803,22121,12173,5236,4329,4282,9292,649,7554,15484,16119,6444,6462,7771,1327,2002,4709,1133,22454,3529,45884,10491,1461,2,17302,4024,2137,23065,1919,2462,7998,1844,10933,41273,1794,189,25,7012,4675,2210,6745,647
2021-02-15,9244,282,0,14978,5275,47119,5826,7447,3,1364,980,28934,15928,130,425,1803,22166,12191,5237,4370,4291,9325,649,7580,15517,16130,6446,6464,7775,1328,2003,4720,1135,22466,3538,46000,10501,1461,2,17333,4041,2137,23086,1920,2465,8034,1844,10937,41336,1796,190,25,7016,4675,2212,6749,647
2021-02-16,9257,287,0,14981,5287,47510,5828,7449,3,1364,982,29154,16174,130,425,1806,22199,12231,5263,4370,4318,9325,651,7612,15567,16149,6448,6501,7782,1331,2004,4733,1136,22497,3550,46141,10562,1461,2,17365,4061,2138,23100,1924,2473,8055,1844,10954,41386,1797,191,25,7037,4709,2216,6788,662
2021-02-17,9346,288,0,15063,5313,47936,5838,7476,3,1365,985,29311,16273,130,426,1817,22224,12250,5306,4482,4336,9391,654,7630,15623,16160,6458,6524,7819,1334,2018,4774,1148,22632,3562,46267,10670,1461,2,17384,4089,2143,23284,1930,2474,8117,1844,10985,41496,1806,191,25,7075,4759,2225,6798,662
2021-02-18,9424,288,0,15276,5323,48259,5864,7496,3,1366,992,29474,16403,130,427,1826,22297,12281,5321,4482,4373,9406,655,7661,15686,16251,6472,6531,7997,1337,2025,4805,1150,22721,3580,46436,10766,1465,2,17405,4112,2149,23381,1940,2476,8155,1847,11057,41630,1813,193,25,7090,4803,2236,6816,662
2021-02-19,9573,289,0,15421,5336,48836,5878,7523,3,1366,993,29692,16610,130,429,1826,22368,12325,5336,4573,4401,9440,656,7677,15726,16274,6480,6534,8045,1339,2043,4831,1152,22784,3599,46593,10820,1465,2,17428,4132,2149,23466,1947,2482,8213,1853,11064,41832,1834,193,25,7098,4822,2248,6852,662
2021-02-20,9590,289,0,15480,5348,49120,5887,7523,3,1366,994,29813,16742,130,429,1826,22426,12336,5336,4573,4426,9440,658,7697,15779,16342,6491,6553,8059,1341,2047,4868,1153,22834,3610,46703,10896,1467,2,17445,4155,2154,23540,1957,2485,8256,1859,11115,42041,1842,196,25,7197,4822,2254,6871,662
2021-02-21,9592,289,0,15505,5357,49345,5892,7523,3,1367,995,29906,16744,130,430,1826,22466,12372,5336,4573,4447,9466,658,7715,15826,16342,6500,6553,8059,1342,2047,4872,1154,22858,3624,46812,10926,1468,2,17460,4181,2155,23565,1979,2488,8324,1863,11133,42162,1852,197,25,7331,4822,2261,6871,662
2021-02-22,9592,290,0,15578,5363,49541,5893,7562,3,1368,995,30065,16835,130,430,1826,22506,12407,5374,4602,4460,9477,658,7732,15853,16343,6501,6553,8062,1344,2047,4882,1154,22874,3635,46924,10934,1468,2,17470,4203,2156,23580,1983,2490,8332,1863,11153,42301,1853,198,25,7486,4857,2263,6871,662
2021-02-23,9660,290,0,15650,5377,49888,5907,7572,3,1379,998,30213,16927,130,430,1840,22528,12450,5400,4602,4476,9503,660,7762,15883,16380,6502,6577,8206,1346,2050,4903,1155,22978,3644,47037,10965,1469,2,17473,4227,2162,23677,1986,2495,8357,1863,11198,42521,1865,199,25,7658,4881,2274,6910,671
2021-02-24,9744,290,0,15693,5387,50972,5917,7595,3,1402,1001,30340,17064,130,434,1840,22575,12467,5415,4681,4527,9528,677,7789,15945,16389,6511,6605,8223,1348,2054,4919,1157,23077,3658,47156,11074,1470,2,17478,4264,2194,23759,2007,2499,8398,1864,11266,42831,1879,201,25,7807,4912,2285,6936,671
2021-02-25,9831,290,0,15814,5397,51395,5925,7614,3,1406,1005,30478,17199,130,434,1850,22607,12494,5438,4681,4570,9561,701,7805,15978,16436,6518,6613,8251,1350,2063,4933,1163,23147,3671,47264,11137,1471,2,17485,4302,2204,23840,2016,2502,8443,1872,11321,43085,1890,203,25,7963,4942,2290,6994,671
2021-02-26,9869,290,0,15897,5407,51794,5940,7622,3,1418,1009,30624,17219,130,436,1859,22675,12531,5463,4692,4600,9587,701,7838,16024,16438,6530,6638,8269,1354,2078,4942,1167,23192,3685,47389,11186,1472,2,17489,4320,2206,23895,2023,2502,8477,1879,11377,43376,1907,204,25,8197,4956,2291,6999,671
2021-02-27,9930,290,0,15967,5417,51953,5945,7622,3,1418,1010,30734,17294,131,438,1860,22710,12556,5470,4692,4625,9587,702,7856,16067,16508,6543,6669,8281,1356,2082,4957,1170,23238,3700,47498,11212,1475,2,17494,4379,2208,23895,2032,2502,8498,1886,11393,43519,1929,204,25,8382,4956,2297,7014,671
2021-02-28,9930,290,0,15980,5417,52158,5951,7622,3,1422,1017,30852,17295,131,438,1860,22735,12573,5471,4692,4637,9608,703,7869,16118,16508,6551,6681,8282,1357,2082,4957,1170,23252,3716,47615,11212,1475,2,17496,4428,2208,23967,2036,2502,8546,1888,11411,43697,1935,204,25,8552,4956,2300,7014,671
2021-03-01,9931,300,0,16020,5417,52491,5952,7651,3,1422,1019,30999,17376,131,438,1867,22759,12595,5472,4700,4652,9628,703,7879,16144,16519,6554,6681,8283,1357,2082,4957,1170,23273,3729,47719,11254,1475,2,17499,4478,2212,23984,2037,2517,8562,1888,11421,43909,1940,205,25,8783,4969,2300,7014,671
2021-03-02,9991,302,0,16060,5417,52798,5959,7658,3,1426,1019,31135,17480,131,438,1871,22803,12623,5498,4700,4671,9647,703,7905,16182,16544,6558,6724,8297,1372,2084,4967,1170,23321,3740,47818,11288,1477,2,17502,4534,2225,24062,2040,2525,8576,1888,11436,44186,1949,206,25,8943,4988,2301,7050,682
2021-03-03,10029,303,0,16089,5417,53083,5970,7678,3,1440,1023,31267,17625,131,440,1876,22853,12633,5501,4772,4704,9668,705,7919,16252,16550,6575,6743,8482,1373,2091,4987,1175,23449,3753,47935,11363,1478,2,17502,4534,2252,24134,2048,2534,8620,1893,11459,44463,1955,207,25,9326,5012,2309,7069,682
2021-03-04,10094,303,0,16185,5417,53466,5974,7693,3,1444,1024,31387,17750,131,440,1876,22902,12663,5536,4772,4732,9686,705,7922,16296,16589,6589,6764,8488,1375,2092,5005,1178,23491,3769,48049,11399,1478,2,17502,4534,2284,24208,2053,2539,8660,1896,11501,44757,1966,207,25,9357,5032,2309,7082,682
2021-03-05,10122,305,0,16269,5417,53854,5986,7704,3,1453,1027,31522,17815,133,442,1876,22947,12697,5549,4779,4754,9716,705,7930,16322,16601,6602,6783,8501,1379,2112,5020,1178,23521,3787,48153,11446,1478,2,17502,4534,2293,24255,2056,2541,8699,1896,11534,45047,1970,207,25,9428,5041,2318,7094,682
2021-03-06,10149,305,0,16323,5417,54134,5986,7704,3,1464,1030,31620,17905,133,443,1879,23003,12726,5552,4779,4806,9716,706,7941,16374,16658,6614,6805,8506,1379,2113,5036,1181,23557,3796,48247,11502,1479,2,17542,4534,2296,24306,2059,2541,8719,1898,11543,45249,1975,208,25,9519,5041,2323,7103,682
2021-03-07,10161,305,0,16328,5417,54220,5990,7704,3,1473,1030,31683,17906,133,444,1879,23015,12737,5558,4779,4819,9748,706,7955,16417,16658,6618,6808,8506,1381,2113,5037,1184,23574,3808,48335,11502,1479,2,17582,4534,2296,24334,2059,2541,8754,1900,11547,45315,1976,208,25,9596,5041,2325,7106,682
2021-03-08,10174,305,0,16328,5417,54316,5990,7725,3,1475,1035,31764,17948,133,444,1890,23021,12744,5559,4779,4829,9758,706,7963,16435,16662,6624,6808,8506,1381,2113,5040,1184,23590,3811,48401,11535,1479,2,17621,4534,2298,24344,2059,2549,8760,1901,11556,45411,1977,208,25,9683,5063,2325,7106,682
2021-03-09,10186,305,0,16328,5417,54628,5997,7739,3,1482,1036,31889,17978,133,444,1892,23040,12762,5574,4779,4850,9769,723,7988,16456,16692,6764,6834,8614,1385,2113,5054,1185,23635,3830,48481,11552,1479,2,17661,4701,2303,24388,2066,2556,8763,1901,11588,45582,1990,211,25,9790,5077,2326,7134,691
