date,rain,snow,temperature
2007-01-01,Yes,No,68.0
2007-01-02,No,No,55.9
2007-01-03,No,No,62.1
2007-01-04,No,No,69.1
2007-01-05,Yes,No,72.0
2007-01-06,Yes,No,71.1
2007-01-07,Yes,No,66.0
2007-01-08,Yes,No,66.9
2007-01-09,Yes,No,55.0
2007-01-10,No,No,44.1
2007-01-11,No,No,51.1
2007-01-12,No,No,64.9
2007-01-13,No,No,69.1
2007-01-14,No,No,73.9
2007-01-15,No,No,73.9
2007-01-16,Yes,No,63.0
2007-01-17,No,No,39.9
2007-01-18,Yes,Yes,35.1
2007-01-19,Yes,No,54.0
2007-01-20,No,No,48.0
2007-01-21,Yes,No,35.1
2007-01-22,Yes,No,41.0
2007-01-23,No,No,50.0
2007-01-24,No,No,48.9
2007-01-25,No,No,46.9
2007-01-26,No,No,48.9
2007-01-27,No,No,64.0
2007-01-28,Yes,Yes,57.9
2007-01-29,No,No,37.0
2007-01-30,No,No,48.9
2007-01-31,No,No,39.9
2007-02-01,Yes,Yes,34.0
2007-02-02,Yes,No,45.0
2007-02-03,No,No,45.0
2007-02-04,No,No,50.0
2007-02-05,No,No,39.9
2007-02-06,No,No,39.0
2007-02-07,No,No,52.0
2007-02-08,No,No,48.0
2007-02-09,No,No,42.1
2007-02-10,No,No,46.0
2007-02-11,No,No,50.0
2007-02-12,No,No,64.0
2007-02-13,Yes,No,50.0
2007-02-14,Yes,No,53.1
2007-02-15,No,No,39.9
2007-02-16,No,No,39.0
2007-02-17,No,No,48.0
2007-02-18,No,No,45.0
2007-02-19,No,No,50.0
2007-02-20,No,No,66.0
2007-02-21,Yes,No,73.0
2007-02-22,No,No,73.9
2007-02-23,No,No,55.0
2007-02-24,No,Yes,57.0
2007-02-25,Yes,No,51.1
2007-02-26,No,No,61.0
2007-02-27,No,No,64.9
2007-02-28,No,No,61.0
2007-03-01,Yes,No,66.9
2007-03-02,Yes,No,68.0
2007-03-03,No,No,69.1
2007-03-04,No,No,50.0
2007-03-05,No,No,64.0
2007-03-06,No,No,55.0
2007-03-07,No,No,70.0
2007-03-08,No,No,55.0
2007-03-09,No,No,59.0
2007-03-10,No,No,71.1
2007-03-11,Yes,No,70.0
2007-03-12,No,No,66.9
2007-03-13,No,No,80.1
2007-03-14,No,No,81.0
2007-03-15,Yes,No,81.0
2007-03-16,Yes,No,66.0
2007-03-17,No,No,48.9
2007-03-18,No,No,48.9
2007-03-19,No,No,63.0
2007-03-20,No,No,77.0
2007-03-21,No,No,63.0
2007-03-22,No,No,77.0
2007-03-23,No,No,82.9
2007-03-24,No,No,86.0
2007-03-25,No,No,79.0
2007-03-26,No,No,73.9
2007-03-27,Yes,No,87.1
2007-03-28,No,No,86.0
2007-03-29,Yes,No,61.0
2007-03-30,No,No,70.0
2007-03-31,No,No,79.0
2007-04-01,Yes,No,77.0
2007-04-02,Yes,No,82.9
2007-04-03,No,No,86.0
2007-04-04,Yes,No,82.0
2007-04-05,No,No,57.9
2007-04-06,Yes,No,57.0
2007-04-07,Yes,Yes,48.0
2007-04-08,No,No,55.9
2007-04-09,No,No,55.9
2007-04-10,No,No,64.0
2007-04-11,Yes,No,59.0
2007-04-12,Yes,No,75.0
2007-04-13,No,No,66.9
2007-04-14,Yes,No,70.0
2007-04-15,Yes,No,77.0
2007-04-16,No,No,60.1
2007-04-17,No,No,72.0
2007-04-18,No,No,66.9
2007-04-19,Yes,No,57.9
2007-04-20,No,No,71.1
2007-04-21,No,No,77.0
2007-04-22,No,No,84.0
2007-04-23,No,No,82.9
2007-04-24,No,No,82.9
2007-04-25,No,No,87.1
2007-04-26,No,No,84.9
2007-04-27,Yes,No,82.9
2007-04-28,No,No,75.9
2007-04-29,No,No,80.1
2007-04-30,No,No,87.1
2007-05-01,No,No,91.9
2007-05-02,No,No,90.0
2007-05-03,No,No,71.1
2007-05-04,Yes,No,57.0
2007-05-05,Yes,No,66.0
2007-05-06,No,No,66.9
2007-05-07,No,No,70.0
2007-05-08,Yes,No,69.1
2007-05-09,Yes,No,81.0
2007-05-10,No,No,82.9
2007-05-11,No,No,87.1
2007-05-12,Yes,No,82.0
2007-05-13,No,No,73.0
2007-05-14,No,No,75.0
2007-05-15,No,No,82.0
2007-05-16,Yes,No,84.0
2007-05-17,Yes,No,69.1
2007-05-18,Yes,No,70.0
2007-05-19,No,No,73.0
2007-05-20,No,No,82.9
2007-05-21,No,No,88.0
2007-05-22,No,No,81.0
2007-05-23,No,No,82.0
2007-05-24,No,No,82.0
2007-05-25,No,No,86.0
2007-05-26,No,No,91.0
2007-05-27,No,No,91.0
2007-05-28,No,No,91.0
2007-05-29,No,No,91.9
2007-05-30,No,No,90.0
2007-05-31,No,No,91.0
2007-06-01,No,No,89.1
2007-06-02,Yes,No,82.9
2007-06-03,Yes,No,77.0
2007-06-04,No,No,90.0
2007-06-05,Yes,No,90.0
2007-06-06,Yes,No,84.0
2007-06-07,No,No,93.9
2007-06-08,No,No,96.1
2007-06-09,Yes,No,91.9
2007-06-10,No,No,87.1
2007-06-11,Yes,No,82.9
2007-06-12,No,No,84.9
2007-06-13,Yes,No,79.0
2007-06-14,Yes,No,70.0
2007-06-15,Yes,No,75.0
2007-06-16,Yes,No,82.9
2007-06-17,Yes,No,89.1
2007-06-18,No,No,96.1
2007-06-19,Yes,No,97.0
2007-06-20,Yes,No,82.9
2007-06-21,No,No,87.1
2007-06-22,Yes,No,91.0
2007-06-23,Yes,No,84.9
2007-06-24,Yes,No,89.1
2007-06-25,Yes,No,91.0
2007-06-26,Yes,No,95.0
2007-06-27,No,No,93.0
2007-06-28,Yes,No,93.9
2007-06-29,Yes,No,93.0
2007-06-30,Yes,No,89.1
2007-07-01,No,No,86.0
2007-07-02,No,No,84.0
2007-07-03,No,No,86.0
2007-07-04,No,No,89.1
2007-07-05,No,No,91.9
2007-07-06,Yes,No,93.9
2007-07-07,No,No,93.9
2007-07-08,No,No,95.0
2007-07-09,No,No,98.1
2007-07-10,Yes,No,95.0
2007-07-11,Yes,No,95.0
2007-07-12,No,No,89.1
2007-07-13,Yes,No,81.0
2007-07-14,No,No,87.1
2007-07-15,Yes,No,90.0
2007-07-16,No,No,91.9
2007-07-17,Yes,No,96.1
2007-07-18,Yes,No,91.0
2007-07-19,No,No,93.9
2007-07-20,Yes,No,88.0
2007-07-21,No,No,84.0
2007-07-22,No,No,84.9
2007-07-23,No,No,84.9
2007-07-24,No,No,88.0
2007-07-25,No,No,88.0
2007-07-26,No,No,91.9
2007-07-27,Yes,No,93.9
2007-07-28,Yes,No,90.0
2007-07-29,No,No,89.1
2007-07-30,Yes,No,88.0
2007-07-31,No,No,89.1
2007-08-01,No,No,91.9
2007-08-02,No,No,91.9
2007-08-03,No,No,93.0
2007-08-04,No,No,96.1
2007-08-05,Yes,No,98.1
2007-08-06,Yes,No,97.0
2007-08-07,No,No,99.0
2007-08-08,Yes,No,102.0
2007-08-09,No,No,104.0
2007-08-10,Yes,No,104.0
2007-08-11,No,No,84.9
2007-08-12,No,No,91.9
2007-08-13,No,No,98.1
2007-08-14,No,No,93.9
2007-08-15,No,No,99.0
2007-08-16,No,No,100.9
2007-08-17,Yes,No,97.0
2007-08-18,No,No,90.0
2007-08-19,No,No,97.0
2007-08-20,No,No,102.9
2007-08-21,Yes,No,105.1
2007-08-22,No,No,95.0
2007-08-23,Yes,No,90.0
2007-08-24,No,No,99.0
2007-08-25,No,No,99.0
2007-08-26,Yes,No,98.1
2007-08-27,No,No,90.0
2007-08-28,No,No,93.9
2007-08-29,No,No,93.0
2007-08-30,No,No,90.0
2007-08-31,No,No,91.0
2007-09-01,No,No,87.1
2007-09-02,No,No,88.0
2007-09-03,No,No,91.0
2007-09-04,No,No,96.1
2007-09-05,No,No,96.1
2007-09-06,No,No,95.0
2007-09-07,No,No,93.0
2007-09-08,No,No,93.0
2007-09-09,No,No,95.0
2007-09-10,No,No,100.9
2007-09-11,No,No,99.0
2007-09-12,No,No,91.0
2007-09-13,No,No,91.0
2007-09-14,Yes,No,82.9
2007-09-15,Yes,No,82.0
2007-09-16,No,No,75.0
2007-09-17,No,No,75.9
2007-09-18,No,No,78.1
2007-09-19,No,No,75.9
2007-09-20,Yes,No,73.9
2007-09-21,Yes,No,81.0
2007-09-22,No,No,91.0
2007-09-23,No,No,91.9
2007-09-24,No,No,86.0
2007-09-25,No,No,89.1
2007-09-26,No,No,89.1
2007-09-27,No,No,91.0
2007-09-28,No,No,84.9
2007-09-29,No,No,79.0
2007-09-30,No,No,80.1
2007-10-01,No,No,82.0
2007-10-02,No,No,82.0
2007-10-03,No,No,84.9
2007-10-04,No,No,87.1
2007-10-05,Yes,No,78.1
2007-10-06,No,No,82.9
2007-10-07,No,No,90.0
2007-10-08,No,No,93.0
2007-10-09,No,No,93.9
2007-10-10,Yes,No,88.0
2007-10-11,No,No,69.1
2007-10-12,No,No,73.9
2007-10-13,No,No,75.0
2007-10-14,No,No,78.1
2007-10-15,No,No,80.1
2007-10-16,No,No,79.0
2007-10-17,No,No,84.0
2007-10-18,Yes,No,84.9
2007-10-19,Yes,No,84.0
2007-10-20,No,No,80.1
2007-10-21,No,No,81.0
2007-10-22,No,No,82.9
2007-10-23,No,No,82.9
2007-10-24,Yes,No,78.1
2007-10-25,Yes,No,70.0
2007-10-26,Yes,No,71.1
2007-10-27,Yes,No,75.0
2007-10-28,No,No,64.9
2007-10-29,No,No,61.0
2007-10-30,No,No,66.9
2007-10-31,No,No,73.9
2007-11-01,No,No,78.1
2007-11-02,No,No,62.1
2007-11-03,No,No,66.0
2007-11-04,No,No,66.0
2007-11-05,No,No,68.0
2007-11-06,Yes,No,63.0
2007-11-07,No,No,55.0
2007-11-08,No,No,54.0
2007-11-09,Yes,No,61.0
2007-11-10,Yes,No,57.9
2007-11-11,No,No,57.9
2007-11-12,Yes,No,66.0
2007-11-13,Yes,No,73.9
2007-11-14,Yes,No,78.1
2007-11-15,Yes,No,66.0
2007-11-16,No,No,51.1
2007-11-17,No,No,60.1
2007-11-18,No,No,70.0
2007-11-19,Yes,No,61.0
2007-11-20,No,No,66.0
2007-11-21,No,No,78.1
2007-11-22,No,No,77.0
2007-11-23,No,No,51.1
2007-11-24,No,No,50.0
2007-11-25,Yes,No,48.9
2007-11-26,Yes,No,64.0
2007-11-27,No,No,64.0
2007-11-28,No,No,57.0
2007-11-29,No,No,63.0
2007-11-30,No,No,57.0
2007-12-01,No,No,57.9
2007-12-02,No,No,54.0
2007-12-03,Yes,No,62.1
2007-12-04,No,No,45.0
2007-12-05,Yes,No,53.1
2007-12-06,No,No,45.0
2007-12-07,Yes,No,52.0
2007-12-08,No,No,71.1
2007-12-09,No,No,72.0
2007-12-10,No,No,81.0
2007-12-11,No,No,73.9
2007-12-12,No,No,79.0
2007-12-13,Yes,No,75.9
2007-12-14,No,No,66.9
2007-12-15,Yes,No,46.9
2007-12-16,Yes,No,53.1
2007-12-17,No,No,44.1
2007-12-18,No,No,46.0
2007-12-19,Yes,No,53.1
2007-12-20,No,No,57.9
2007-12-21,Yes,No,48.0
2007-12-22,No,No,50.0
2007-12-23,Yes,No,66.9
2007-12-24,No,No,57.9
2007-12-25,No,No,54.0
2007-12-26,Yes,No,43.0
2007-12-27,No,No,57.9
2007-12-28,Yes,No,64.0
2007-12-29,Yes,No,71.1
2007-12-30,Yes,No,57.9
2007-12-31,Yes,No,57.0
2008-01-01,No,No,55.0
2008-01-02,No,Yes,35.1
2008-01-03,No,No,35.1
2008-01-04,No,No,45.0
2008-01-05,No,No,55.0
2008-01-06,No,No,69.1
2008-01-07,No,No,72.0
2008-01-08,No,No,73.0
2008-01-09,No,No,73.0
2008-01-10,Yes,No,55.9
2008-01-11,Yes,No,68.0
2008-01-12,No,No,57.9
2008-01-13,Yes,No,46.9
2008-01-14,No,No,52.0
2008-01-15,No,No,44.1
2008-01-16,No,No,46.0
2008-01-17,Yes,Yes,39.0
2008-01-18,No,No,51.1
2008-01-19,Yes,Yes,42.1
2008-01-20,No,Yes,33.1
2008-01-21,No,No,37.0
2008-01-22,Yes,No,42.1
2008-01-23,Yes,No,54.0
2008-01-24,No,No,46.9
2008-01-25,No,No,39.0
2008-01-26,No,No,48.0
2008-01-27,No,No,52.0
2008-01-28,No,No,55.0
2008-01-29,No,No,64.0
2008-01-30,Yes,No,57.0
2008-01-31,No,No,51.1
2008-02-01,Yes,No,60.1
2008-02-02,No,No,61.0
2008-02-03,No,No,66.0
2008-02-04,Yes,No,71.1
2008-02-05,No,No,75.9
2008-02-06,Yes,No,77.0
2008-02-07,No,No,66.0
2008-02-08,No,No,59.0
2008-02-09,No,No,66.9
2008-02-10,No,No,64.9
2008-02-11,No,No,46.9
2008-02-12,Yes,No,62.1
2008-02-13,Yes,Yes,55.9
2008-02-14,Yes,Yes,50.0
2008-02-15,No,No,61.0
2008-02-16,No,No,57.9
2008-02-17,Yes,No,64.9
2008-02-18,Yes,No,73.0
2008-02-19,No,No,55.0
2008-02-20,No,No,64.9
2008-02-21,Yes,No,43.0
2008-02-22,Yes,No,42.1
2008-02-23,Yes,No,62.1
2008-02-24,Yes,No,46.0
2008-02-25,Yes,No,61.0
2008-02-26,Yes,No,61.0
2008-02-27,No,No,48.9
2008-02-28,No,No,43.0
2008-02-29,No,No,55.9
2008-03-01,No,No,64.9
2008-03-02,No,No,63.0
2008-03-03,No,No,73.9
2008-03-04,Yes,No,73.9
2008-03-05,Yes,No,64.0
2008-03-06,No,No,66.9
2008-03-07,Yes,No,59.0
2008-03-08,Yes,No,66.0
2008-03-09,No,No,52.0
2008-03-10,No,No,63.0
2008-03-11,No,No,64.0
2008-03-12,No,No,68.0
2008-03-13,No,No,75.9
2008-03-14,No,No,73.9
2008-03-15,Yes,No,68.0
2008-03-16,Yes,No,63.0
2008-03-17,No,No,57.9
2008-03-18,No,No,59.0
2008-03-19,Yes,No,75.0
2008-03-20,Yes,No,66.0
2008-03-21,No,No,66.9
2008-03-22,No,No,75.0
2008-03-23,No,No,57.9
2008-03-24,Yes,No,51.1
2008-03-25,No,No,57.9
2008-03-26,No,No,73.0
2008-03-27,No,No,77.0
2008-03-28,No,No,81.0
2008-03-29,Yes,No,68.0
2008-03-30,Yes,No,45.0
2008-03-31,Yes,No,60.1
2008-04-01,Yes,No,77.0
2008-04-02,No,No,66.0
2008-04-03,Yes,No,52.0
2008-04-04,No,No,73.0
2008-04-05,Yes,No,64.9
2008-04-06,Yes,No,61.0
2008-04-07,Yes,No,55.9
2008-04-08,No,No,64.0
2008-04-09,No,No,71.1
2008-04-10,No,No,78.1
2008-04-11,No,No,82.9
2008-04-12,Yes,No,75.9
2008-04-13,No,No,66.9
2008-04-14,Yes,No,55.0
2008-04-15,No,No,61.0
2008-04-16,No,No,68.0
2008-04-17,No,No,80.1
2008-04-18,No,No,86.0
2008-04-19,Yes,No,82.0
2008-04-20,Yes,No,73.9
2008-04-21,Yes,No,69.1
2008-04-22,Yes,No,71.1
2008-04-23,Yes,No,75.9
2008-04-24,No,No,80.1
2008-04-25,No,No,82.0
2008-04-26,Yes,No,87.1
2008-04-27,Yes,No,79.0
2008-04-28,Yes,No,71.1
2008-04-29,Yes,No,61.0
2008-04-30,No,No,66.9
2008-05-01,No,No,78.1
2008-05-02,No,No,81.0
2008-05-03,Yes,No,80.1
2008-05-04,Yes,No,82.0
2008-05-05,Yes,No,73.0
2008-05-06,No,No,79.0
2008-05-07,No,No,82.9
2008-05-08,Yes,No,77.0
2008-05-09,Yes,No,82.0
2008-05-10,No,No,80.1
2008-05-11,Yes,No,66.9
2008-05-12,Yes,No,64.0
2008-05-13,No,No,71.1
2008-05-14,No,No,73.9
2008-05-15,Yes,No,78.1
2008-05-16,Yes,No,82.0
2008-05-17,No,No,75.0
2008-05-18,Yes,No,79.0
2008-05-19,No,No,75.0
2008-05-20,Yes,No,82.9
2008-05-21,No,No,75.0
2008-05-22,No,No,78.1
2008-05-23,No,No,79.0
2008-05-24,Yes,No,75.0
2008-05-25,No,No,80.1
2008-05-26,No,No,84.0
2008-05-27,Yes,No,87.1
2008-05-28,Yes,No,73.0
2008-05-29,No,No,78.1
2008-05-30,No,No,86.0
2008-05-31,No,No,89.1
2008-06-01,Yes,No,91.0
2008-06-02,No,No,84.0
2008-06-03,Yes,No,88.0
2008-06-04,No,No,93.9
2008-06-05,No,No,96.1
2008-06-06,No,No,99.0
2008-06-07,No,No,100.0
2008-06-08,No,No,100.9
2008-06-09,No,No,100.0
2008-06-10,No,No,100.9
2008-06-11,No,No,93.0
2008-06-12,No,No,89.1
2008-06-13,No,No,93.0
2008-06-14,Yes,No,96.1
2008-06-15,Yes,No,91.0
2008-06-16,Yes,No,95.0
2008-06-17,Yes,No,90.0
2008-06-18,No,No,84.9
2008-06-19,No,No,88.0
2008-06-20,No,No,91.0
2008-06-21,Yes,No,88.0
2008-06-22,Yes,No,87.1
2008-06-23,Yes,No,89.1
2008-06-24,No,No,91.0
2008-06-25,No,No,95.0
2008-06-26,No,No,97.0
2008-06-27,Yes,No,96.1
2008-06-28,Yes,No,98.1
2008-06-29,Yes,No,95.0
2008-06-30,Yes,No,89.1
2008-07-01,No,No,81.0
2008-07-02,No,No,88.0
2008-07-03,No,No,91.9
2008-07-04,Yes,No,95.0
2008-07-05,Yes,No,87.1
2008-07-06,Yes,No,87.1
2008-07-07,Yes,No,87.1
2008-07-08,Yes,No,88.0
2008-07-09,Yes,No,90.0
2008-07-10,Yes,No,89.1
2008-07-11,Yes,No,87.1
2008-07-12,No,No,89.1
2008-07-13,No,No,91.0
2008-07-14,Yes,No,79.0
2008-07-15,No,No,87.1
2008-07-16,No,No,88.0
2008-07-17,No,No,89.1
2008-07-18,Yes,No,91.0
2008-07-19,Yes,No,90.0
2008-07-20,No,No,93.0
2008-07-21,No,No,97.0
2008-07-22,No,No,97.0
2008-07-23,No,No,90.0
2008-07-24,No,No,87.1
2008-07-25,No,No,86.0
2008-07-26,No,No,87.1
2008-07-27,Yes,No,91.0
2008-07-28,No,No,93.0
2008-07-29,No,No,91.9
2008-07-30,Yes,No,93.0
2008-07-31,Yes,No,95.0
2008-08-01,No,No,93.9
2008-08-02,Yes,No,95.0
2008-08-03,No,No,91.9
2008-08-04,No,No,93.9
2008-08-05,No,No,96.1
2008-08-06,No,No,96.1
2008-08-07,No,No,93.0
2008-08-08,No,No,91.0
2008-08-09,No,No,89.1
2008-08-10,Yes,No,88.0
2008-08-11,No,No,86.0
2008-08-12,No,No,89.1
2008-08-13,Yes,No,73.9
2008-08-14,No,No,84.9
2008-08-15,Yes,No,91.0
2008-08-16,No,No,86.0
2008-08-17,Yes,No,84.9
2008-08-18,No,No,89.1
2008-08-19,No,No,95.0
2008-08-20,Yes,No,91.9
2008-08-21,No,No,88.0
2008-08-22,No,No,88.0
2008-08-23,No,No,88.0
2008-08-24,No,No,91.0
2008-08-25,Yes,No,88.0
2008-08-26,Yes,No,81.0
2008-08-27,Yes,No,84.0
2008-08-28,Yes,No,89.1
2008-08-29,No,No,89.1
2008-08-30,No,No,91.0
2008-08-31,Yes,No,90.0
2008-09-01,No,No,86.0
2008-09-02,No,No,87.1
2008-09-03,No,No,90.0
2008-09-04,No,No,90.0
2008-09-05,Yes,No,82.0
2008-09-06,Yes,No,88.0
2008-09-07,No,No,89.1
2008-09-08,No,No,90.0
2008-09-09,Yes,No,87.1
2008-09-10,Yes,No,75.0
2008-09-11,No,No,78.1
2008-09-12,Yes,No,86.0
2008-09-13,No,No,91.0
2008-09-14,No,No,91.0
2008-09-15,No,No,86.0
2008-09-16,Yes,No,73.9
2008-09-17,Yes,No,73.9
2008-09-18,No,No,81.0
2008-09-19,No,No,75.9
2008-09-20,No,No,73.0
2008-09-21,Yes,No,75.0
2008-09-22,Yes,No,80.1
2008-09-23,No,No,75.9
2008-09-24,No,No,70.0
2008-09-25,Yes,No,64.0
2008-09-26,Yes,No,81.0
2008-09-27,Yes,No,80.1
2008-09-28,No,No,82.9
2008-09-29,No,No,82.0
2008-09-30,Yes,No,81.0
2008-10-01,No,No,73.0
2008-10-02,No,No,70.0
2008-10-03,No,No,75.0
2008-10-04,No,No,79.0
2008-10-05,No,No,82.0
2008-10-06,No,No,82.0
2008-10-07,No,No,71.1
2008-10-08,No,No,73.9
2008-10-09,Yes,No,75.9
2008-10-10,Yes,No,73.0
2008-10-11,No,No,71.1
2008-10-12,No,No,78.1
2008-10-13,No,No,79.0
2008-10-14,No,No,84.9
2008-10-15,No,No,87.1
2008-10-16,No,No,84.9
2008-10-17,Yes,No,70.0
2008-10-18,Yes,No,62.1
2008-10-19,No,No,61.0
2008-10-20,No,No,66.9
2008-10-21,No,No,73.9
2008-10-22,No,No,60.1
2008-10-23,No,No,60.1
2008-10-24,Yes,No,63.0
2008-10-25,Yes,No,77.0
2008-10-26,No,No,70.0
2008-10-27,No,No,60.1
2008-10-28,No,No,55.0
2008-10-29,No,No,59.0
2008-10-30,No,No,60.1
2008-10-31,No,No,66.9
2008-11-01,No,No,77.0
2008-11-02,No,No,75.0
2008-11-03,Yes,No,57.9
2008-11-04,Yes,No,59.0
2008-11-05,Yes,No,68.0
2008-11-06,No,No,77.0
2008-11-07,No,No,80.1
2008-11-08,Yes,No,73.0
2008-11-09,No,No,66.0
2008-11-10,No,No,61.0
2008-11-11,Yes,No,57.0
2008-11-12,No,No,61.0
2008-11-13,Yes,No,66.0
2008-11-14,Yes,No,64.0
2008-11-15,Yes,No,75.9
2008-11-16,No,No,55.9
2008-11-17,No,No,55.0
2008-11-18,Yes,Yes,45.0
2008-11-19,No,No,45.0
2008-11-20,No,No,57.0
2008-11-21,Yes,Yes,44.1
2008-11-22,No,No,46.0
2008-11-23,No,No,55.0
2008-11-24,Yes,No,55.0
2008-11-25,Yes,No,54.0
2008-11-26,No,No,54.0
2008-11-27,No,No,63.0
2008-11-28,No,No,68.0
2008-11-29,Yes,No,50.0
2008-11-30,Yes,No,59.0
2008-12-01,No,No,52.0
2008-12-02,No,No,48.9
2008-12-03,No,No,54.0
2008-12-04,Yes,No,57.9
2008-12-05,Yes,No,52.0
2008-12-06,Yes,No,46.9
2008-12-07,No,No,43.0
2008-12-08,No,No,48.0
2008-12-09,Yes,No,66.0
2008-12-10,Yes,No,70.0
2008-12-11,Yes,No,69.1
2008-12-12,Yes,No,57.9
2008-12-13,No,No,46.9
2008-12-14,No,No,57.0
2008-12-15,No,No,70.0
2008-12-16,Yes,No,61.0
2008-12-17,Yes,No,57.9
2008-12-18,No,No,57.9
2008-12-19,No,No,71.1
2008-12-20,Yes,No,61.0
2008-12-21,Yes,No,60.1
2008-12-22,No,No,36.0
2008-12-23,No,No,44.1
2008-12-24,Yes,No,66.9
2008-12-25,Yes,No,66.0
2008-12-26,Yes,No,48.0
2008-12-27,Yes,No,59.0
2008-12-28,Yes,No,73.9
2008-12-29,Yes,No,60.1
2008-12-30,No,No,64.0
2008-12-31,No,No,57.0
2009-01-01,No,No,42.1
2009-01-02,Yes,No,42.1
2009-01-03,No,No,57.9
2009-01-04,Yes,No,55.9
2009-01-05,No,No,60.1
2009-01-06,Yes,No,57.0
2009-01-07,Yes,No,68.0
2009-01-08,Yes,No,53.1
2009-01-09,No,No,50.0
2009-01-10,Yes,No,64.0
2009-01-11,Yes,No,57.9
2009-01-12,No,No,48.0
2009-01-13,No,No,43.0
2009-01-14,No,No,46.0
2009-01-15,No,No,44.1
2009-01-16,No,No,28.0
2009-01-17,No,No,36.0
2009-01-18,Yes,No,41.0
2009-01-19,Yes,Yes,50.0
2009-01-20,Yes,Yes,35.1
2009-01-21,No,No,35.1
2009-01-22,No,No,48.9
2009-01-23,No,No,60.1
2009-01-24,Yes,No,57.0
2009-01-25,No,No,36.0
2009-01-26,No,No,46.9
2009-01-27,Yes,No,43.0
2009-01-28,Yes,No,66.9
2009-01-29,No,No,54.0
2009-01-30,No,No,50.0
2009-01-31,No,No,46.9
2009-02-01,No,No,62.1
2009-02-02,Yes,No,64.0
2009-02-03,Yes,Yes,46.0
2009-02-04,No,No,37.9
2009-02-05,No,No,34.0
2009-02-06,No,No,55.0
2009-02-07,No,No,71.1
2009-02-08,No,No,75.0
2009-02-09,No,No,66.0
2009-02-10,No,No,73.0
2009-02-11,Yes,No,75.0
2009-02-12,No,No,69.1
2009-02-13,No,No,68.0
2009-02-14,Yes,No,63.0
2009-02-15,No,No,54.0
2009-02-16,Yes,Yes,46.0
2009-02-17,No,No,50.0
2009-02-18,Yes,No,57.0
2009-02-19,No,No,57.9
2009-02-20,No,No,43.0
2009-02-21,No,No,54.0
2009-02-22,Yes,No,50.0
2009-02-23,No,No,44.1
2009-02-24,No,No,46.0
2009-02-25,No,No,55.9
2009-02-26,No,No,64.9
2009-02-27,Yes,No,72.0
2009-02-28,Yes,No,57.9
2009-03-01,Yes,Yes,37.9
2009-03-02,Yes,Yes,35.1
2009-03-03,No,No,36.0
2009-03-04,No,No,50.0
2009-03-05,No,No,61.0
2009-03-06,No,No,73.9
2009-03-07,No,No,82.0
2009-03-08,No,No,84.0
2009-03-09,No,No,84.0
2009-03-10,No,No,69.1
2009-03-11,No,No,82.9
2009-03-12,No,No,62.1
2009-03-13,Yes,No,46.9
2009-03-14,Yes,No,44.1
2009-03-15,Yes,No,48.9
2009-03-16,Yes,No,51.1
2009-03-17,Yes,No,62.1
2009-03-18,No,No,68.0
2009-03-19,Yes,No,75.9
2009-03-20,No,No,60.1
2009-03-21,No,No,57.0
2009-03-22,No,No,66.9
2009-03-23,No,No,66.0
2009-03-24,No,No,57.9
2009-03-25,Yes,No,48.9
2009-03-26,No,No,69.1
2009-03-27,Yes,No,68.0
2009-03-28,Yes,No,70.0
2009-03-29,Yes,No,77.0
2009-03-30,No,No,66.9
2009-03-31,No,No,69.1
2009-04-01,Yes,No,70.0
2009-04-02,Yes,No,64.9
2009-04-03,Yes,No,78.1
2009-04-04,No,No,73.9
2009-04-05,No,No,82.9
2009-04-06,Yes,No,71.1
2009-04-07,No,No,51.1
2009-04-08,No,No,61.0
2009-04-09,No,No,70.0
2009-04-10,Yes,No,78.1
2009-04-11,Yes,No,72.0
2009-04-12,No,No,66.0
2009-04-13,No,No,63.0
2009-04-14,Yes,No,73.0
2009-04-15,Yes,No,64.0
2009-04-16,No,No,68.0
2009-04-17,No,No,73.9
2009-04-18,No,No,82.9
2009-04-19,Yes,No,73.0
2009-04-20,Yes,No,79.0
2009-04-21,Yes,No,75.0
2009-04-22,No,No,64.9
2009-04-23,No,No,80.1
2009-04-24,No,No,89.1
2009-04-25,No,No,91.9
2009-04-26,No,No,91.0
2009-04-27,No,No,89.1
2009-04-28,No,No,84.9
2009-04-29,No,No,82.9
2009-04-30,No,No,75.9
2009-05-01,Yes,No,82.0
2009-05-02,No,No,84.0
2009-05-03,No,No,86.0
2009-05-04,Yes,No,87.1
2009-05-05,No,No,73.0
2009-05-06,No,No,82.9
2009-05-07,Yes,No,84.0
2009-05-08,Yes,No,82.0
2009-05-09,Yes,No,90.0
2009-05-10,No,No,80.1
2009-05-11,Yes,No,68.0
2009-05-12,No,No,75.9
2009-05-13,No,No,75.0
2009-05-14,Yes,No,82.0
2009-05-15,No,No,84.9
2009-05-16,Yes,No,87.1
2009-05-17,Yes,No,73.0
2009-05-18,Yes,No,66.9
2009-05-19,No,No,71.1
2009-05-20,No,No,79.0
2009-05-21,No,No,82.0
2009-05-22,No,No,87.1
2009-05-23,No,No,84.9
2009-05-24,Yes,No,84.0
2009-05-25,Yes,No,82.9
2009-05-26,Yes,No,82.0
2009-05-27,No,No,86.0
2009-05-28,Yes,No,86.0
2009-05-29,Yes,No,88.0
2009-05-30,No,No,84.9
2009-05-31,Yes,No,88.0
2009-06-01,No,No,87.1
2009-06-02,No,No,93.9
2009-06-03,No,No,91.9
2009-06-04,Yes,No,90.0
2009-06-05,Yes,No,80.1
2009-06-06,No,No,75.9
2009-06-07,No,No,86.0
2009-06-08,No,No,91.0
2009-06-09,Yes,No,93.9
2009-06-10,Yes,No,84.9
2009-06-11,Yes,No,89.1
2009-06-12,No,No,91.0
2009-06-13,No,No,91.9
2009-06-14,No,No,86.0
2009-06-15,Yes,No,84.9
2009-06-16,Yes,No,73.0
2009-06-17,Yes,No,80.1
2009-06-18,Yes,No,91.0
2009-06-19,No,No,91.0
2009-06-20,No,No,96.1
2009-06-21,No,No,90.0
2009-06-22,No,No,88.0
2009-06-23,Yes,No,89.1
2009-06-24,No,No,91.0
2009-06-25,No,No,95.0
2009-06-26,No,No,97.0
2009-06-27,No,No,93.9
2009-06-28,No,No,91.9
2009-06-29,No,No,91.9
2009-06-30,No,No,95.0
2009-07-01,Yes,No,97.0
2009-07-02,Yes,No,91.9
2009-07-03,Yes,No,87.1
2009-07-04,No,No,90.0
2009-07-05,Yes,No,82.0
2009-07-06,Yes,No,82.9
2009-07-07,No,No,91.0
2009-07-08,No,No,91.0
2009-07-09,No,No,87.1
2009-07-10,No,No,84.0
2009-07-11,Yes,No,91.0
2009-07-12,No,No,97.0
2009-07-13,Yes,No,82.0
2009-07-14,No,No,88.0
2009-07-15,No,No,91.9
2009-07-16,Yes,No,91.0
2009-07-17,Yes,No,97.0
2009-07-18,Yes,No,86.0
2009-07-19,No,No,88.0
2009-07-20,Yes,No,79.0
2009-07-21,No,No,88.0
2009-07-22,No,No,91.9
2009-07-23,Yes,No,93.0
2009-07-24,Yes,No,91.9
2009-07-25,Yes,No,96.1
2009-07-26,Yes,No,99.0
2009-07-27,No,No,93.9
2009-07-28,Yes,No,95.0
2009-07-29,Yes,No,91.9
2009-07-30,Yes,No,95.0
2009-07-31,Yes,No,93.0
2009-08-01,No,No,91.9
2009-08-02,Yes,No,82.9
2009-08-03,Yes,No,95.0
2009-08-04,Yes,No,95.0
2009-08-05,Yes,No,96.1
2009-08-06,Yes,No,84.9
2009-08-07,No,No,88.0
2009-08-08,No,No,91.0
2009-08-09,No,No,99.0
2009-08-10,No,No,99.0
2009-08-11,No,No,99.0
2009-08-12,Yes,No,84.0
2009-08-13,Yes,No,81.0
2009-08-14,No,No,84.9
2009-08-15,No,No,88.0
2009-08-16,Yes,No,90.0
2009-08-17,Yes,No,93.0
2009-08-18,No,No,96.1
2009-08-19,No,No,98.1
2009-08-20,Yes,No,91.9
2009-08-21,No,No,93.9
2009-08-22,Yes,No,86.0
2009-08-23,Yes,No,84.9
2009-08-24,No,No,87.1
2009-08-25,No,No,88.0
2009-08-26,No,No,95.0
2009-08-27,No,No,93.9
2009-08-28,Yes,No,90.0
2009-08-29,Yes,No,91.9
2009-08-30,Yes,No,86.0
2009-08-31,Yes,No,72.0
2009-09-01,No,No,79.0
2009-09-02,No,No,79.0
2009-09-03,No,No,81.0
2009-09-04,No,No,87.1
2009-09-05,No,No,89.1
2009-09-06,No,No,87.1
2009-09-07,Yes,No,79.0
2009-09-08,Yes,No,80.1
2009-09-09,No,No,82.0
2009-09-10,No,No,72.0
2009-09-11,No,No,82.9
2009-09-12,No,No,87.1
2009-09-13,No,No,82.0
2009-09-14,No,No,87.1
2009-09-15,No,No,91.0
2009-09-16,Yes,No,79.0
2009-09-17,Yes,No,71.1
2009-09-18,No,No,77.0
2009-09-19,No,No,81.0
2009-09-20,No,No,78.1
2009-09-21,No,No,82.0
2009-09-22,Yes,No,81.0
2009-09-23,Yes,No,82.9
2009-09-24,Yes,No,90.0
2009-09-25,Yes,No,77.0
2009-09-26,Yes,No,68.0
2009-09-27,Yes,No,81.0
2009-09-28,Yes,No,86.0
2009-09-29,No,No,72.0
2009-09-30,No,No,75.0
2009-10-01,No,No,73.0
2009-10-02,No,No,77.0
2009-10-03,No,No,82.0
2009-10-04,No,No,75.0
2009-10-05,Yes,No,66.9
2009-10-06,Yes,No,66.0
2009-10-07,Yes,No,82.9
2009-10-08,No,No,73.9
2009-10-09,No,No,82.9
2009-10-10,Yes,No,79.0
2009-10-11,Yes,No,70.0
2009-10-12,Yes,No,60.1
2009-10-13,No,No,77.0
2009-10-14,Yes,No,61.0
2009-10-15,Yes,No,55.0
2009-10-16,No,No,57.9
2009-10-17,No,No,57.9
2009-10-18,Yes,No,52.0
2009-10-19,No,No,61.0
2009-10-20,No,No,72.0
2009-10-21,No,No,78.1
2009-10-22,No,No,78.1
2009-10-23,Yes,No,81.0
2009-10-24,Yes,No,81.0
2009-10-25,No,No,60.1
2009-10-26,Yes,No,64.0
2009-10-27,Yes,No,62.1
2009-10-28,Yes,No,75.9
2009-10-29,No,No,68.0
2009-10-30,No,No,61.0
2009-10-31,Yes,No,80.1
2009-11-01,Yes,No,70.0
2009-11-02,No,No,60.1
2009-11-03,No,No,71.1
2009-11-04,No,No,64.0
2009-11-05,No,No,64.9
2009-11-06,No,No,60.1
2009-11-07,No,No,66.0
2009-11-08,No,No,75.9
2009-11-09,No,No,75.9
2009-11-10,Yes,No,63.0
2009-11-11,Yes,No,57.0
2009-11-12,Yes,No,48.0
2009-11-13,Yes,No,55.0
2009-11-14,Yes,No,66.9
2009-11-15,No,No,73.0
2009-11-16,No,No,73.9
2009-11-17,No,No,63.0
2009-11-18,Yes,No,62.1
2009-11-19,Yes,No,73.0
2009-11-20,No,No,63.0
2009-11-21,No,No,57.0
2009-11-22,Yes,No,57.0
2009-11-23,Yes,No,52.0
2009-11-24,No,No,57.9
2009-11-25,No,No,55.9
2009-11-26,Yes,No,61.0
2009-11-27,Yes,No,54.0
2009-11-28,No,No,57.9
2009-11-29,No,No,71.1
2009-11-30,Yes,No,62.1
2009-12-01,No,No,55.9
2009-12-02,Yes,No,68.0
2009-12-03,No,No,68.0
2009-12-04,Yes,No,55.9
2009-12-05,Yes,No,48.0
2009-12-06,No,No,44.1
2009-12-07,No,No,51.1
2009-12-08,Yes,No,46.0
2009-12-09,Yes,No,70.0
2009-12-10,No,No,59.0
2009-12-11,No,No,36.0
2009-12-12,Yes,No,43.0
2009-12-13,Yes,No,42.1
2009-12-14,No,No,50.0
2009-12-15,No,No,59.0
2009-12-16,No,No,48.9
2009-12-17,No,No,45.0
2009-12-18,Yes,Yes,37.0
2009-12-19,Yes,No,34.0
2009-12-20,No,No,45.0
2009-12-21,No,No,48.9
2009-12-22,No,No,48.9
2009-12-23,No,No,53.1
2009-12-24,No,No,48.0
2009-12-25,Yes,No,59.0
2009-12-26,No,No,53.1
2009-12-27,No,No,55.0
2009-12-28,No,No,46.0
2009-12-29,No,No,42.1
2009-12-30,Yes,No,37.9
2009-12-31,Yes,No,46.0
2010-01-01,No,No,48.0
2010-01-02,No,No,32.0
2010-01-03,No,No,32.0
2010-01-04,No,No,36.0
2010-01-05,No,No,36.0
2010-01-06,No,No,41.0
2010-01-07,No,No,48.0
2010-01-08,Yes,No,42.1
2010-01-09,No,No,37.0
2010-01-10,No,No,37.0
2010-01-11,No,No,45.0
2010-01-12,No,No,37.9
2010-01-13,No,No,46.0
2010-01-14,No,No,57.0
2010-01-15,No,No,63.0
2010-01-16,Yes,No,62.1
2010-01-17,Yes,No,68.0
2010-01-18,No,No,62.1
2010-01-19,No,No,66.0
2010-01-20,Yes,No,64.9
2010-01-21,Yes,No,41.0
2010-01-22,No,No,39.9
2010-01-23,No,No,50.0
2010-01-24,Yes,No,64.9
2010-01-25,Yes,No,66.0
2010-01-26,No,No,51.1
2010-01-27,No,No,51.1
2010-01-28,No,No,63.0
2010-01-29,Yes,Yes,46.0
2010-01-30,Yes,Yes,28.0
2010-01-31,Yes,Yes,37.9
2010-02-01,No,No,48.0
2010-02-02,Yes,No,37.0
2010-02-03,Yes,No,51.1
2010-02-04,No,No,44.1
2010-02-05,Yes,Yes,42.1
2010-02-06,Yes,Yes,37.0
2010-02-07,No,No,42.1
2010-02-08,No,No,46.0
2010-02-09,Yes,No,39.9
2010-02-10,No,No,37.9
2010-02-11,No,No,45.0
2010-02-12,Yes,Yes,39.0
2010-02-13,Yes,Yes,42.1
2010-02-14,No,No,46.9
2010-02-15,Yes,No,51.1
2010-02-16,No,No,41.0
2010-02-17,No,No,43.0
2010-02-18,No,No,50.0
2010-02-19,No,No,54.0
2010-02-20,No,No,59.0
2010-02-21,No,No,64.9
2010-02-22,Yes,No,52.0
2010-02-23,No,No,53.1
2010-02-24,Yes,No,48.0
2010-02-25,Yes,Yes,42.1
2010-02-26,No,No,50.0
2010-02-27,No,No,51.1
2010-02-28,No,No,51.1
2010-03-01,No,No,54.0
2010-03-02,Yes,Yes,42.1
2010-03-03,Yes,Yes,44.1
2010-03-04,No,No,51.1
2010-03-05,No,No,51.1
2010-03-06,No,No,55.9
2010-03-07,No,No,63.0
2010-03-08,No,No,66.0
2010-03-09,No,No,73.0
2010-03-10,Yes,No,69.1
2010-03-11,Yes,No,69.1
2010-03-12,Yes,No,64.0
2010-03-13,No,No,68.0
2010-03-14,Yes,No,62.1
2010-03-15,No,No,62.1
2010-03-16,No,No,52.0
2010-03-17,No,No,64.0
2010-03-18,No,No,68.0
2010-03-19,No,No,73.9
2010-03-20,No,No,78.1
2010-03-21,No,No,69.1
2010-03-22,Yes,No,66.0
2010-03-23,Yes,No,66.0
2010-03-24,No,No,73.9
2010-03-25,No,No,75.9
2010-03-26,Yes,No,66.9
2010-03-27,No,No,57.9
2010-03-28,Yes,No,69.1
2010-03-29,Yes,No,66.9
2010-03-30,No,No,69.1
2010-03-31,No,No,77.0
2010-04-01,No,No,84.0
2010-04-02,No,No,88.0
2010-04-03,No,No,80.1
2010-04-04,No,No,82.9
2010-04-05,No,No,88.0
2010-04-06,No,No,90.0
2010-04-07,No,No,87.1
2010-04-08,Yes,No,81.0
2010-04-09,Yes,No,66.0
2010-04-10,No,No,70.0
2010-04-11,No,No,75.9
2010-04-12,No,No,78.1
2010-04-13,Yes,No,79.0
2010-04-14,No,No,57.0
2010-04-15,No,No,75.0
2010-04-16,No,No,86.0
2010-04-17,No,No,78.1
2010-04-18,No,No,66.0
2010-04-19,No,No,68.0
2010-04-20,No,No,73.9
2010-04-21,Yes,No,64.9
2010-04-22,No,No,75.0
2010-04-23,No,No,72.0
2010-04-24,Yes,No,77.0
2010-04-25,Yes,No,81.0
2010-04-26,Yes,No,78.1
2010-04-27,No,No,68.0
2010-04-28,No,No,66.9
2010-04-29,No,No,75.0
2010-04-30,No,No,82.9
2010-05-01,No,No,89.1
2010-05-02,No,No,91.9
2010-05-03,Yes,No,78.1
2010-05-04,No,No,82.0
2010-05-05,No,No,89.1
2010-05-06,Yes,No,91.9
2010-05-07,No,No,90.0
2010-05-08,No,No,90.0
2010-05-09,No,No,68.0
2010-05-10,No,No,68.0
2010-05-11,Yes,No,68.0
2010-05-12,Yes,No,84.9
2010-05-13,No,No,75.9
2010-05-14,Yes,No,93.9
2010-05-15,Yes,No,95.0
2010-05-16,Yes,No,82.0
2010-05-17,Yes,No,77.0
2010-05-18,Yes,No,63.0
2010-05-19,Yes,No,70.0
2010-05-20,No,No,79.0
2010-05-21,No,No,84.0
2010-05-22,Yes,No,82.0
2010-05-23,Yes,No,80.1
2010-05-24,Yes,No,73.0
2010-05-25,Yes,No,78.1
2010-05-26,No,No,82.9
2010-05-27,No,No,91.0
2010-05-28,Yes,No,87.1
2010-05-29,Yes,No,84.0
2010-05-30,No,No,88.0
2010-05-31,Yes,No,88.0
2010-06-01,Yes,No,84.9
2010-06-02,Yes,No,88.0
2010-06-03,No,No,89.1
2010-06-04,No,No,91.9
2010-06-05,Yes,No,91.9
2010-06-06,Yes,No,93.0
2010-06-07,No,No,82.0
2010-06-08,No,No,82.9
2010-06-09,No,No,88.0
2010-06-10,No,No,91.0
2010-06-11,No,No,91.0
2010-06-12,Yes,No,93.9
2010-06-13,Yes,No,96.1
2010-06-14,No,No,93.0
2010-06-15,Yes,No,93.9
2010-06-16,Yes,No,91.0
2010-06-17,No,No,91.0
2010-06-18,No,No,88.0
2010-06-19,No,No,93.0
2010-06-20,No,No,93.9
2010-06-21,No,No,93.0
2010-06-22,No,No,98.1
2010-06-23,Yes,No,97.0
2010-06-24,No,No,99.0
2010-06-25,No,No,93.9
2010-06-26,No,No,97.0
2010-06-27,No,No,100.9
2010-06-28,No,No,99.0
2010-06-29,No,No,96.1
2010-06-30,Yes,No,78.1
2010-07-01,No,No,81.0
2010-07-02,No,No,82.9
2010-07-03,No,No,87.1
2010-07-04,No,No,93.0
2010-07-05,No,No,97.0
2010-07-06,No,No,100.9
2010-07-07,No,No,102.0
2010-07-08,Yes,No,99.0
2010-07-09,Yes,No,95.0
2010-07-10,Yes,No,91.0
2010-07-11,No,No,96.1
2010-07-12,Yes,No,87.1
2010-07-13,Yes,No,93.0
2010-07-14,Yes,No,91.9
2010-07-15,No,No,96.1
2010-07-16,No,No,97.0
2010-07-17,Yes,No,88.0
2010-07-18,Yes,No,95.0
2010-07-19,No,No,93.0
2010-07-20,Yes,No,98.1
2010-07-21,Yes,No,97.0
2010-07-22,No,No,97.0
2010-07-23,Yes,No,100.0
2010-07-24,No,No,100.0
2010-07-25,No,No,102.0
2010-07-26,No,No,93.9
2010-07-27,Yes,No,82.9
2010-07-28,No,No,93.9
2010-07-29,Yes,No,97.0
2010-07-30,No,No,89.1
2010-07-31,Yes,No,78.1
2010-08-01,Yes,No,79.0
2010-08-02,No,No,86.0
2010-08-03,No,No,91.0
2010-08-04,Yes,No,95.0
2010-08-05,Yes,No,95.0
2010-08-06,No,No,91.9
2010-08-07,No,No,89.1
2010-08-08,No,No,90.0
2010-08-09,No,No,93.0
2010-08-10,No,No,97.0
2010-08-11,Yes,No,98.1
2010-08-12,Yes,No,97.0
2010-08-13,No,No,88.0
2010-08-14,No,No,88.0
2010-08-15,No,No,93.0
2010-08-16,No,No,95.0
2010-08-17,No,No,97.0
2010-08-18,Yes,No,96.1
2010-08-19,Yes,No,84.0
2010-08-20,Yes,No,90.0
2010-08-21,No,No,90.0
2010-08-22,Yes,No,91.0
2010-08-23,Yes,No,89.1
2010-08-24,Yes,No,82.9
2010-08-25,Yes,No,80.1
2010-08-26,No,No,90.0
2010-08-27,No,No,91.0
2010-08-28,No,No,90.0
2010-08-29,No,No,90.0
2010-08-30,No,No,98.1
2010-08-31,No,No,97.0
2010-09-01,No,No,95.0
2010-09-02,No,No,89.1
2010-09-03,No,No,99.0
2010-09-04,No,No,87.1
2010-09-05,No,No,87.1
2010-09-06,No,No,90.0
2010-09-07,No,No,93.9
2010-09-08,Yes,No,91.0
2010-09-09,No,No,91.9
2010-09-10,No,No,88.0
2010-09-11,Yes,No,79.0
2010-09-12,Yes,No,88.0
2010-09-13,No,No,87.1
2010-09-14,No,No,96.1
2010-09-15,No,No,93.9
2010-09-16,No,No,93.9
2010-09-17,No,No,95.0
2010-09-18,No,No,87.1
2010-09-19,No,No,93.0
2010-09-20,No,No,93.0
2010-09-21,No,No,89.1
2010-09-22,No,No,96.1
2010-09-23,No,No,99.0
2010-09-24,No,No,96.1
2010-09-25,No,No,98.1
2010-09-26,Yes,No,84.0
2010-09-27,Yes,No,75.9
2010-09-28,Yes,No,81.0
2010-09-29,Yes,No,69.1
2010-09-30,Yes,No,77.0
2010-10-01,Yes,No,78.1
2010-10-02,No,No,73.9
2010-10-03,No,No,72.0
2010-10-04,No,No,68.0
2010-10-05,No,No,69.1
2010-10-06,No,No,70.0
2010-10-07,No,No,82.0
2010-10-08,No,No,79.0
2010-10-09,No,No,84.0
2010-10-10,No,No,87.1
2010-10-11,No,No,87.1
2010-10-12,No,No,88.0
2010-10-13,No,No,79.0
2010-10-14,Yes,No,71.1
2010-10-15,Yes,No,71.1
2010-10-16,No,No,70.0
2010-10-17,No,No,78.1
2010-10-18,No,No,82.0
2010-10-19,No,No,79.0
2010-10-20,Yes,No,64.9
2010-10-21,No,No,78.1
2010-10-22,No,No,68.0
2010-10-23,No,No,73.9
2010-10-24,No,No,78.1
2010-10-25,Yes,No,78.1
2010-10-26,Yes,No,81.0
2010-10-27,Yes,No,87.1
2010-10-28,Yes,No,82.0
2010-10-29,No,No,62.1
2010-10-30,No,No,64.9
2010-10-31,No,No,75.0
2010-11-01,No,No,63.0
2010-11-02,No,No,57.9
2010-11-03,Yes,No,55.9
2010-11-04,Yes,No,54.0
2010-11-05,Yes,No,61.0
2010-11-06,Yes,No,53.1
2010-11-07,No,No,53.1
2010-11-08,No,No,66.9
2010-11-09,No,No,73.0
2010-11-10,No,No,70.0
2010-11-11,No,No,66.0
2010-11-12,No,No,66.0
2010-11-13,No,No,69.1
2010-11-14,No,No,70.0
2010-11-15,No,No,70.0
2010-11-16,Yes,No,66.9
2010-11-17,Yes,No,64.9
2010-11-18,No,No,62.1
2010-11-19,No,No,61.0
2010-11-20,No,No,69.1
2010-11-21,No,No,69.1
2010-11-22,No,No,73.0
2010-11-23,Yes,No,77.0
2010-11-24,No,No,63.0
2010-11-25,Yes,No,61.0
2010-11-26,Yes,No,66.0
2010-11-27,No,No,54.0
2010-11-28,No,No,52.0
2010-11-29,Yes,No,55.0
2010-11-30,Yes,No,72.0
2010-12-01,Yes,No,70.0
2010-12-02,No,No,48.9
2010-12-03,No,No,48.9
2010-12-04,Yes,Yes,41.0
2010-12-05,No,No,41.0
2010-12-06,No,No,37.9
2010-12-07,No,No,35.1
2010-12-08,No,No,37.9
2010-12-09,No,No,42.1
2010-12-10,No,No,48.0
2010-12-11,Yes,No,41.0
2010-12-12,Yes,No,52.0
2010-12-13,Yes,Yes,36.0
2010-12-14,No,No,35.1
2010-12-15,No,No,37.0
2010-12-16,Yes,Yes,35.1
2010-12-17,No,No,43.0
2010-12-18,Yes,Yes,39.0
2010-12-19,No,No,43.0
2010-12-20,No,No,42.1
2010-12-21,No,No,42.1
2010-12-22,No,No,52.0
2010-12-23,No,No,45.0
2010-12-24,No,No,46.9
2010-12-25,Yes,Yes,44.1
2010-12-26,Yes,Yes,33.1
2010-12-27,No,No,37.0
2010-12-28,No,No,46.9
2010-12-29,No,No,46.9
2010-12-30,No,No,46.0
2010-12-31,No,No,61.0
2011-01-01,Yes,No,63.0
2011-01-02,Yes,No,62.1
2011-01-03,No,No,45.0
2011-01-04,No,No,54.0
2011-01-05,No,No,46.0
2011-01-06,Yes,No,48.0
2011-01-07,Yes,No,46.0
2011-01-08,No,Yes,44.1
2011-01-09,No,No,35.1
2011-01-10,Yes,Yes,34.0
2011-01-11,Yes,No,32.0
2011-01-12,No,No,37.9
2011-01-13,No,No,42.1
2011-01-14,No,No,41.0
2011-01-15,No,No,50.0
2011-01-16,No,No,53.1
2011-01-17,Yes,No,46.0
2011-01-18,Yes,No,46.9
2011-01-19,No,No,61.0
2011-01-20,No,No,51.1
2011-01-21,Yes,No,46.9
2011-01-22,No,No,32.0
2011-01-23,No,No,46.0
2011-01-24,No,No,39.9
2011-01-25,Yes,No,51.1
2011-01-26,Yes,No,43.0
2011-01-27,No,No,48.0
2011-01-28,No,No,55.9
2011-01-29,No,No,57.9
2011-01-30,No,No,69.1
2011-01-31,No,No,46.9
2011-02-01,Yes,No,53.1
2011-02-02,Yes,No,68.0
2011-02-03,Yes,No,44.1
2011-02-04,Yes,No,37.0
2011-02-05,Yes,No,48.9
2011-02-06,No,No,54.0
2011-02-07,Yes,No,57.9
2011-02-08,Yes,No,50.0
2011-02-09,No,Yes,48.0
2011-02-10,No,Yes,46.0
2011-02-11,No,No,51.1
2011-02-12,No,No,57.0
2011-02-13,No,No,61.0
2011-02-14,No,No,72.0
2011-02-15,No,No,57.0
2011-02-16,No,No,63.0
2011-02-17,No,No,71.1
2011-02-18,No,No,78.1
2011-02-19,No,No,68.0
2011-02-20,No,No,62.1
2011-02-21,No,No,75.9
2011-02-22,No,No,64.9
2011-02-23,No,No,53.1
2011-02-24,Yes,No,59.0
2011-02-25,Yes,No,73.9
2011-02-26,No,No,61.0
2011-02-27,No,No,81.0
2011-02-28,Yes,No,81.0
2011-03-01,No,No,57.0
2011-03-02,No,No,66.0
2011-03-03,No,No,53.1
2011-03-04,No,No,61.0
2011-03-05,No,No,69.1
2011-03-06,Yes,No,64.9
2011-03-07,No,No,54.0
2011-03-08,No,No,57.9
2011-03-09,Yes,No,61.0
2011-03-10,Yes,No,68.0
2011-03-11,No,No,51.1
2011-03-12,No,No,69.1
2011-03-13,No,No,77.0
2011-03-14,No,No,57.9
2011-03-15,Yes,No,55.9
2011-03-16,Yes,No,64.0
2011-03-17,No,No,70.0
2011-03-18,No,No,84.9
2011-03-19,No,No,75.0
2011-03-20,No,No,60.1
2011-03-21,No,No,75.0
2011-03-22,No,No,84.9
2011-03-23,Yes,No,82.9
2011-03-24,Yes,No,68.0
2011-03-25,No,No,57.0
2011-03-26,Yes,No,50.0
2011-03-27,Yes,No,39.9
2011-03-28,Yes,No,48.9
2011-03-29,No,No,62.1
2011-03-30,Yes,No,48.0
2011-03-31,Yes,No,48.0
2011-04-01,No,No,55.0
2011-04-02,Yes,No,64.9
2011-04-03,No,No,71.1
2011-04-04,No,No,84.9
2011-04-05,Yes,No,71.1
2011-04-06,No,No,68.0
2011-04-07,No,No,79.0
2011-04-08,Yes,No,82.0
2011-04-09,Yes,No,57.0
2011-04-10,No,No,72.0
2011-04-11,No,No,84.0
2011-04-12,Yes,No,73.0
2011-04-13,No,No,72.0
2011-04-14,No,No,75.0
2011-04-15,No,No,75.9
2011-04-16,Yes,No,73.9
2011-04-17,No,No,71.1
2011-04-18,No,No,80.1
2011-04-19,No,No,84.9
2011-04-20,No,No,84.0
2011-04-21,Yes,No,73.0
2011-04-22,Yes,No,57.9
2011-04-23,Yes,No,78.1
2011-04-24,No,No,87.1
2011-04-25,No,No,84.0
2011-04-26,Yes,No,82.9
2011-04-27,Yes,No,87.1
2011-04-28,Yes,No,78.1
2011-04-29,No,No,75.9
2011-04-30,No,No,77.0
2011-05-01,No,No,75.0
2011-05-02,No,No,82.9
2011-05-03,No,No,84.9
2011-05-04,Yes,No,71.1
2011-05-05,No,No,68.0
2011-05-06,Yes,No,72.0
2011-05-07,Yes,No,73.9
2011-05-08,Yes,No,71.1
2011-05-09,No,No,80.1
2011-05-10,Yes,No,82.0
2011-05-11,Yes,No,79.0
2011-05-12,Yes,No,66.0
2011-05-13,Yes,No,79.0
2011-05-14,Yes,No,79.0
2011-05-15,Yes,No,80.1
2011-05-16,No,No,78.1
2011-05-17,Yes,No,72.0
2011-05-18,No,No,75.0
2011-05-19,No,No,78.1
2011-05-20,Yes,No,82.0
2011-05-21,No,No,84.0
2011-05-22,No,No,89.1
2011-05-23,Yes,No,91.0
2011-05-24,No,No,93.0
2011-05-25,No,No,93.0
2011-05-26,No,No,93.0
2011-05-27,No,No,82.0
2011-05-28,Yes,No,86.0
2011-05-29,No,No,89.1
2011-05-30,No,No,93.9
2011-05-31,No,No,95.0
2011-06-01,No,No,95.0
2011-06-02,No,No,95.0
2011-06-03,No,No,84.9
2011-06-04,No,No,89.1
2011-06-05,No,No,90.0
2011-06-06,No,No,90.0
2011-06-07,No,No,93.0
2011-06-08,No,No,97.0
2011-06-09,No,No,97.0
2011-06-10,Yes,No,96.1
2011-06-11,Yes,No,93.9
2011-06-12,Yes,No,93.9
2011-06-13,No,No,84.9
2011-06-14,No,No,84.0
2011-06-15,No,No,82.9
2011-06-16,No,No,91.0
2011-06-17,No,No,91.9
2011-06-18,Yes,No,95.0
2011-06-19,No,No,91.9
2011-06-20,No,No,93.0
2011-06-21,No,No,95.0
2011-06-22,No,No,96.1
2011-06-23,No,No,91.9
2011-06-24,Yes,No,96.1
2011-06-25,No,No,89.1
2011-06-26,Yes,No,93.9
2011-06-27,Yes,No,93.0
2011-06-28,Yes,No,99.0
2011-06-29,Yes,No,93.0
2011-06-30,No,No,91.0
2011-07-01,No,No,93.0
2011-07-02,No,No,95.0
2011-07-03,Yes,No,97.0
2011-07-04,Yes,No,99.0
2011-07-05,No,No,91.9
2011-07-06,Yes,No,89.1
2011-07-07,Yes,No,93.9
2011-07-08,Yes,No,91.9
2011-07-09,Yes,No,89.1
2011-07-10,No,No,91.9
2011-07-11,No,No,96.1
2011-07-12,No,No,100.0
2011-07-13,Yes,No,97.0
2011-07-14,No,No,87.1
2011-07-15,No,No,86.0
2011-07-16,No,No,89.1
2011-07-17,No,No,88.0
2011-07-18,No,No,93.9
2011-07-19,No,No,96.1
2011-07-20,Yes,No,100.0
2011-07-21,No,No,102.0
2011-07-22,No,No,102.9
2011-07-23,No,No,102.9
2011-07-24,No,No,100.9
2011-07-25,Yes,No,97.0
2011-07-26,No,No,93.0
2011-07-27,No,No,99.0
2011-07-28,No,No,102.0
2011-07-29,No,No,104.0
2011-07-30,Yes,No,100.0
2011-07-31,Yes,No,84.9
2011-08-01,No,No,93.9
2011-08-02,No,No,97.0
2011-08-03,Yes,No,98.1
2011-08-04,No,No,95.0
2011-08-05,Yes,No,89.1
2011-08-06,No,No,89.1
2011-08-07,No,No,96.1
2011-08-08,No,No,96.1
2011-08-09,No,No,93.9
2011-08-10,No,No,93.9
2011-08-11,No,No,89.1
2011-08-12,No,No,88.0
2011-08-13,Yes,No,82.0
2011-08-14,Yes,No,87.1
2011-08-15,No,No,84.9
2011-08-16,No,No,88.0
2011-08-17,No,No,89.1
2011-08-18,No,No,89.1
2011-08-19,No,No,91.0
2011-08-20,No,No,89.1
2011-08-21,Yes,No,91.9
2011-08-22,No,No,89.1
2011-08-23,No,No,84.0
2011-08-24,No,No,88.0
2011-08-25,No,No,91.0
2011-08-26,Yes,No,89.1
2011-08-27,Yes,No,78.1
2011-08-28,No,No,91.9
2011-08-29,Yes,No,90.0
2011-08-30,No,No,82.0
2011-08-31,No,No,82.9
2011-09-01,No,No,86.0
2011-09-02,Yes,No,86.0
2011-09-03,No,No,87.1
2011-09-04,No,No,88.0
2011-09-05,Yes,No,86.0
2011-09-06,Yes,No,88.0
2011-09-07,Yes,No,82.9
2011-09-08,Yes,No,84.0
2011-09-09,No,No,84.9
2011-09-10,No,No,87.1
2011-09-11,No,No,88.0
2011-09-12,No,No,87.1
2011-09-13,No,No,88.0
2011-09-14,No,No,89.1
2011-09-15,Yes,No,89.1
2011-09-16,Yes,No,60.1
2011-09-17,Yes,No,61.0
2011-09-18,No,No,70.0
2011-09-19,No,No,75.0
2011-09-20,No,No,78.1
2011-09-21,Yes,No,82.9
2011-09-22,Yes,No,82.0
2011-09-23,Yes,No,73.9
2011-09-24,Yes,No,78.1
2011-09-25,Yes,No,80.1
2011-09-26,No,No,84.9
2011-09-27,Yes,No,87.1
2011-09-28,Yes,No,82.9
2011-09-29,No,No,84.0
2011-09-30,Yes,No,84.0
2011-10-01,No,No,64.0
2011-10-02,No,No,62.1
2011-10-03,No,No,68.0
2011-10-04,No,No,72.0
2011-10-05,No,No,77.0
2011-10-06,No,No,75.0
2011-10-07,No,No,73.9
2011-10-08,No,No,73.0
2011-10-09,No,No,77.0
2011-10-10,No,No,75.0
2011-10-11,Yes,No,66.9
2011-10-12,Yes,No,78.1
2011-10-13,No,No,80.1
2011-10-14,Yes,No,73.9
2011-10-15,No,No,73.9
2011-10-16,No,No,77.0
2011-10-17,No,No,84.9
2011-10-18,Yes,No,82.9
2011-10-19,Yes,No,68.0
2011-10-20,No,No,62.1
2011-10-21,No,No,66.0
2011-10-22,No,No,66.9
2011-10-23,No,No,69.1
2011-10-24,No,No,72.0
2011-10-25,No,No,71.1
2011-10-26,No,No,75.9
2011-10-27,No,No,77.0
2011-10-28,Yes,No,63.0
2011-10-29,Yes,No,54.0
2011-10-30,No,No,57.9
2011-10-31,Yes,No,55.9
2011-11-01,No,No,61.0
2011-11-02,No,No,64.0
2011-11-03,Yes,No,66.9
2011-11-04,Yes,No,55.0
2011-11-05,No,No,55.0
2011-11-06,No,No,64.9
2011-11-07,No,No,71.1
2011-11-08,No,No,70.0
2011-11-09,No,No,71.1
2011-11-10,Yes,No,66.9
2011-11-11,No,No,53.1
2011-11-12,No,No,64.9
2011-11-13,No,No,66.9
2011-11-14,No,No,75.9
2011-11-15,No,No,78.1
2011-11-16,Yes,No,79.0
2011-11-17,Yes,No,62.1
2011-11-18,No,No,51.1
2011-11-19,No,No,63.0
2011-11-20,No,No,73.9
2011-11-21,No,No,77.0
2011-11-22,No,No,77.0
2011-11-23,Yes,No,73.9
2011-11-24,No,No,64.0
2011-11-25,No,No,70.0
2011-11-26,No,No,70.0
2011-11-27,No,No,75.0
2011-11-28,Yes,No,71.1
2011-11-29,Yes,No,66.9
2011-11-30,No,No,53.1
2011-12-01,No,No,55.9
2011-12-02,No,No,64.0
2011-12-03,No,No,57.0
2011-12-04,No,No,64.0
2011-12-05,No,No,71.1
2011-12-06,No,No,72.0
2011-12-07,Yes,No,70.0
2011-12-08,No,No,51.1
2011-12-09,No,No,55.0
2011-12-10,No,No,53.1
2011-12-11,No,No,46.9
2011-12-12,No,No,48.0
2011-12-13,No,No,63.0
2011-12-14,No,No,60.1
2011-12-15,No,No,68.0
2011-12-16,Yes,No,66.0
2011-12-17,Yes,No,48.9
2011-12-18,No,No,48.9
2011-12-19,No,No,57.9
2011-12-20,No,No,62.1
2011-12-21,Yes,No,64.9
2011-12-22,Yes,No,68.0
2011-12-23,Yes,No,68.0
2011-12-24,No,No,52.0
2011-12-25,No,No,52.0
2011-12-26,No,No,54.0
2011-12-27,Yes,No,64.0
2011-12-28,No,No,53.1
2011-12-29,No,No,55.9
2011-12-30,No,No,62.1
2011-12-31,No,No,64.9
2012-01-01,Yes,No,68.0
2012-01-02,No,No,55.0
2012-01-03,No,No,35.1
2012-01-04,No,No,44.1
2012-01-05,No,No,55.0
2012-01-06,No,No,66.0
2012-01-07,No,No,72.0
2012-01-08,Yes,No,59.0
2012-01-09,Yes,No,48.9
2012-01-10,No,No,55.9
2012-01-11,Yes,No,60.1
2012-01-12,No,No,59.0
2012-01-13,No,No,55.0
2012-01-14,No,No,46.0
2012-01-15,No,No,44.1
2012-01-16,No,No,46.9
2012-01-17,Yes,No,64.9
2012-01-18,Yes,No,57.0
2012-01-19,No,No,48.9
2012-01-20,Yes,No,57.0
2012-01-21,Yes,No,57.9
2012-01-22,No,No,37.0
2012-01-23,Yes,No,53.1
2012-01-24,No,No,64.0
2012-01-25,No,No,64.0
2012-01-26,Yes,No,69.1
2012-01-27,Yes,No,69.1
2012-01-28,No,No,62.1
2012-01-29,No,No,53.1
2012-01-30,No,No,60.1
2012-01-31,No,No,68.0
2012-02-01,Yes,No,70.0
2012-02-02,Yes,No,69.1
2012-02-03,No,No,57.9
2012-02-04,Yes,No,55.0
2012-02-05,Yes,No,50.0
2012-02-06,No,No,48.9
2012-02-07,No,No,57.0
2012-02-08,Yes,No,51.1
2012-02-09,No,No,51.1
2012-02-10,No,No,50.0
2012-02-11,Yes,No,48.0
2012-02-12,No,No,42.1
2012-02-13,No,No,52.0
2012-02-14,Yes,No,60.1
2012-02-15,No,No,64.0
2012-02-16,Yes,No,57.9
2012-02-17,No,No,63.0
2012-02-18,No,No,64.9
2012-02-19,Yes,Yes,54.0
2012-02-20,No,Yes,48.9
2012-02-21,No,No,57.9
2012-02-22,No,No,70.0
2012-02-23,Yes,No,73.9
2012-02-24,Yes,No,78.1
2012-02-25,No,No,53.1
2012-02-26,No,No,54.0
2012-02-27,Yes,No,48.9
2012-02-28,No,No,66.0
2012-02-29,Yes,No,71.1
2012-03-01,Yes,No,80.1
2012-03-02,Yes,No,61.0
2012-03-03,Yes,No,64.9
2012-03-04,Yes,No,54.0
2012-03-05,Yes,No,52.0
2012-03-06,No,No,54.0
2012-03-07,No,No,70.0
2012-03-08,No,No,75.0
2012-03-09,Yes,No,61.0
2012-03-10,No,No,57.0
2012-03-11,No,No,64.0
2012-03-12,No,No,73.0
2012-03-13,Yes,No,78.1
2012-03-14,No,No,84.0
2012-03-15,Yes,No,84.0
2012-03-16,Yes,No,80.1
2012-03-17,Yes,No,79.0
2012-03-18,Yes,No,70.0
2012-03-19,Yes,No,77.0
2012-03-20,Yes,No,81.0
2012-03-21,Yes,No,75.0
2012-03-22,No,No,80.1
2012-03-23,Yes,No,82.9
2012-03-24,Yes,No,71.1
2012-03-25,Yes,No,68.0
2012-03-26,Yes,No,77.0
2012-03-27,No,No,62.1
2012-03-28,No,No,78.1
2012-03-29,No,No,82.9
2012-03-30,Yes,No,77.0
2012-03-31,Yes,No,75.9
2012-04-01,Yes,No,69.1
2012-04-02,No,No,73.0
2012-04-03,No,No,77.0
2012-04-04,Yes,No,84.9
2012-04-05,Yes,No,63.0
2012-04-06,Yes,No,63.0
2012-04-07,No,No,68.0
2012-04-08,No,No,75.9
2012-04-09,No,No,73.9
2012-04-10,No,No,73.9
2012-04-11,No,No,57.9
2012-04-12,No,No,63.0
2012-04-13,No,No,69.1
2012-04-14,No,No,75.9
2012-04-15,No,No,81.0
2012-04-16,No,No,84.0
2012-04-17,No,No,86.0
2012-04-18,Yes,No,69.1
2012-04-19,Yes,No,63.0
2012-04-20,No,No,73.0
2012-04-21,Yes,No,80.1
2012-04-22,Yes,No,62.1
2012-04-23,Yes,No,51.1
2012-04-24,No,No,64.0
2012-04-25,Yes,No,68.0
2012-04-26,Yes,No,77.0
2012-04-27,No,No,77.0
2012-04-28,No,No,62.1
2012-04-29,No,No,77.0
2012-04-30,No,No,80.1
2012-05-01,No,No,86.0
2012-05-02,No,No,91.0
2012-05-03,No,No,91.0
2012-05-04,No,No,90.0
2012-05-05,Yes,No,84.0
2012-05-06,Yes,No,73.0
2012-05-07,No,No,78.1
2012-05-08,No,No,80.1
2012-05-09,Yes,No,77.0
2012-05-10,No,No,72.0
2012-05-11,No,No,73.9
2012-05-12,No,No,77.0
2012-05-13,Yes,No,75.0
2012-05-14,Yes,No,75.0
2012-05-15,Yes,No,82.9
2012-05-16,Yes,No,82.9
2012-05-17,Yes,No,81.0
2012-05-18,No,No,77.0
2012-05-19,No,No,77.0
2012-05-20,No,No,82.0
2012-05-21,No,No,82.0
2012-05-22,Yes,No,86.0
2012-05-23,Yes,No,84.0
2012-05-24,Yes,No,86.0
2012-05-25,No,No,88.0
2012-05-26,No,No,86.0
2012-05-27,Yes,No,86.0
2012-05-28,Yes,No,90.0
2012-05-29,No,No,89.1
2012-05-30,Yes,No,82.0
2012-05-31,Yes,No,90.0
2012-06-01,Yes,No,88.0
2012-06-02,No,No,75.9
2012-06-03,No,No,81.0
2012-06-04,No,No,82.9
2012-06-05,Yes,No,75.9
2012-06-06,Yes,No,73.9
2012-06-07,No,No,81.0
2012-06-08,No,No,84.0
2012-06-09,No,No,89.1
2012-06-10,No,No,89.1
2012-06-11,Yes,No,84.0
2012-06-12,Yes,No,82.9
2012-06-13,Yes,No,84.0
2012-06-14,Yes,No,79.0
2012-06-15,No,No,80.1
2012-06-16,No,No,80.1
2012-06-17,No,No,81.0
2012-06-18,Yes,No,86.0
2012-06-19,No,No,91.9
2012-06-20,No,No,93.9
2012-06-21,No,No,96.1
2012-06-22,Yes,No,95.0
2012-06-23,No,No,89.1
2012-06-24,No,No,91.9
2012-06-25,No,No,93.0
2012-06-26,No,No,81.0
2012-06-27,No,No,87.1
2012-06-28,No,No,97.0
2012-06-29,Yes,No,105.1
2012-06-30,No,No,105.1
2012-07-01,No,No,102.9
2012-07-02,No,No,93.9
2012-07-03,No,No,100.9
2012-07-04,Yes,No,100.9
2012-07-05,No,No,100.9
2012-07-06,Yes,No,100.0
2012-07-07,No,No,102.0
2012-07-08,No,No,105.1
2012-07-09,Yes,No,96.1
2012-07-10,Yes,No,86.0
2012-07-11,Yes,No,80.1
2012-07-12,Yes,No,82.9
2012-07-13,Yes,No,88.0
2012-07-14,No,No,91.9
2012-07-15,No,No,93.9
2012-07-16,No,No,96.1
2012-07-17,No,No,98.1
2012-07-18,No,No,98.1
2012-07-19,Yes,No,99.0
2012-07-20,Yes,No,95.0
2012-07-21,Yes,No,93.0
2012-07-22,Yes,No,88.0
2012-07-23,Yes,No,96.1
2012-07-24,Yes,No,96.1
2012-07-25,No,No,90.0
2012-07-26,No,No,98.1
2012-07-27,Yes,No,99.0
2012-07-28,Yes,No,95.0
2012-07-29,No,No,91.9
2012-07-30,No,No,89.1
2012-07-31,No,No,88.0
2012-08-01,Yes,No,90.0
2012-08-02,Yes,No,93.0
2012-08-03,No,No,93.0
2012-08-04,No,No,91.9
2012-08-05,Yes,No,91.9
2012-08-06,Yes,No,93.0
2012-08-07,Yes,No,87.1
2012-08-08,Yes,No,89.1
2012-08-09,No,No,89.1
2012-08-10,Yes,No,87.1
2012-08-11,Yes,No,88.0
2012-08-12,Yes,No,87.1
2012-08-13,No,No,90.0
2012-08-14,No,No,91.0
2012-08-15,Yes,No,88.0
2012-08-16,No,No,89.1
2012-08-17,Yes,No,91.9
2012-08-18,No,No,86.0
2012-08-19,Yes,No,75.0
2012-08-20,Yes,No,81.0
2012-08-21,Yes,No,82.0
2012-08-22,Yes,No,81.0
2012-08-23,No,No,84.0
2012-08-24,Yes,No,77.0
2012-08-25,Yes,No,72.0
2012-08-26,No,No,84.0
2012-08-27,Yes,No,88.0
2012-08-28,Yes,No,87.1
2012-08-29,No,No,86.0
2012-08-30,No,No,89.1
2012-08-31,No,No,91.9
2012-09-01,No,No,91.9
2012-09-02,Yes,No,88.0
2012-09-03,No,No,89.1
2012-09-04,Yes,No,89.1
2012-09-05,Yes,No,88.0
2012-09-06,Yes,No,90.0
2012-09-07,No,No,84.9
2012-09-08,No,No,90.0
2012-09-09,Yes,No,79.0
2012-09-10,No,No,78.1
2012-09-11,No,No,78.1
2012-09-12,No,No,79.0
2012-09-13,No,No,80.1
2012-09-14,No,No,80.1
2012-09-15,No,No,80.1
2012-09-16,Yes,No,64.9
2012-09-17,Yes,No,82.0
2012-09-18,Yes,No,81.0
2012-09-19,Yes,No,72.0
2012-09-20,No,No,75.9
2012-09-21,No,No,82.0
2012-09-22,Yes,No,84.9
2012-09-23,Yes,No,75.0
2012-09-24,No,No,72.0
2012-09-25,No,No,77.0
2012-09-26,No,No,82.9
2012-09-27,No,No,84.9
2012-09-28,Yes,No,84.9
2012-09-29,Yes,No,68.0
2012-09-30,No,No,73.0
2012-10-01,Yes,No,66.9
2012-10-02,Yes,No,88.0
2012-10-03,No,No,86.0
2012-10-04,Yes,No,79.0
2012-10-05,No,No,82.0
2012-10-06,Yes,No,84.0
2012-10-07,Yes,No,64.9
2012-10-08,Yes,No,52.0
2012-10-09,No,No,57.0
2012-10-10,No,No,72.0
2012-10-11,No,No,68.0
2012-10-12,No,No,73.0
2012-10-13,No,No,66.9
2012-10-14,No,No,78.1
2012-10-15,Yes,No,73.0
2012-10-16,No,No,70.0
2012-10-17,No,No,72.0
2012-10-18,No,No,79.0
2012-10-19,Yes,No,78.1
2012-10-20,No,No,72.0
2012-10-21,No,No,68.0
2012-10-22,No,No,73.9
2012-10-23,No,No,80.1
2012-10-24,No,No,82.0
2012-10-25,No,No,80.1
2012-10-26,Yes,No,72.0
2012-10-27,No,No,66.0
2012-10-28,No,No,64.0
2012-10-29,Yes,No,51.1
2012-10-30,Yes,No,51.1
2012-10-31,No,No,55.9
2012-11-01,No,No,57.9
2012-11-02,No,No,64.9
2012-11-03,No,No,61.0
2012-11-04,Yes,No,55.0
2012-11-05,No,No,55.0
2012-11-06,No,No,46.9
2012-11-07,No,No,54.0
2012-11-08,No,No,61.0
2012-11-09,No,No,64.9
2012-11-10,No,No,73.9
2012-11-11,No,No,75.0
2012-11-12,No,No,73.9
2012-11-13,Yes,No,64.9
2012-11-14,No,No,51.1
2012-11-15,Yes,No,46.0
2012-11-16,No,No,55.0
2012-11-17,No,No,55.9
2012-11-18,No,No,55.9
2012-11-19,Yes,No,59.0
2012-11-20,No,No,59.0
2012-11-21,No,No,59.0
2012-11-22,No,No,61.0
2012-11-23,No,No,66.9
2012-11-24,No,No,55.0
2012-11-25,No,No,51.1
2012-11-26,No,No,66.9
2012-11-27,Yes,No,57.9
2012-11-28,No,No,53.1
2012-11-29,No,No,55.0
2012-11-30,No,No,63.0
2012-12-01,No,No,64.9
2012-12-02,No,No,69.1
2012-12-03,No,No,75.9
2012-12-04,No,No,71.1
2012-12-05,Yes,No,64.9
2012-12-06,No,No,51.1
2012-12-07,Yes,No,55.9
2012-12-08,Yes,No,66.0
2012-12-09,Yes,No,72.0
2012-12-10,Yes,No,72.0
2012-12-11,No,No,64.9
2012-12-12,Yes,No,50.0
2012-12-13,Yes,No,51.1
2012-12-14,No,No,57.9
2012-12-15,No,No,57.9
2012-12-16,Yes,No,57.9
2012-12-17,Yes,No,62.1
2012-12-18,No,No,62.1
2012-12-19,No,No,64.9
2012-12-20,Yes,No,62.1
2012-12-21,Yes,No,57.9
2012-12-22,No,No,50.0
2012-12-23,No,No,55.0
2012-12-24,Yes,No,53.1
2012-12-25,Yes,No,60.1
2012-12-26,Yes,No,48.9
2012-12-27,No,No,50.0
2012-12-28,No,No,45.0
2012-12-29,Yes,No,52.0
2012-12-30,No,No,46.0
2012-12-31,No,No,53.1
2013-01-01,Yes,No,50.0
2013-01-02,Yes,No,48.9
2013-01-03,Yes,No,45.0
2013-01-04,No,No,51.1
2013-01-05,No,No,48.9
2013-01-06,Yes,No,50.0
2013-01-07,No,No,52.0
2013-01-08,No,No,55.9
2013-01-09,No,No,68.0
2013-01-10,No,No,64.9
2013-01-11,Yes,No,51.1
2013-01-12,No,No,71.1
2013-01-13,No,No,75.0
2013-01-14,Yes,No,69.1
2013-01-15,No,No,60.1
2013-01-16,Yes,No,50.0
2013-01-17,Yes,Yes,51.1
2013-01-18,No,Yes,46.0
2013-01-19,No,No,54.0
2013-01-20,No,No,63.0
2013-01-21,No,No,59.0
2013-01-22,No,No,43.0
2013-01-23,No,No,42.1
2013-01-24,No,No,36.0
2013-01-25,Yes,Yes,28.0
2013-01-26,No,No,37.9
2013-01-27,No,No,41.0
2013-01-28,Yes,No,51.1
2013-01-29,No,No,73.0
2013-01-30,Yes,No,72.0
2013-01-31,Yes,No,63.0
2013-02-01,No,No,39.9
2013-02-02,Yes,No,45.0
2013-02-03,Yes,No,50.0
2013-02-04,No,No,48.9
2013-02-05,No,No,60.1
2013-02-06,No,No,62.1
2013-02-07,Yes,No,48.0
2013-02-08,Yes,No,55.0
2013-02-09,No,No,52.0
2013-02-10,Yes,No,53.1
2013-02-11,Yes,No,63.0
2013-02-12,No,No,60.1
2013-02-13,Yes,No,50.0
2013-02-14,No,No,52.0
2013-02-15,No,No,61.0
2013-02-16,Yes,Yes,46.9
2013-02-17,No,Yes,37.0
2013-02-18,No,No,52.0
2013-02-19,Yes,No,51.1
2013-02-20,No,No,52.0
2013-02-21,No,No,54.0
2013-02-22,Yes,No,42.1
2013-02-23,Yes,No,44.1
2013-02-24,Yes,No,62.1
2013-02-25,No,No,42.1
2013-02-26,Yes,No,57.9
2013-02-27,No,No,59.0
2013-02-28,No,No,50.0
2013-03-01,No,No,48.9
2013-03-02,No,No,48.0
2013-03-03,No,No,46.0
2013-03-04,No,No,50.0
2013-03-05,Yes,No,50.0
2013-03-06,Yes,No,46.0
2013-03-07,No,No,51.1
2013-03-08,No,No,55.0
2013-03-09,No,No,62.1
2013-03-10,No,No,66.9
2013-03-11,No,No,70.0
2013-03-12,Yes,No,69.1
2013-03-13,No,No,57.9
2013-03-14,No,No,53.1
2013-03-15,No,No,62.1
2013-03-16,No,No,78.1
2013-03-17,Yes,No,61.0
2013-03-18,No,No,43.0
2013-03-19,No,No,66.9
2013-03-20,No,No,55.0
2013-03-21,Yes,No,46.0
2013-03-22,No,No,52.0
2013-03-23,No,No,55.0
2013-03-24,Yes,No,43.0
2013-03-25,No,No,48.0
2013-03-26,No,No,50.0
2013-03-27,No,No,52.0
2013-03-28,No,No,55.9
2013-03-29,No,No,57.9
2013-03-30,No,No,66.0
2013-03-31,Yes,No,68.0
2013-04-01,No,No,71.1
2013-04-02,No,No,60.1
2013-04-03,No,No,60.1
2013-04-04,No,No,48.0
2013-04-05,No,No,63.0
2013-04-06,No,No,64.0
2013-04-07,No,No,71.1
2013-04-08,No,No,78.1
2013-04-09,No,No,82.9
2013-04-10,No,No,84.9
2013-04-11,No,No,81.0
2013-04-12,No,No,80.1
2013-04-13,No,No,73.9
2013-04-14,No,No,79.0
2013-04-15,No,No,71.1
2013-04-16,No,No,75.9
2013-04-17,No,No,80.1
2013-04-18,No,No,79.0
2013-04-19,No,No,84.0
2013-04-20,No,No,64.0
2013-04-21,No,No,61.0
2013-04-22,No,No,61.0
2013-04-23,No,No,66.9
2013-04-24,No,No,77.0
2013-04-25,No,No,71.1
2013-04-26,No,No,71.1
2013-04-27,No,No,72.0
2013-04-28,No,No,62.1
2013-04-29,No,No,72.0
2013-04-30,No,No,66.0
2013-05-01,No,No,62.1
2013-05-02,No,No,64.9
2013-05-03,No,No,69.1
2013-05-04,No,No,64.0
2013-05-05,No,No,60.1
2013-05-06,No,No,68.0
2013-05-07,No,No,71.1
2013-05-08,No,No,72.0
2013-05-09,No,No,80.1
2013-05-10,No,No,84.0
2013-05-11,No,No,81.0
2013-05-12,No,No,72.0
2013-05-13,No,No,64.9
2013-05-14,No,No,70.0
2013-05-15,No,No,86.0
2013-05-16,No,No,84.0
2013-05-17,No,No,86.0
2013-05-18,No,No,78.1
2013-05-19,No,No,78.1
2013-05-20,No,No,75.0
2013-05-21,No,No,84.9
2013-05-22,No,No,82.9
2013-05-23,No,No,82.0
2013-05-24,No,No,70.0
2013-05-25,No,No,73.0
2013-05-26,No,No,73.0
2013-05-27,No,No,80.1
2013-05-28,No,No,84.9
2013-05-29,No,No,84.9
2013-05-30,No,No,86.0
2013-05-31,No,No,87.1
2013-06-01,No,No,89.1
2013-06-02,No,No,87.1
2013-06-03,No,No,82.9
2013-06-04,No,No,79.0
2013-06-05,No,No,82.0
2013-06-06,No,No,77.0
2013-06-07,No,No,75.9
2013-06-08,No,No,84.0
2013-06-09,No,No,87.1
2013-06-10,No,No,84.9
2013-06-11,No,No,86.0
2013-06-12,No,No,90.0
2013-06-13,No,No,93.9
2013-06-14,No,No,80.1
2013-06-15,No,No,84.9
2013-06-16,No,No,87.1
2013-06-17,No,No,87.1
2013-06-18,No,No,84.9
2013-06-19,No,No,80.1
2013-06-20,No,No,82.0
2013-06-21,No,No,82.9
2013-06-22,No,No,82.0
2013-06-23,No,No,86.0
2013-06-24,No,No,89.1
2013-06-25,No,No,91.9
2013-06-26,No,No,91.9
2013-06-27,No,No,89.1
2013-06-28,No,No,91.9
2013-06-29,No,No,86.0
2013-06-30,No,No,87.1
2013-07-01,No,No,82.9
2013-07-02,No,No,77.0
2013-07-03,No,No,84.9
2013-07-04,No,No,88.0
2013-07-05,No,No,89.1
2013-07-06,No,No,88.0
2013-07-07,No,No,89.1
2013-07-08,No,No,90.0
2013-07-09,No,No,89.1
2013-07-10,No,No,89.1
2013-07-11,No,No,84.0
2013-07-12,No,No,77.0
2013-07-13,No,No,78.1
2013-07-14,No,No,88.0
2013-07-15,No,No,90.0
2013-07-16,No,No,93.9
2013-07-17,No,No,93.0
2013-07-18,No,No,93.0
2013-07-19,No,No,91.9
2013-07-20,No,No,90.0
2013-07-21,No,No,89.1
2013-07-22,No,No,91.0
2013-07-23,No,No,91.0
2013-07-24,No,No,96.1
2013-07-25,No,No,80.1
2013-07-26,No,No,86.0
2013-07-27,No,No,88.0
2013-07-28,No,No,90.0
2013-07-29,No,No,87.1
2013-07-30,No,No,87.1
2013-07-31,No,No,82.9
2013-08-01,No,No,87.1
2013-08-02,No,No,89.1
2013-08-03,No,No,91.0
2013-08-04,No,No,84.0
2013-08-05,No,No,82.0
2013-08-06,No,No,84.0
2013-08-07,No,No,87.1
2013-08-08,No,No,91.0
2013-08-09,No,No,91.9
2013-08-10,No,No,93.9
2013-08-11,No,No,91.9
2013-08-12,No,No,91.9
2013-08-13,No,No,90.0
2013-08-14,No,No,75.0
2013-08-15,No,No,75.9
2013-08-16,No,No,71.1
2013-08-17,No,No,73.0
2013-08-18,No,No,81.0
2013-08-19,No,No,75.0
2013-08-20,No,No,82.9
2013-08-21,No,No,88.0
2013-08-22,No,No,89.1
2013-08-23,No,No,88.0
2013-08-24,No,No,82.9
2013-08-25,No,No,80.1
2013-08-26,No,No,82.9
2013-08-27,No,No,89.1
2013-08-28,No,No,82.9
2013-08-29,No,No,87.1
2013-08-30,No,No,88.0
2013-08-31,No,No,90.0
2013-09-01,No,No,91.0
2013-09-02,No,No,88.0
2013-09-03,No,No,89.1
2013-09-04,No,No,84.9
2013-09-05,No,No,87.1
2013-09-06,No,No,82.0
2013-09-07,No,No,82.0
2013-09-08,No,No,88.0
2013-09-09,No,No,87.1
2013-09-10,No,No,91.0
2013-09-11,No,No,91.0
2013-09-12,No,No,90.0
2013-09-13,No,No,84.9
2013-09-14,No,No,75.9
2013-09-15,No,No,80.1
2013-09-16,No,No,86.0
2013-09-17,No,No,75.9
2013-09-18,No,No,73.9
2013-09-19,No,No,78.1
2013-09-20,No,No,72.0
2013-09-21,No,No,75.9
2013-09-22,No,No,77.0
2013-09-23,No,No,73.0
2013-09-24,No,No,75.9
2013-09-25,No,No,75.0
2013-09-26,No,No,77.0
2013-09-27,No,No,73.9
2013-09-28,No,No,73.0
2013-09-29,No,No,75.0
2013-09-30,No,No,75.9
2013-10-01,No,No,82.0
2013-10-02,No,No,84.9
2013-10-03,No,No,86.0
2013-10-04,No,No,86.0
2013-10-05,No,No,89.1
2013-10-06,No,No,84.9
2013-10-07,No,No,73.9
2013-10-08,No,No,63.0
2013-10-09,No,No,62.1
2013-10-10,No,No,61.0
2013-10-11,No,No,66.0
2013-10-12,No,No,69.1
2013-10-13,No,No,66.9
2013-10-14,No,No,64.9
2013-10-15,No,No,71.1
2013-10-16,No,No,70.0
2013-10-17,No,No,77.0
2013-10-18,No,No,69.1
2013-10-19,No,No,70.0
2013-10-20,No,No,64.9
2013-10-21,No,No,68.0
2013-10-22,No,No,64.0
2013-10-23,No,No,66.9
2013-10-24,No,No,59.0
2013-10-25,No,No,55.9
2013-10-26,No,No,59.0
2013-10-27,No,No,69.1
2013-10-28,No,No,69.1
2013-10-29,No,No,73.0
2013-10-30,No,No,72.0
2013-10-31,No,No,75.9
2013-11-01,No,No,73.0
2013-11-02,No,No,71.1
2013-11-03,No,No,63.0
2013-11-04,No,No,55.0
2013-11-05,No,No,57.0
2013-11-06,No,No,71.1
2013-11-07,No,No,70.0
2013-11-08,No,No,57.9
2013-11-09,No,No,59.0
2013-11-10,No,No,72.0
2013-11-11,No,No,59.0
2013-11-12,No,No,61.0
2013-11-13,No,No,45.0
2013-11-14,No,No,57.0
2013-11-15,No,No,60.1
2013-11-16,No,No,69.1
2013-11-17,No,No,71.1
2013-11-18,No,No,75.0
2013-11-19,No,No,55.9
2013-11-20,No,No,52.0
2013-11-21,No,No,62.1
2013-11-22,No,No,71.1
2013-11-23,No,No,61.0
2013-11-24,No,No,43.0
2013-11-25,No,No,43.0
2013-11-26,No,No,66.0
2013-11-27,No,No,50.0
2013-11-28,No,No,45.0
2013-11-29,No,No,50.0
2013-11-30,No,No,48.0
2013-12-01,No,No,59.0
2013-12-02,No,No,60.1
2013-12-03,No,No,57.9
2013-12-04,No,No,64.0
2013-12-05,No,No,66.9
2013-12-06,No,No,79.0
2013-12-07,No,No,69.1
2013-12-08,No,No,42.1
2013-12-09,No,No,46.0
2013-12-10,No,No,48.0
2013-12-11,No,No,48.9
2013-12-12,No,No,44.1
2013-12-13,No,No,52.0
2013-12-14,No,No,46.9
2013-12-15,No,No,54.0
2013-12-16,No,No,54.0
2013-12-17,No,No,60.1
2013-12-18,No,No,48.9
2013-12-19,No,No,62.1
2013-12-20,No,No,66.9
2013-12-21,No,No,73.9
2013-12-22,No,No,78.1
2013-12-23,No,No,68.0
2013-12-24,No,No,46.9
2013-12-25,No,No,39.9
2013-12-26,No,No,53.1
2013-12-27,No,No,52.0
2013-12-28,No,No,59.0
2013-12-29,No,No,63.0
2013-12-30,No,No,53.1
2013-12-31,No,No,51.1
2014-01-01,No,No,51.1
2014-01-02,No,No,48.9
2014-01-03,No,No,43.0
2014-01-04,No,No,37.9
2014-01-05,No,No,62.1
2014-01-06,No,No,61.0
2014-01-07,No,No,25.2
2014-01-08,No,No,43.0
2014-01-09,No,No,54.0
2014-01-10,No,No,45.0
2014-01-11,No,No,69.1
2014-01-12,No,No,57.9
2014-01-13,No,No,62.1
2014-01-14,No,No,54.0
2014-01-15,No,No,59.0
2014-01-16,No,No,44.1
2014-01-17,No,No,55.9
2014-01-18,No,No,46.9
2014-01-19,No,No,54.0
2014-01-20,No,No,64.0
2014-01-21,No,No,51.1
2014-01-22,No,No,30.2
2014-01-23,No,No,37.9
2014-01-24,No,No,27.1
2014-01-25,No,No,39.9
2014-01-26,No,No,52.0
2014-01-27,No,No,64.9
2014-01-28,No,No,33.1
2014-01-29,No,No,27.1
2014-01-30,No,No,37.9
2014-01-31,No,No,53.1
2014-02-01,No,No,59.0
2014-02-02,No,No,64.0
2014-02-03,No,No,64.0
2014-02-04,No,No,39.9
2014-02-05,No,No,53.1
2014-02-06,No,No,42.1
2014-02-07,No,No,52.0
2014-02-08,No,No,50.0
2014-02-09,No,No,55.0
2014-02-10,No,No,43.0
2014-02-11,No,No,35.1
2014-02-12,No,No,30.2
2014-02-13,No,No,36.0
2014-02-14,No,No,55.9
2014-02-15,No,No,45.0
2014-02-16,No,No,53.1
2014-02-17,No,No,45.0
2014-02-18,No,No,64.9
2014-02-19,No,No,72.0
2014-02-20,No,No,72.0
2014-02-21,No,No,73.0
2014-02-22,No,No,64.0
2014-02-23,No,No,66.9
2014-02-24,No,No,60.1
2014-02-25,No,No,53.1
2014-02-26,No,No,48.9
2014-02-27,No,No,55.0
2014-02-28,No,No,45.0
2014-03-01,No,No,55.0
2014-03-02,No,No,71.1
2014-03-03,No,No,61.0
2014-03-04,No,No,37.9
2014-03-05,No,No,44.1
2014-03-06,No,No,42.1
2014-03-07,No,No,36.0
2014-03-08,No,No,68.0
2014-03-09,No,No,66.0
2014-03-10,No,No,73.9
2014-03-11,No,No,79.0
2014-03-12,No,No,70.0
2014-03-13,No,No,45.0
2014-03-14,No,No,60.1
2014-03-15,No,No,72.0
2014-03-16,No,No,55.9
2014-03-17,No,No,36.0
2014-03-18,No,No,37.0
2014-03-19,No,No,46.9
2014-03-20,No,No,66.0
2014-03-21,No,No,69.1
2014-03-22,No,No,75.9
2014-03-23,No,No,57.0
2014-03-24,No,No,50.0
2014-03-25,No,No,45.0
2014-03-26,No,No,46.9
2014-03-27,No,No,59.0
2014-03-28,No,No,69.1
2014-03-29,No,No,66.0
2014-03-30,No,No,62.1
2014-03-31,No,No,72.0
2014-04-01,No,No,80.1
2014-04-02,No,No,86.0
2014-04-03,No,No,78.1
2014-04-04,No,No,82.0
2014-04-05,No,No,71.1
2014-04-06,No,No,60.1
2014-04-07,No,No,64.0
2014-04-08,No,No,66.9
2014-04-09,No,No,68.0
2014-04-10,No,No,73.9
2014-04-11,No,No,78.1
2014-04-12,No,No,81.0
2014-04-13,No,No,81.0
2014-04-14,No,No,75.9
2014-04-15,No,No,71.1
2014-04-16,No,No,54.0
2014-04-17,No,No,64.0
2014-04-18,No,No,63.0
2014-04-19,No,No,53.1
2014-04-20,No,No,68.0
2014-04-21,No,No,73.9
2014-04-22,No,No,82.9
2014-04-23,No,No,71.1
2014-04-24,No,No,71.1
2014-04-25,No,No,80.1
2014-04-26,No,No,79.0
2014-04-27,No,No,84.0
2014-04-28,No,No,66.9
2014-04-29,No,No,64.9
2014-04-30,No,No,77.0
2014-05-01,No,No,79.0
2014-05-02,No,No,69.1
2014-05-03,No,No,75.9
2014-05-04,No,No,82.9
2014-05-05,No,No,73.0
2014-05-06,No,No,84.0
2014-05-07,No,No,78.1
2014-05-08,No,No,89.1
2014-05-09,No,No,89.1
2014-05-10,No,No,86.0
2014-05-11,No,No,86.0
2014-05-12,No,No,90.0
2014-05-13,No,No,91.9
2014-05-14,No,No,89.1
2014-05-15,No,No,79.0
2014-05-16,No,No,73.0
2014-05-17,No,No,71.1
2014-05-18,No,No,68.0
2014-05-19,No,No,73.0
2014-05-20,No,No,79.0
2014-05-21,No,No,87.1
2014-05-22,No,No,88.0
2014-05-23,No,No,82.0
2014-05-24,No,No,79.0
2014-05-25,No,No,82.0
2014-05-26,No,No,87.1
2014-05-27,No,No,90.0
2014-05-28,No,No,90.0
2014-05-29,No,No,75.9
2014-05-30,No,No,73.9
2014-05-31,No,No,82.0
2014-06-01,No,No,78.1
2014-06-02,No,No,82.9
2014-06-03,No,No,89.1
2014-06-04,No,No,91.9
2014-06-05,No,No,91.0
2014-06-06,No,No,82.9
2014-06-07,No,No,84.9
2014-06-08,No,No,87.1
2014-06-09,No,No,90.0
2014-06-10,No,No,93.9
2014-06-11,No,No,93.9
2014-06-12,No,No,84.9
2014-06-13,No,No,88.0
2014-06-14,No,No,86.0
2014-06-15,No,No,87.1
2014-06-16,No,No,95.0
2014-06-17,No,No,96.1
2014-06-18,No,No,97.0
2014-06-19,No,No,97.0
2014-06-20,No,No,91.0
2014-06-21,No,No,91.0
2014-06-22,No,No,84.0
2014-06-23,No,No,84.9
2014-06-24,No,No,86.0
2014-06-25,No,No,93.0
2014-06-26,No,No,93.0
2014-06-27,No,No,84.9
2014-06-28,No,No,84.9
2014-06-29,No,No,84.9
2014-06-30,No,No,90.0
2014-07-01,No,No,93.0
2014-07-02,No,No,97.0
2014-07-03,No,No,90.0
2014-07-04,No,No,88.0
2014-07-05,No,No,82.9
2014-07-06,No,No,90.0
2014-07-07,No,No,96.1
2014-07-08,No,No,98.1
2014-07-09,No,No,96.1
2014-07-10,No,No,88.0
2014-07-11,No,No,86.0
2014-07-12,No,No,90.0
2014-07-13,No,No,93.9
2014-07-14,No,No,98.1
2014-07-15,No,No,93.9
2014-07-16,No,No,80.1
2014-07-17,No,No,84.0
2014-07-18,No,No,86.0
2014-07-19,No,No,82.0
2014-07-20,No,No,81.0
2014-07-21,No,No,79.0
2014-07-22,No,No,84.9
2014-07-23,No,No,91.9
2014-07-24,No,No,88.0
2014-07-25,No,No,82.9
2014-07-26,No,No,90.0
2014-07-27,No,No,87.1
2014-07-28,No,No,88.0
2014-07-29,No,No,82.0
2014-07-30,No,No,81.0
2014-07-31,No,No,82.0
2014-08-01,No,No,75.9
2014-08-02,No,No,70.0
2014-08-03,No,No,80.1
2014-08-04,No,No,84.9
2014-08-05,No,No,88.0
2014-08-06,No,No,90.0
2014-08-07,No,No,86.0
2014-08-08,No,No,81.0
2014-08-09,No,No,73.9
2014-08-10,No,No,81.0
2014-08-11,No,No,84.0
2014-08-12,No,No,87.1
2014-08-13,No,No,82.0
2014-08-14,No,No,82.9
2014-08-15,No,No,86.0
2014-08-16,No,No,89.1
2014-08-17,No,No,89.1
2014-08-18,No,No,88.0
2014-08-19,No,No,86.0
2014-08-20,No,No,90.0
2014-08-21,No,No,91.0
2014-08-22,No,No,91.9
2014-08-23,No,No,84.0
2014-08-24,No,No,81.0
2014-08-25,No,No,79.0
2014-08-26,No,No,82.0
2014-08-27,No,No,86.0
2014-08-28,No,No,91.9
2014-08-29,No,No,82.0
2014-08-30,No,No,89.1
2014-08-31,No,No,91.0
2014-09-01,No,No,93.0
2014-09-02,No,No,96.1
2014-09-03,No,No,93.0
2014-09-04,No,No,90.0
2014-09-05,No,No,91.0
2014-09-06,No,No,91.0
2014-09-07,No,No,78.1
2014-09-08,No,No,73.0
2014-09-09,No,No,75.9
2014-09-10,No,No,81.0
2014-09-11,No,No,88.0
2014-09-12,No,No,80.1
2014-09-13,No,No,80.1
2014-09-14,No,No,71.1
2014-09-15,No,No,75.0
2014-09-16,No,No,82.9
2014-09-17,No,No,79.0
2014-09-18,No,No,81.0
2014-09-19,No,No,80.1
2014-09-20,No,No,81.0
2014-09-21,No,No,87.1
2014-09-22,No,No,75.9
2014-09-23,No,No,64.0
2014-09-24,No,No,64.0
2014-09-25,No,No,68.0
2014-09-26,No,No,75.9
2014-09-27,No,No,75.9
2014-09-28,No,No,79.0
2014-09-29,No,No,73.0
2014-09-30,No,No,75.0
2014-10-01,No,No,79.0
2014-10-02,No,No,84.0
2014-10-03,No,No,84.9
2014-10-04,No,No,73.0
2014-10-05,No,No,66.0
2014-10-06,No,No,75.9
2014-10-07,No,No,80.1
2014-10-08,No,No,82.9
2014-10-09,No,No,79.0
2014-10-10,No,No,84.0
2014-10-11,No,No,86.0
2014-10-12,No,No,62.1
2014-10-13,No,No,81.0
2014-10-14,No,No,79.0
2014-10-15,No,No,75.0
2014-10-16,No,No,72.0
2014-10-17,No,No,73.9
2014-10-18,No,No,75.0
2014-10-19,No,No,64.9
2014-10-20,No,No,71.1
2014-10-21,No,No,73.9
2014-10-22,No,No,66.9
2014-10-23,No,No,70.0
2014-10-24,No,No,70.0
2014-10-25,No,No,71.1
2014-10-26,No,No,75.9
2014-10-27,No,No,75.9
2014-10-28,No,No,84.0
2014-10-29,No,No,78.1
2014-10-30,No,No,66.9
2014-10-31,No,No,62.1
2014-11-01,No,No,51.1
2014-11-02,No,No,53.1
2014-11-03,No,No,64.0
2014-11-04,No,No,66.0
2014-11-05,No,No,71.1
2014-11-06,No,No,68.0
2014-11-07,No,No,60.1
2014-11-08,No,No,60.1
2014-11-09,No,No,60.1
2014-11-10,No,No,66.0
2014-11-11,No,No,72.0
2014-11-12,No,No,75.9
2014-11-13,No,No,59.0
2014-11-14,No,No,44.1
2014-11-15,No,No,46.0
2014-11-16,No,No,48.9
2014-11-17,No,No,66.9
2014-11-18,No,No,43.0
2014-11-19,No,No,43.0
2014-11-20,No,No,59.0
2014-11-21,No,No,48.0
2014-11-22,No,No,54.0
2014-11-23,No,No,66.0
2014-11-24,No,No,72.0
2014-11-25,No,No,64.9
2014-11-26,No,No,50.0
2014-11-27,No,No,46.9
2014-11-28,No,No,45.0
2014-11-29,No,No,54.0
2014-11-30,No,No,66.0
2014-12-01,No,No,73.9
2014-12-02,No,No,55.0
2014-12-03,No,No,57.0
2014-12-04,No,No,54.0
2014-12-05,No,No,52.0
2014-12-06,No,No,55.9
2014-12-07,No,No,53.1
2014-12-08,No,No,45.0
2014-12-09,No,No,45.0
2014-12-10,No,No,50.0
2014-12-11,No,No,48.0
2014-12-12,No,No,57.0
2014-12-13,No,No,60.1
2014-12-14,No,No,57.9
2014-12-15,No,No,60.1
2014-12-16,No,No,52.0
2014-12-17,No,No,60.1
2014-12-18,No,No,51.1
2014-12-19,No,No,52.0
2014-12-20,No,No,39.0
2014-12-21,No,No,50.0
2014-12-22,No,No,41.0
2014-12-23,No,No,46.9
2014-12-24,No,No,66.0
2014-12-25,No,No,64.0
2014-12-26,No,No,57.9
2014-12-27,No,No,62.1
2014-12-28,No,No,61.0
2014-12-29,No,No,55.0
2014-12-30,No,No,41.0
2014-12-31,No,No,46.0
2015-01-01,No,No,51.1
2015-01-02,No,No,54.0
2015-01-03,No,No,51.1
2015-01-04,No,No,69.1
2015-01-05,No,No,55.9
2015-01-06,No,No,55.0
2015-01-07,No,No,39.0
2015-01-08,No,No,27.1
2015-01-09,No,No,45.0
2015-01-10,No,No,39.0
2015-01-11,No,No,48.9
2015-01-12,No,No,48.0
2015-01-13,No,No,44.1
2015-01-14,No,No,33.1
2015-01-15,No,No,41.0
2015-01-16,No,No,53.1
2015-01-17,No,No,51.1
2015-01-18,No,No,60.1
2015-01-19,No,No,63.0
2015-01-20,No,No,66.9
2015-01-21,No,No,54.0
2015-01-22,No,No,59.0
2015-01-23,No,No,41.0
2015-01-24,No,No,48.9
2015-01-25,No,No,55.0
2015-01-26,No,No,50.0
2015-01-27,No,No,44.1
2015-01-28,No,No,46.0
2015-01-29,No,No,46.9
2015-01-30,No,No,48.0
2015-01-31,No,No,48.0
2015-02-01,No,No,57.0
2015-02-02,No,No,62.1
2015-02-03,No,No,45.0
2015-02-04,No,No,54.0
2015-02-05,No,No,50.0
2015-02-06,No,No,42.1
2015-02-07,No,No,60.1
2015-02-08,No,No,72.0
2015-02-09,No,No,62.1
2015-02-10,No,No,45.0
2015-02-11,No,No,51.1
2015-02-12,No,No,54.0
2015-02-13,No,No,35.1
2015-02-14,No,No,53.1
2015-02-15,No,No,29.1
2015-02-16,No,No,27.1
2015-02-17,No,No,35.1
2015-02-18,No,No,39.9
2015-02-19,No,No,23.2
2015-02-20,No,No,26.2
2015-02-21,No,No,39.9
2015-02-22,No,No,57.0
2015-02-23,No,No,46.9
2015-02-24,No,No,30.2
2015-02-25,No,No,46.0
2015-02-26,No,No,35.1
2015-02-27,No,No,45.0
2015-02-28,No,No,37.0
2015-03-01,No,No,35.1
2015-03-02,No,No,61.0
2015-03-03,No,No,43.0
2015-03-04,No,No,75.0
2015-03-05,No,No,66.0
2015-03-06,No,No,37.0
2015-03-07,No,No,57.9
2015-03-08,No,No,71.1
2015-03-09,No,No,64.9
2015-03-10,No,No,75.0
2015-03-11,No,No,75.9
2015-03-12,No,No,66.0
2015-03-13,No,No,53.1
2015-03-14,No,No,62.1
2015-03-15,No,No,73.0
2015-03-16,No,No,80.1
2015-03-17,No,No,82.0
2015-03-18,No,No,60.1
2015-03-19,No,No,54.0
2015-03-20,No,No,51.1
2015-03-21,No,No,64.9
2015-03-22,No,No,66.0
2015-03-23,No,No,57.9
2015-03-24,No,No,66.9
2015-03-25,No,No,66.9
2015-03-26,No,No,75.0
2015-03-27,No,No,66.0
2015-03-28,No,No,46.0
2015-03-29,No,No,52.0
2015-03-30,No,No,66.0
2015-03-31,No,No,73.9
2015-04-01,No,No,66.0
2015-04-02,No,No,73.9
2015-04-03,No,No,82.9
2015-04-04,No,No,73.0
2015-04-05,No,No,68.0
2015-04-06,No,No,75.9
2015-04-07,No,No,72.0
2015-04-08,No,No,84.0
2015-04-09,No,No,78.1
2015-04-10,No,No,84.0
2015-04-11,No,No,75.0
2015-04-12,No,No,73.0
2015-04-13,No,No,80.1
2015-04-14,No,No,79.0
2015-04-15,No,No,61.0
2015-04-16,No,No,66.0
2015-04-17,No,No,78.1
2015-04-18,No,No,80.1
2015-04-19,No,No,73.0
2015-04-20,No,No,78.1
2015-04-21,No,No,70.0
2015-04-22,No,No,77.0
2015-04-23,No,No,68.0
2015-04-24,No,No,66.9
2015-04-25,No,No,57.0
2015-04-26,No,No,54.0
2015-04-27,No,No,68.0
2015-04-28,No,No,69.1
2015-04-29,No,No,70.0
2015-04-30,No,No,73.0
2015-05-01,No,No,61.0
2015-05-02,No,No,73.0
2015-05-03,No,No,79.0
2015-05-04,No,No,82.0
2015-05-05,No,No,82.0
2015-05-06,No,No,82.9
2015-05-07,No,No,82.0
2015-05-08,No,No,81.0
2015-05-09,No,No,84.9
2015-05-10,No,No,78.1
2015-05-11,No,No,87.1
2015-05-12,No,No,87.1
2015-05-13,No,No,80.1
2015-05-14,No,No,72.0
2015-05-15,No,No,77.0
2015-05-16,No,No,84.9
2015-05-17,No,No,88.0
2015-05-18,No,No,91.0
2015-05-19,No,No,90.0
2015-05-20,No,No,88.0
2015-05-21,No,No,71.1
2015-05-22,No,No,75.0
2015-05-23,No,No,80.1
2015-05-24,No,No,82.9
2015-05-25,No,No,84.0
2015-05-26,No,No,89.1
2015-05-27,No,No,87.1
2015-05-28,No,No,87.1
2015-05-29,No,No,87.1
2015-05-30,No,No,88.0
2015-05-31,No,No,89.1
2015-06-01,No,No,90.0
2015-06-02,No,No,82.0
2015-06-03,No,No,68.0
2015-06-04,No,No,68.0
2015-06-05,No,No,78.1
2015-06-06,No,No,88.0
2015-06-07,No,No,86.0
2015-06-08,No,No,89.1
2015-06-09,No,No,89.1
2015-06-10,No,No,88.0
2015-06-11,No,No,93.0
2015-06-12,No,No,90.0
2015-06-13,No,No,95.0
2015-06-14,No,No,96.1
2015-06-15,No,No,99.0
2015-06-16,No,No,100.0
2015-06-17,No,No,96.1
2015-06-18,No,No,98.1
2015-06-19,No,No,95.0
2015-06-20,No,No,96.1
2015-06-21,No,No,95.0
2015-06-22,No,No,96.1
2015-06-23,No,No,98.1
2015-06-24,No,No,95.0
2015-06-25,No,No,91.9
2015-06-26,No,No,91.9
2015-06-27,No,No,88.0
2015-06-28,No,No,84.0
2015-06-29,No,No,88.0
2015-06-30,No,No,91.9
2015-07-01,No,No,87.1
2015-07-02,No,No,87.1
2015-07-03,No,No,78.1
2015-07-04,No,No,87.1
2015-07-05,No,No,90.0
2015-07-06,No,No,89.1
2015-07-07,No,No,91.0
2015-07-08,No,No,91.0
2015-07-09,No,No,93.9
2015-07-10,No,No,93.9
2015-07-11,No,No,91.0
2015-07-12,No,No,86.0
2015-07-13,No,No,88.0
2015-07-14,No,No,88.0
2015-07-15,No,No,88.0
2015-07-16,No,No,86.0
2015-07-17,No,No,90.0
2015-07-18,No,No,93.0
2015-07-19,No,No,93.0
2015-07-20,No,No,93.0
2015-07-21,No,No,93.0
2015-07-22,No,No,88.0
2015-07-23,No,No,82.0
2015-07-24,No,No,86.0
2015-07-25,No,No,88.0
2015-07-26,No,No,89.1
2015-07-27,No,No,90.0
2015-07-28,No,No,90.0
2015-07-29,No,No,91.0
2015-07-30,No,No,93.9
2015-07-31,No,No,91.0
2015-08-01,No,No,93.0
2015-08-02,No,No,90.0
2015-08-03,No,No,95.0
2015-08-04,No,No,95.0
2015-08-05,No,No,97.0
2015-08-06,No,No,95.0
2015-08-07,No,No,75.0
2015-08-08,No,No,84.9
2015-08-09,No,No,89.1
2015-08-10,No,No,84.9
2015-08-11,No,No,87.1
2015-08-12,No,No,87.1
2015-08-13,No,No,88.0
2015-08-14,No,No,88.0
2015-08-15,No,No,91.0
2015-08-16,No,No,91.9
2015-08-17,No,No,95.0
2015-08-18,No,No,84.9
2015-08-19,No,No,89.1
2015-08-20,No,No,90.0
2015-08-21,No,No,88.0
2015-08-22,No,No,87.1
2015-08-23,No,No,87.1
2015-08-24,No,No,91.9
2015-08-25,No,No,89.1
2015-08-26,No,No,82.0
2015-08-27,No,No,84.0
2015-08-28,No,No,87.1
2015-08-29,No,No,86.0
2015-08-30,No,No,86.0
2015-08-31,No,No,77.0
2015-09-01,No,No,91.0
2015-09-02,No,No,93.9
2015-09-03,No,No,91.0
2015-09-04,No,No,91.9
2015-09-05,No,No,86.0
2015-09-06,No,No,81.0
2015-09-07,No,No,87.1
2015-09-08,No,No,89.1
2015-09-09,No,No,91.0
2015-09-10,No,No,89.1
2015-09-11,No,No,84.0
2015-09-12,No,No,78.1
2015-09-13,No,No,75.9
2015-09-14,No,No,78.1
2015-09-15,No,No,82.0
2015-09-16,No,No,81.0
2015-09-17,No,No,84.0
2015-09-18,No,No,84.0
2015-09-19,No,No,87.1
2015-09-20,No,No,86.0
2015-09-21,No,No,79.0
2015-09-22,No,No,79.0
2015-09-23,No,No,77.0
2015-09-24,No,No,75.9
2015-09-25,No,No,70.0
2015-09-26,No,No,69.1
2015-09-27,No,No,77.0
2015-09-28,No,No,80.1
2015-09-29,No,No,82.0
2015-09-30,No,No,82.9
2015-10-01,No,No,66.0
2015-10-02,No,No,60.1
2015-10-03,No,No,68.0
2015-10-04,No,No,69.1
2015-10-05,No,No,60.1
2015-10-06,No,No,73.0
2015-10-07,No,No,81.0
2015-10-08,No,No,82.9
2015-10-09,No,No,82.0
2015-10-10,No,No,66.9
2015-10-11,No,No,72.0
2015-10-12,No,No,78.1
2015-10-13,No,No,79.0
2015-10-14,No,No,77.0
2015-10-15,No,No,73.0
2015-10-16,No,No,68.0
2015-10-17,No,No,66.9
2015-10-18,No,No,57.9
2015-10-19,No,No,60.1
2015-10-20,No,No,70.0
2015-10-21,No,No,75.9
2015-10-22,No,No,79.0
2015-10-23,No,No,79.0
2015-10-24,No,No,71.1
2015-10-25,No,No,77.0
2015-10-26,No,No,64.0
2015-10-27,No,No,63.0
2015-10-28,No,No,73.0
2015-10-29,No,No,73.9
2015-10-30,No,No,68.0
2015-10-31,No,No,66.0
2015-11-01,No,No,63.0
2015-11-02,No,No,66.0
2015-11-03,No,No,64.9
2015-11-04,No,No,70.0
2015-11-05,No,No,73.9
2015-11-06,No,No,75.9
2015-11-07,No,No,72.0
2015-11-08,No,No,59.0
2015-11-09,No,No,55.0
2015-11-10,No,No,69.1
2015-11-11,No,No,68.0
2015-11-12,No,No,77.0
2015-11-13,No,No,66.0
2015-11-14,No,No,60.1
2015-11-15,No,No,64.0
2015-11-16,No,No,64.9
2015-11-17,No,No,66.9
2015-11-18,No,No,72.0
2015-11-19,No,No,73.0
2015-11-20,No,No,62.1
2015-11-21,No,No,60.1
2015-11-22,No,No,52.0
2015-11-23,No,No,46.9
2015-11-24,No,No,57.0
2015-11-25,No,No,59.0
2015-11-26,No,No,70.0
2015-11-27,No,No,71.1
2015-11-28,No,No,71.1
2015-11-29,No,No,73.9
2015-11-30,No,No,60.1
2015-12-01,No,No,53.1
2015-12-02,No,No,64.0
2015-12-03,No,No,57.9
2015-12-04,No,No,54.0
2015-12-05,No,No,55.9
2015-12-06,No,No,60.1
2015-12-07,No,No,57.9
2015-12-08,No,No,61.0
2015-12-09,No,No,64.0
2015-12-10,No,No,66.9
2015-12-11,No,No,71.1
2015-12-12,No,No,75.0
2015-12-13,No,No,73.0
2015-12-14,No,No,75.0
2015-12-15,No,No,72.0
2015-12-16,No,No,64.9
2015-12-17,No,No,59.0
2015-12-18,No,No,59.0
2015-12-19,No,No,48.0
2015-12-20,No,No,54.0
2015-12-21,No,No,57.0
2015-12-22,No,No,64.9
2015-12-23,No,No,73.0
2015-12-24,No,No,77.0
2015-12-25,No,No,73.9
2015-12-26,No,No,73.9
2015-12-27,No,No,75.9
2015-12-28,No,No,68.0
2015-12-29,No,No,73.9
2015-12-30,No,No,66.9
2015-12-31,No,No,66.0
2016-01-01,No,No,51.1
2016-01-02,No,No,52.0
2016-01-03,No,No,53.1
2016-01-04,No,No,43.0
2016-01-05,No,No,34.0
2016-01-06,No,No,45.0
2016-01-07,No,No,44.1
2016-01-08,No,No,46.9
2016-01-09,No,No,54.0
2016-01-10,No,No,63.0
2016-01-11,No,No,45.0
2016-01-12,No,No,54.0
2016-01-13,No,No,43.0
2016-01-14,No,No,60.1
2016-01-15,No,No,51.1
2016-01-16,No,No,61.0
2016-01-17,No,No,42.1
2016-01-18,No,No,35.1
2016-01-19,No,No,32.0
2016-01-20,No,No,39.0
2016-01-21,No,No,44.1
2016-01-22,No,No,32.0
2016-01-23,No,No,32.0
2016-01-24,No,No,46.9
2016-01-25,No,No,52.0
2016-01-26,No,No,61.0
2016-01-27,No,No,52.0
2016-01-28,No,No,45.0
2016-01-29,No,No,54.0
2016-01-30,No,No,55.9
2016-01-31,No,No,70.0
2016-02-01,No,No,72.0
2016-02-02,No,No,60.1
2016-02-03,No,No,72.0
2016-02-04,No,No,63.0
2016-02-05,No,No,46.9
2016-02-06,No,No,48.0
2016-02-07,No,No,44.1
2016-02-08,No,No,55.9
2016-02-09,No,No,44.1
2016-02-10,No,No,39.9
2016-02-11,No,No,41.0
2016-02-12,No,No,32.0
2016-02-13,No,No,34.0
2016-02-14,No,No,32.0
2016-02-15,No,No,35.1
2016-02-16,No,No,60.1
2016-02-17,No,No,57.0
2016-02-18,No,No,51.1
2016-02-19,No,No,53.1
2016-02-20,No,No,66.0
2016-02-21,No,No,71.1
2016-02-22,No,No,57.0
2016-02-23,No,No,46.0
2016-02-24,No,No,73.0
2016-02-25,No,No,55.0
2016-02-26,No,No,50.0
2016-02-27,No,No,52.0
2016-02-28,No,No,66.9
2016-02-29,No,No,73.0
2016-03-01,No,No,73.9
2016-03-02,No,No,64.0
2016-03-03,No,No,48.9
2016-03-04,No,No,52.0
2016-03-05,No,No,55.0
2016-03-06,No,No,57.9
2016-03-07,No,No,68.0
2016-03-08,No,No,78.1
2016-03-09,No,No,78.1
2016-03-10,No,No,79.0
2016-03-11,No,No,80.1
2016-03-12,No,No,78.1
2016-03-13,No,No,77.0
2016-03-14,No,No,80.1
2016-03-15,No,No,78.1
2016-03-16,No,No,86.0
2016-03-17,No,No,77.0
2016-03-18,No,No,72.0
2016-03-19,No,No,60.1
2016-03-20,No,No,43.0
2016-03-21,No,No,57.0
2016-03-22,No,No,66.0
2016-03-23,No,No,77.0
2016-03-24,No,No,78.1
2016-03-25,No,No,75.9
2016-03-26,No,No,64.9
2016-03-27,No,No,59.0
2016-03-28,No,No,75.0
2016-03-29,No,No,66.9
2016-03-30,No,No,69.1
2016-03-31,No,No,77.0
2016-04-01,No,No,78.1
2016-04-02,No,No,71.1
2016-04-03,No,No,62.1
2016-04-04,No,No,75.9
2016-04-05,No,No,62.1
2016-04-06,No,No,63.0
2016-04-07,No,No,69.1
2016-04-08,No,No,63.0
2016-04-09,No,No,52.0
2016-04-10,No,No,60.1
2016-04-11,No,No,75.9
2016-04-12,No,No,64.0
2016-04-13,No,No,64.0
2016-04-14,No,No,66.0
2016-04-15,No,No,66.9
2016-04-16,No,No,70.0
2016-04-17,No,No,72.0
2016-04-18,No,No,84.0
2016-04-19,No,No,88.0
2016-04-20,No,No,75.0
2016-04-21,No,No,81.0
2016-04-22,No,No,72.0
2016-04-23,No,No,77.0
2016-04-24,No,No,73.9
2016-04-25,No,No,81.0
2016-04-26,No,No,84.0
2016-04-27,No,No,87.1
2016-04-28,No,No,84.9
2016-04-29,No,No,78.1
2016-04-30,No,No,64.9
2016-05-01,No,No,77.0
2016-05-02,No,No,87.1
2016-05-03,No,No,79.0
2016-05-04,No,No,73.9
2016-05-05,No,No,61.0
2016-05-06,No,No,66.9
2016-05-07,No,No,75.0
2016-05-08,No,No,82.0
2016-05-09,No,No,81.0
2016-05-10,No,No,84.0
2016-05-11,No,No,82.9
2016-05-12,No,No,81.0
2016-05-13,No,No,78.1
2016-05-14,No,No,82.0
2016-05-15,No,No,66.9
2016-05-16,No,No,73.0
2016-05-17,No,No,69.1
2016-05-18,No,No,64.0
2016-05-19,No,No,62.1
2016-05-20,No,No,71.1
2016-05-21,No,No,77.0
2016-05-22,No,No,70.0
2016-05-23,No,No,68.0
2016-05-24,No,No,82.9
2016-05-25,No,No,87.1
2016-05-26,No,No,89.1
2016-05-27,No,No,88.0
2016-05-28,No,No,87.1
2016-05-29,No,No,75.9
2016-05-30,No,No,84.0
2016-05-31,No,No,84.9
2016-06-01,No,No,86.0
2016-06-02,No,No,88.0
2016-06-03,No,No,91.0
2016-06-04,No,No,91.9
2016-06-05,No,No,89.1
2016-06-06,No,No,82.0
2016-06-07,No,No,88.0
2016-06-08,No,No,81.0
2016-06-09,No,No,82.0
2016-06-10,No,No,84.9
2016-06-11,No,No,91.9
2016-06-12,No,No,93.0
2016-06-13,No,No,84.9
2016-06-14,No,No,90.0
2016-06-15,No,No,91.0
2016-06-16,No,No,91.9
2016-06-17,No,No,82.9
2016-06-18,No,No,82.0
2016-06-19,No,No,84.0
2016-06-20,No,No,88.0
2016-06-21,No,No,91.0
2016-06-22,No,No,91.9
2016-06-23,No,No,91.0
2016-06-24,No,No,88.0
2016-06-25,No,No,84.9
2016-06-26,No,No,84.9
2016-06-27,No,No,90.0
2016-06-28,No,No,78.1
2016-06-29,No,No,89.1
2016-06-30,No,No,88.0
2016-07-01,No,No,89.1
2016-07-02,No,No,88.0
2016-07-03,No,No,78.1
2016-07-04,No,No,84.9
2016-07-05,No,No,95.0
2016-07-06,No,No,91.0
2016-07-07,No,No,93.0
2016-07-08,No,No,93.9
2016-07-09,No,No,91.0
2016-07-10,No,No,88.0
2016-07-11,No,No,90.0
2016-07-12,No,No,91.0
2016-07-13,No,No,93.9
2016-07-14,No,No,95.0
2016-07-15,No,No,95.0
2016-07-16,No,No,87.1
2016-07-17,No,No,90.0
2016-07-18,No,No,93.0
2016-07-19,No,No,93.0
2016-07-20,No,No,89.1
2016-07-21,No,No,90.0
2016-07-22,No,No,93.0
2016-07-23,No,No,95.0
2016-07-24,No,No,95.0
2016-07-25,No,No,96.1
2016-07-26,No,No,97.0
2016-07-27,No,No,95.0
2016-07-28,No,No,96.1
2016-07-29,No,No,91.9
2016-07-30,No,No,95.0
2016-07-31,No,No,96.1
2016-08-01,No,No,91.0
2016-08-02,No,No,91.0
2016-08-03,No,No,88.0
2016-08-04,No,No,87.1
2016-08-05,No,No,88.0
2016-08-06,No,No,93.0
2016-08-07,No,No,86.0
2016-08-08,No,No,89.1
2016-08-09,No,No,91.0
2016-08-10,No,No,91.9
2016-08-11,No,No,91.9
2016-08-12,No,No,93.9
2016-08-13,No,No,93.9
2016-08-14,No,No,96.1
2016-08-15,No,No,96.1
2016-08-16,No,No,95.0
2016-08-17,No,No,97.0
2016-08-18,No,No,93.0
2016-08-19,No,No,91.0
2016-08-20,No,No,91.0
2016-08-21,No,No,93.9
2016-08-22,No,No,87.1
2016-08-23,No,No,89.1
2016-08-24,No,No,87.1
2016-08-25,No,No,91.9
2016-08-26,No,No,99.0
2016-08-27,No,No,98.1
2016-08-28,No,No,90.0
2016-08-29,No,No,90.0
2016-08-30,No,No,91.9
2016-08-31,No,No,95.0
2016-09-01,No,No,93.9
2016-09-02,No,No,75.0
2016-09-03,No,No,81.0
2016-09-04,No,No,82.9
2016-09-05,No,No,84.0
2016-09-06,No,No,91.0
2016-09-07,No,No,93.9
2016-09-08,No,No,96.1
2016-09-09,No,No,93.9
2016-09-10,No,No,91.9
2016-09-11,No,No,91.0
2016-09-12,No,No,88.0
2016-09-13,No,No,91.0
2016-09-14,No,No,91.0
2016-09-15,No,No,90.0
2016-09-16,No,No,82.9
2016-09-17,No,No,89.1
2016-09-18,No,No,90.0
2016-09-19,No,No,79.0
2016-09-20,No,No,75.0
2016-09-21,No,No,75.0
2016-09-22,No,No,82.9
2016-09-23,No,No,84.9
2016-09-24,No,No,91.9
2016-09-25,No,No,73.9
2016-09-26,No,No,75.9
2016-09-27,No,No,80.1
2016-09-28,No,No,86.0
2016-09-29,No,No,79.0
2016-09-30,No,No,82.9
2016-10-01,No,No,84.0
2016-10-02,No,No,79.0
2016-10-03,No,No,79.0
2016-10-04,No,No,75.9
2016-10-05,No,No,72.0
2016-10-06,No,No,72.0
2016-10-07,No,No,73.9
2016-10-08,No,No,70.0
2016-10-09,No,No,73.0
2016-10-10,No,No,68.0
2016-10-11,No,No,68.0
2016-10-12,No,No,73.0
2016-10-13,No,No,79.0
2016-10-14,No,No,70.0
2016-10-15,No,No,72.0
2016-10-16,No,No,78.1
2016-10-17,No,No,82.0
2016-10-18,No,No,84.0
2016-10-19,No,No,88.0
2016-10-20,No,No,86.0
2016-10-21,No,No,78.1
2016-10-22,No,No,64.0
2016-10-23,No,No,70.0
2016-10-24,No,No,78.1
2016-10-25,No,No,66.0
2016-10-26,No,No,68.0
2016-10-27,No,No,75.0
2016-10-28,No,No,73.9
2016-10-29,No,No,78.1
2016-10-30,No,No,84.0
2016-10-31,No,No,71.1
2016-11-01,No,No,64.0
2016-11-02,No,No,79.0
2016-11-03,No,No,82.9
2016-11-04,No,No,69.1
2016-11-05,No,No,64.9
2016-11-06,No,No,71.1
2016-11-07,No,No,64.0
2016-11-08,No,No,66.9
2016-11-09,No,No,66.9
2016-11-10,No,No,64.9
2016-11-11,No,No,70.0
2016-11-12,No,No,55.0
2016-11-13,No,No,64.0
2016-11-14,No,No,54.0
2016-11-15,No,No,64.0
2016-11-16,No,No,69.1
2016-11-17,No,No,69.1
2016-11-18,No,No,75.9
2016-11-19,No,No,77.0
2016-11-20,No,No,53.1
2016-11-21,No,No,54.0
2016-11-22,No,No,57.9
2016-11-23,No,No,62.1
2016-11-24,No,No,72.0
2016-11-25,No,No,73.9
2016-11-26,No,No,57.9
2016-11-27,No,No,55.9
2016-11-28,No,No,59.0
2016-11-29,No,No,72.0
2016-11-30,No,No,77.0
2016-12-01,No,No,68.0
2016-12-02,No,No,57.9
2016-12-03,No,No,54.0
2016-12-04,No,No,46.9
2016-12-05,No,No,59.0
2016-12-06,No,No,48.9
2016-12-07,No,No,60.1
2016-12-08,No,No,52.0
2016-12-09,No,No,41.0
2016-12-10,No,No,45.0
2016-12-11,No,No,46.0
2016-12-12,No,No,62.1
2016-12-13,No,No,55.0
2016-12-14,No,No,52.0
2016-12-15,No,No,41.0
2016-12-16,No,No,32.0
2016-12-17,No,No,48.9
2016-12-18,No,No,75.0
2016-12-19,No,No,46.9
2016-12-20,No,No,45.0
2016-12-21,No,No,59.0
2016-12-22,No,No,66.0
2016-12-23,No,No,53.1
2016-12-24,No,No,59.0
2016-12-25,No,No,60.1
2016-12-26,No,No,60.1
2016-12-27,No,No,68.0
2016-12-28,No,No,60.1
2016-12-29,No,No,63.0
2016-12-30,No,No,48.0
2016-12-31,No,No,50.0
2017-01-01,No,No,50.0
2017-01-02,No,No,51.1
2017-01-03,No,No,55.9
2017-01-04,No,No,64.0
2017-01-05,No,No,44.1
2017-01-06,No,No,43.0
2017-01-07,No,No,32.0
2017-01-08,No,No,27.1
2017-01-09,No,No,31.1
2017-01-10,No,No,48.0
2017-01-11,No,No,57.0
2017-01-12,No,No,73.0
2017-01-13,No,No,75.9
2017-01-14,No,No,55.0
2017-01-15,No,No,57.0
2017-01-16,No,No,51.1
2017-01-17,No,No,62.1
2017-01-18,No,No,70.0
2017-01-19,No,No,63.0
2017-01-20,No,No,59.0
2017-01-21,No,No,55.0
2017-01-22,No,No,55.9
2017-01-23,No,No,60.1
2017-01-24,No,No,63.0
2017-01-25,No,No,73.0
2017-01-26,No,No,70.0
2017-01-27,No,No,51.1
2017-01-28,No,No,52.0
2017-01-29,No,No,54.0
2017-01-30,No,No,46.0
2017-01-31,No,No,68.0
2017-02-01,No,No,70.0
2017-02-02,No,No,61.0
2017-02-03,No,No,48.9
2017-02-04,No,No,45.0
2017-02-05,No,No,60.1
2017-02-06,No,No,68.0
2017-02-07,No,No,75.9
2017-02-08,No,No,73.9
2017-02-09,No,No,60.1
2017-02-10,No,No,51.1
2017-02-11,No,No,73.0
2017-02-12,No,No,82.9
2017-02-13,No,No,64.0
2017-02-14,No,No,64.0
2017-02-15,No,No,55.9
2017-02-16,No,No,53.1
2017-02-17,No,No,66.0
2017-02-18,No,No,73.0
2017-02-19,No,No,73.0
2017-02-20,No,No,73.0
2017-02-21,No,No,66.0
2017-02-22,No,No,70.0
2017-02-23,No,No,77.0
2017-02-24,No,No,80.1
2017-02-25,No,No,81.0
2017-02-26,No,No,55.9
2017-02-27,No,No,66.0
2017-02-28,No,No,77.0
2017-03-01,No,No,79.0
2017-03-02,No,No,62.1
2017-03-03,No,No,54.0
2017-03-04,No,No,54.0
2017-03-05,No,No,53.1
2017-03-06,No,No,64.9
2017-03-07,No,No,73.9
2017-03-08,No,No,69.1
2017-03-09,No,No,75.0
2017-03-10,No,No,69.1
2017-03-11,No,No,50.0
2017-03-12,No,No,48.0
2017-03-13,No,No,42.1
2017-03-14,No,No,54.0
2017-03-15,No,No,39.9
2017-03-16,No,No,50.0
2017-03-17,No,No,57.9
2017-03-18,No,No,64.0
2017-03-19,No,No,57.0
2017-03-20,No,No,66.0
2017-03-21,No,No,82.0
2017-03-22,No,No,64.0
2017-03-23,No,No,55.9
2017-03-24,No,No,71.1
2017-03-25,No,No,75.9
2017-03-26,No,No,77.0
2017-03-27,No,No,79.0
2017-03-28,No,No,80.1
2017-03-29,No,No,73.0
2017-03-30,No,No,66.9
2017-03-31,No,No,79.0
2017-04-01,No,No,75.0
2017-04-02,No,No,69.1
2017-04-03,No,No,75.9
2017-04-04,No,No,82.0
2017-04-05,No,No,78.1
2017-04-06,No,No,70.0
2017-04-07,No,No,59.0
2017-04-08,No,No,66.9
2017-04-09,No,No,77.0
2017-04-10,No,No,78.1
2017-04-11,No,No,82.0
2017-04-12,No,No,82.9
2017-04-13,No,No,80.1
2017-04-14,No,No,81.0
2017-04-15,No,No,84.9
2017-04-16,No,No,82.0
2017-04-17,No,No,86.0
2017-04-18,No,No,73.9
2017-04-19,No,No,69.1
2017-04-20,No,No,84.9
2017-04-21,No,No,89.1
2017-04-22,No,No,87.1
2017-04-23,No,No,55.9
2017-04-24,No,No,60.1
2017-04-25,No,No,70.0
2017-04-26,No,No,81.0
2017-04-27,No,No,82.0
2017-04-28,No,No,88.0
2017-04-29,No,No,89.1
2017-04-30,No,No,86.0
2017-05-01,No,No,84.9
2017-05-02,No,No,77.0
2017-05-03,No,No,79.0
2017-05-04,No,No,80.1
2017-05-05,No,No,78.1
2017-05-06,No,No,66.9
2017-05-07,No,No,69.1
2017-05-08,No,No,71.1
2017-05-09,No,No,64.0
2017-05-10,No,No,82.9
2017-05-11,No,No,84.0
2017-05-12,No,No,61.0
2017-05-13,No,No,66.0
2017-05-14,No,No,81.0
2017-05-15,No,No,84.9
2017-05-16,No,No,87.1
2017-05-17,No,No,89.1
2017-05-18,No,No,86.0
2017-05-19,No,No,89.1
2017-05-20,No,No,90.0
2017-05-21,No,No,75.9
2017-05-22,No,No,80.1
2017-05-23,No,No,71.1
2017-05-24,No,No,73.9
2017-05-25,No,No,75.9
2017-05-26,No,No,81.0
2017-05-27,No,No,88.0
2017-05-28,No,No,86.0
2017-05-29,No,No,87.1
2017-05-30,No,No,82.0
2017-05-31,No,No,86.0
2017-06-01,No,No,84.9
2017-06-02,No,No,84.9
2017-06-03,No,No,88.0
2017-06-04,No,No,90.0
2017-06-05,No,No,84.9
2017-06-06,No,No,82.9
2017-06-07,No,No,77.0
2017-06-08,No,No,73.0
2017-06-09,No,No,82.9
2017-06-10,No,No,89.1
2017-06-11,No,No,90.0
2017-06-12,No,No,89.1
2017-06-13,No,No,89.1
2017-06-14,No,No,93.0
2017-06-15,No,No,91.0
2017-06-16,No,No,89.1
2017-06-17,No,No,86.0
2017-06-18,No,No,91.0
2017-06-19,No,No,91.9
2017-06-20,No,No,82.0
2017-06-21,No,No,84.9
2017-06-22,No,No,84.0
2017-06-23,No,No,91.0
2017-06-24,No,No,91.0
2017-06-25,No,No,84.0
2017-06-26,No,No,84.9
2017-06-27,No,No,82.9
2017-06-28,No,No,82.9
2017-06-29,No,No,87.1
2017-06-30,No,No,87.1
2017-07-01,No,No,90.0
2017-07-02,No,No,91.9
2017-07-03,No,No,93.0
2017-07-04,No,No,91.9
2017-07-05,No,No,89.1
2017-07-06,No,No,93.0
2017-07-07,No,No,91.0
2017-07-08,No,No,95.0
2017-07-09,No,No,88.0
2017-07-10,No,No,90.0
2017-07-11,No,No,95.0
2017-07-12,No,No,93.9
2017-07-13,No,No,97.0
2017-07-14,No,No,97.0
2017-07-15,No,No,93.9
2017-07-16,No,No,91.0
2017-07-17,No,No,90.0
2017-07-18,No,No,89.1
2017-07-19,No,No,93.9
2017-07-20,No,No,99.0
2017-07-21,No,No,98.1
2017-07-22,No,No,100.9
2017-07-23,No,No,102.0
2017-07-24,No,No,93.0
2017-07-25,No,No,91.0
2017-07-26,No,No,90.0
2017-07-27,No,No,93.9
2017-07-28,No,No,93.9
2017-07-29,No,No,82.0
2017-07-30,No,No,84.9
2017-07-31,No,No,87.1
2017-08-01,No,No,88.0
2017-08-02,No,No,91.0
2017-08-03,No,No,93.9
2017-08-04,No,No,91.9
2017-08-05,No,No,91.9
2017-08-06,No,No,90.0
2017-08-07,No,No,91.9
2017-08-08,No,No,78.1
2017-08-09,No,No,84.0
2017-08-10,No,No,88.0
2017-08-11,No,No,89.1
2017-08-12,No,No,91.9
2017-08-13,No,No,81.0
2017-08-14,No,No,88.0
2017-08-15,No,No,91.0
2017-08-16,No,No,91.9
2017-08-17,No,No,93.9
2017-08-18,No,No,98.1
2017-08-19,No,No,91.9
2017-08-20,No,No,95.0
2017-08-21,No,No,93.0
2017-08-22,No,No,96.1
2017-08-23,No,No,95.0
2017-08-24,No,No,84.0
2017-08-25,No,No,84.9
2017-08-26,No,No,82.9
2017-08-27,No,No,81.0
2017-08-28,No,No,78.1
2017-08-29,No,No,71.1
2017-08-30,No,No,84.0
2017-08-31,No,No,87.1
2017-09-01,No,No,78.1
2017-09-02,No,No,82.9
2017-09-03,No,No,82.9
2017-09-04,No,No,87.1
2017-09-05,No,No,90.0
2017-09-06,No,No,82.0
2017-09-07,No,No,75.9
2017-09-08,No,No,77.0
2017-09-09,No,No,75.9
2017-09-10,No,No,71.1
2017-09-11,No,No,66.9
2017-09-12,No,No,79.0
2017-09-13,No,No,84.0
2017-09-14,No,No,82.9
2017-09-15,No,No,84.9
2017-09-16,No,No,84.9
2017-09-17,No,No,84.9
2017-09-18,No,No,82.9
2017-09-19,No,No,84.9
2017-09-20,No,No,91.0
2017-09-21,No,No,88.0
2017-09-22,No,No,89.1
2017-09-23,No,No,87.1
2017-09-24,No,No,87.1
2017-09-25,No,No,82.9
2017-09-26,No,No,84.9
2017-09-27,No,No,91.0
2017-09-28,No,No,93.9
2017-09-29,No,No,72.0
2017-09-30,No,No,77.0
2017-10-01,No,No,71.1
2017-10-02,No,No,75.9
2017-10-03,No,No,77.0
2017-10-04,No,No,82.0
2017-10-05,No,No,84.9
2017-10-06,No,No,86.0
2017-10-07,No,No,86.0
2017-10-08,No,No,84.0
2017-10-09,No,No,91.9
2017-10-10,No,No,90.0
2017-10-11,No,No,89.1
2017-10-12,No,No,77.0
2017-10-13,No,No,71.1
2017-10-14,No,No,78.1
2017-10-15,No,No,82.9
2017-10-16,No,No,69.1
2017-10-17,No,No,64.0
2017-10-18,No,No,68.0
2017-10-19,No,No,75.9
2017-10-20,No,No,77.0
2017-10-21,No,No,79.0
2017-10-22,No,No,79.0
2017-10-23,No,No,75.9
2017-10-24,No,No,72.0
2017-10-25,No,No,66.0
2017-10-26,No,No,63.0
2017-10-27,No,No,73.0
2017-10-28,No,No,73.9
2017-10-29,No,No,68.0
2017-10-30,No,No,59.0
2017-10-31,No,No,69.1
2017-11-01,No,No,73.0
2017-11-02,No,No,78.1
2017-11-03,No,No,81.0
2017-11-04,No,No,64.0
2017-11-05,No,No,70.0
2017-11-06,No,No,75.9
2017-11-07,No,No,63.0
2017-11-08,No,No,45.0
2017-11-09,No,No,50.0
2017-11-10,No,No,57.9
2017-11-11,No,No,46.0
2017-11-12,No,No,48.9
2017-11-13,No,No,60.1
2017-11-14,No,No,52.0
2017-11-15,No,No,54.0
2017-11-16,No,No,66.9
2017-11-17,No,No,57.0
2017-11-18,No,No,66.9
2017-11-19,No,No,64.0
2017-11-20,No,No,57.0
2017-11-21,No,No,64.0
2017-11-22,No,No,62.1
2017-11-23,No,No,50.0
2017-11-24,No,No,57.0
2017-11-25,No,No,66.9
2017-11-26,No,No,62.1
2017-11-27,No,No,61.0
2017-11-28,No,No,64.9
2017-11-29,No,No,70.0
2017-11-30,No,No,69.1
2017-12-01,No,No,63.0
2017-12-02,No,No,51.1
2017-12-03,No,No,64.0
2017-12-04,No,No,61.0
2017-12-05,No,No,69.1
2017-12-06,No,No,57.0
2017-12-07,No,No,48.9
2017-12-08,No,No,43.0
2017-12-09,No,No,34.0
2017-12-10,No,No,43.0
2017-12-11,No,No,55.0
2017-12-12,No,No,53.1
2017-12-13,No,No,43.0
2017-12-14,No,No,57.0
2017-12-15,No,No,43.0
2017-12-16,No,No,50.0
2017-12-17,No,No,51.1
2017-12-18,No,No,61.0
2017-12-19,No,No,70.0
2017-12-20,No,No,55.9
2017-12-21,No,No,53.1
2017-12-22,No,No,61.0
2017-12-23,No,No,71.1
2017-12-24,No,No,61.0
2017-12-25,No,No,46.9
2017-12-26,No,No,43.0
2017-12-27,No,No,45.0
2017-12-28,No,No,30.2
2017-12-29,No,No,42.1
2017-12-30,No,No,52.0
2017-12-31,No,No,35.1
2018-01-01,No,No,28.2
2018-01-02,No,No,32.0
2018-01-03,No,No,32.0
2018-01-04,No,No,30.2
2018-01-05,No,No,31.1
2018-01-06,No,No,27.1
2018-01-07,No,No,30.2
2018-01-08,No,No,46.9
2018-01-09,No,No,63.0
2018-01-10,No,No,61.0
2018-01-11,No,No,64.0
2018-01-12,No,No,71.1
2018-01-13,No,No,55.9
2018-01-14,No,No,33.1
2018-01-15,No,No,39.0
2018-01-16,No,No,46.9
2018-01-17,No,No,37.9
2018-01-18,No,No,34.0
2018-01-19,No,No,48.9
2018-01-20,No,No,55.9
2018-01-21,No,No,68.0
2018-01-22,No,No,62.1
2018-01-23,No,No,70.0
2018-01-24,No,No,54.0
2018-01-25,No,No,48.9
2018-01-26,No,No,57.0
2018-01-27,No,No,66.9
2018-01-28,No,No,60.1
2018-01-29,No,No,52.0
2018-01-30,No,No,39.9
2018-01-31,No,No,46.9
2018-02-01,No,No,62.1
2018-02-02,No,No,57.0
2018-02-03,No,No,42.1
2018-02-04,No,No,55.9
2018-02-05,No,No,48.0
2018-02-06,No,No,59.0
2018-02-07,No,No,64.9
2018-02-08,No,No,50.0
2018-02-09,No,No,57.9
2018-02-10,No,No,64.9
2018-02-11,No,No,72.0
2018-02-12,No,No,64.9
2018-02-13,No,No,44.1
2018-02-14,No,No,57.9
2018-02-15,No,No,75.0
2018-02-16,No,No,81.0
2018-02-17,No,No,55.9
2018-02-18,No,No,61.0
2018-02-19,No,No,50.0
2018-02-20,No,No,72.0
2018-02-21,No,No,77.0
2018-02-22,No,No,78.1
2018-02-23,No,No,70.0
2018-02-24,No,No,78.1
2018-02-25,No,No,73.0
2018-02-26,No,No,63.0
2018-02-27,No,No,61.0
2018-02-28,No,No,57.0
2018-03-01,No,No,57.0
2018-03-02,No,No,55.0
2018-03-03,No,No,57.0
2018-03-04,No,No,55.9
2018-03-05,No,No,54.0
2018-03-06,No,No,42.1
2018-03-07,No,No,54.0
2018-03-08,No,No,46.9
2018-03-09,No,No,52.0
2018-03-10,No,No,55.9
2018-03-11,No,No,48.9
2018-03-12,No,No,37.9
2018-03-13,No,No,48.0
2018-03-14,No,No,44.1
2018-03-15,No,No,64.9
2018-03-16,No,No,68.0
2018-03-17,No,No,71.1
2018-03-18,No,No,60.1
2018-03-19,No,No,64.9
2018-03-20,No,No,57.0
2018-03-21,No,No,42.1
2018-03-22,No,No,53.1
2018-03-23,No,No,55.9
2018-03-24,No,No,50.0
2018-03-25,No,No,54.0
2018-03-26,No,No,53.1
2018-03-27,No,No,48.9
2018-03-28,No,No,75.9
2018-03-29,No,No,80.1
2018-03-30,No,No,71.1
2018-03-31,No,No,64.0
2018-04-01,No,No,75.0
2018-04-02,No,No,81.0
2018-04-03,No,No,75.0
2018-04-04,No,No,77.0
2018-04-05,No,No,61.0
2018-04-06,No,No,73.0
2018-04-07,No,No,62.1
2018-04-08,No,No,52.0
2018-04-09,No,No,57.0
2018-04-10,No,No,62.1
2018-04-11,No,No,62.1
2018-04-12,No,No,75.0
2018-04-13,No,No,80.1
2018-04-14,No,No,81.0
2018-04-15,No,No,82.0
2018-04-16,No,No,64.0
2018-04-17,No,No,62.1
2018-04-18,No,No,82.0
2018-04-19,No,No,75.9
2018-04-20,No,No,64.9
2018-04-21,No,No,68.0
2018-04-22,No,No,70.0
2018-04-23,No,No,66.0
2018-04-24,No,No,64.9
2018-04-25,No,No,68.0
2018-04-26,No,No,75.0
2018-04-27,No,No,73.0
2018-04-28,No,No,78.1
2018-04-29,No,No,66.0
2018-04-30,No,No,72.0
2018-05-01,No,No,82.9
2018-05-02,No,No,84.9
2018-05-03,No,No,84.9
2018-05-04,No,No,84.9
2018-05-05,No,No,82.0
2018-05-06,No,No,84.9
2018-05-07,No,No,73.9
2018-05-08,No,No,77.0
2018-05-09,No,No,79.0
2018-05-10,No,No,87.1
2018-05-11,No,No,89.1
2018-05-12,No,No,91.9
2018-05-13,No,No,93.0
2018-05-14,No,No,93.0
2018-05-15,No,No,88.0
2018-05-16,No,No,84.9
2018-05-17,No,No,77.0
2018-05-18,No,No,82.0
2018-05-19,No,No,75.0
2018-05-20,No,No,86.0
2018-05-21,No,No,86.0
2018-05-22,No,No,84.9
2018-05-23,No,No,87.1
2018-05-24,No,No,84.0
2018-05-25,No,No,86.0
2018-05-26,No,No,87.1
2018-05-27,No,No,87.1
2018-05-28,No,No,75.9
2018-05-29,No,No,82.0
2018-05-30,No,No,84.9
2018-05-31,No,No,88.0
2018-06-01,No,No,91.9
2018-06-02,No,No,87.1
2018-06-03,No,No,88.0
2018-06-04,No,No,84.9
2018-06-05,No,No,82.0
2018-06-06,No,No,84.9
2018-06-07,No,No,84.9
2018-06-08,No,No,89.1
2018-06-09,No,No,89.1
2018-06-10,No,No,91.0
2018-06-11,No,No,84.9
2018-06-12,No,No,70.0
2018-06-13,No,No,84.9
2018-06-14,No,No,91.0
2018-06-15,No,No,86.0
2018-06-16,No,No,90.0
2018-06-17,No,No,93.0
2018-06-18,No,No,93.9
2018-06-19,No,No,96.1
2018-06-20,No,No,93.9
2018-06-21,No,No,91.9
2018-06-22,No,No,95.0
2018-06-23,No,No,91.9
2018-06-24,No,No,96.1
2018-06-25,No,No,88.0
2018-06-26,No,No,73.9
2018-06-27,No,No,86.0
2018-06-28,No,No,90.0
2018-06-29,No,No,91.9
2018-06-30,No,No,93.9
2018-07-01,No,No,95.0
2018-07-02,No,No,95.0
2018-07-03,No,No,95.0
2018-07-04,No,No,93.0
2018-07-05,No,No,95.0
2018-07-06,No,No,93.0
2018-07-07,No,No,79.0
2018-07-08,No,No,82.0
2018-07-09,No,No,87.1
2018-07-10,No,No,91.0
2018-07-11,No,No,96.1
2018-07-12,No,No,87.1
2018-07-13,No,No,88.0
2018-07-14,No,No,89.1
2018-07-15,No,No,95.0
2018-07-16,No,No,95.0
2018-07-17,No,No,98.1
2018-07-18,No,No,89.1
2018-07-19,No,No,90.0
2018-07-20,No,No,86.0
2018-07-21,No,No,88.0
2018-07-22,No,No,89.1
2018-07-23,No,No,88.0
2018-07-24,No,No,86.0
2018-07-25,No,No,82.0
2018-07-26,No,No,91.9
2018-07-27,No,No,95.0
2018-07-28,No,No,91.0
2018-07-29,No,No,88.0
2018-07-30,No,No,86.0
2018-07-31,No,No,87.1
2018-08-01,No,No,90.0
2018-08-02,No,No,89.1
2018-08-03,No,No,77.0
2018-08-04,No,No,89.1
2018-08-05,No,No,93.0
2018-08-06,No,No,91.9
2018-08-07,No,No,93.0
2018-08-08,No,No,93.9
2018-08-09,No,No,90.0
2018-08-10,No,No,91.0
2018-08-11,No,No,91.0
2018-08-12,No,No,89.1
2018-08-13,No,No,84.9
2018-08-14,No,No,86.0
2018-08-15,No,No,90.0
2018-08-16,No,No,91.9
2018-08-17,No,No,91.0
2018-08-18,No,No,88.0
2018-08-19,No,No,88.0
2018-08-20,No,No,87.1
2018-08-21,No,No,87.1
2018-08-22,No,No,88.0
2018-08-23,No,No,80.1
2018-08-24,No,No,82.0
2018-08-25,No,No,82.9
2018-08-26,No,No,88.0
2018-08-27,No,No,93.0
2018-08-28,No,No,93.9
2018-08-29,No,No,93.9
2018-08-30,No,No,95.0
2018-08-31,No,No,91.9
2018-09-01,No,No,93.0
2018-09-02,No,No,90.0
2018-09-03,No,No,91.0
2018-09-04,No,No,91.9
2018-09-05,No,No,91.0
2018-09-06,No,No,91.9
2018-09-07,No,No,91.9
2018-09-08,No,No,91.0
2018-09-09,No,No,80.1
2018-09-10,No,No,88.0
2018-09-11,No,No,88.0
2018-09-12,No,No,88.0
2018-09-13,No,No,81.0
2018-09-14,No,No,79.0
2018-09-15,No,No,77.0
2018-09-16,No,No,75.9
2018-09-17,No,No,88.0
2018-09-18,No,No,84.9
2018-09-19,No,No,88.0
2018-09-20,No,No,87.1
2018-09-21,No,No,82.9
2018-09-22,No,No,88.0
2018-09-23,No,No,75.9
2018-09-24,No,No,73.9
2018-09-25,No,No,84.9
2018-09-26,No,No,87.1
2018-09-27,No,No,79.0
2018-09-28,No,No,79.0
2018-09-29,No,No,82.0
2018-09-30,No,No,81.0
2018-10-01,No,No,82.0
2018-10-02,No,No,82.9
2018-10-03,No,No,86.0
2018-10-04,No,No,89.1
2018-10-05,No,No,90.0
2018-10-06,No,No,82.0
2018-10-07,No,No,87.1
2018-10-08,No,No,84.9
2018-10-09,No,No,80.1
2018-10-10,No,No,81.0
2018-10-11,No,No,79.0
2018-10-12,No,No,71.1
2018-10-13,No,No,70.0
2018-10-14,No,No,64.9
2018-10-15,No,No,80.1
2018-10-16,No,No,75.0
2018-10-17,No,No,71.1
2018-10-18,No,No,62.1
2018-10-19,No,No,69.1
2018-10-20,No,No,66.9
2018-10-21,No,No,57.9
2018-10-22,No,No,62.1
2018-10-23,No,No,66.0
2018-10-24,No,No,61.0
2018-10-25,No,No,55.0
2018-10-26,No,No,52.0
2018-10-27,No,No,55.0
2018-10-28,No,No,64.0
2018-10-29,No,No,64.9
2018-10-30,No,No,64.9
2018-10-31,No,No,72.0
2018-11-01,No,No,75.0
2018-11-02,No,No,70.0
2018-11-03,No,No,61.0
2018-11-04,No,No,64.9
2018-11-05,No,No,62.1
2018-11-06,No,No,73.9
2018-11-07,No,No,73.0
2018-11-08,No,No,64.9
2018-11-09,No,No,53.1
2018-11-10,No,No,52.0
2018-11-11,No,No,51.1
2018-11-12,No,No,48.0
2018-11-13,No,No,51.1
2018-11-14,No,No,48.0
2018-11-15,No,No,43.0
2018-11-16,No,No,54.0
2018-11-17,No,No,59.0
2018-11-18,No,No,59.0
2018-11-19,No,No,64.9
2018-11-20,No,No,64.0
2018-11-21,No,No,57.0
2018-11-22,No,No,50.0
2018-11-23,No,No,45.0
2018-11-24,No,No,45.0
